Substrate Name,Substrate SMILES,Protein Sequence,Kcat value (1/s),accession
Cellotriose,OC[C@H]1O[C@@H](O[C@H]2[C@H](O)[C@@H](O)[C@@H](O[C@@H]3O[C@H](CO)[C@@H](O)[C@H](O)[C@H]3O)O[C@@H]2CO)[C@H](O)[C@@H](O)[C@@H]1O,MNKSVAPLLLAASILYGGAAAQQTVWGQCGGIGWSGPTNCAPGSACSTLNPYYAQCIPGATTITTSTRPPSGPTTTTRATSTSSSTPPTSSGVRFAGVNIAGFDFGCTTDGTCVTSKVYPPLKNFTGSNNYPDGIGQMQHFVNDDGMTIFRLPVGWQYLVNNNLGGNLDSTSISKYDQLVQGCLSLGAYCIVDIHNYARWNGGIIGQGGPTNAQFTSLWSQLASKYASQSRVWFGIMNEPHDVNINTWAATVQEVVTAIRNAGATSQFISLPGNDWQSAGAFISDGSAAALSQVTNPDGSTTNLIFDVHKYLDSDNSGTHAECTTNNIDGAFSPLATWLRQNNRQAILTETGGGNVQSCIQDMCQQIQYLNQNSDVYLGYVGWGAGSFDSTYVLTETPTGSGNSWTDTSLVSSCLARK,84.113,A0A024SH20
Cellotriose,OC[C@H]1O[C@@H](O[C@H]2[C@H](O)[C@@H](O)[C@@H](O[C@@H]3O[C@H](CO)[C@@H](O)[C@H](O)[C@H]3O)O[C@@H]2CO)[C@H](O)[C@@H](O)[C@@H]1O,MAPSVTLPLTTAILAIARLVAAQQPGTSTPEVHPKLTTYKCTKSGGCVAQDTSVVLDWNYRWMHDANYNSCTVNGGVNTTLCPDEATCGKNCFIEGVDYAASGVTTSGSSLTMNQYMPSSSGGYSSVSPRLYLLDSDGEYVMLKLNGQELSFDVDLSALPCGENGSLYLSQMDENGGANQYNTAGANYGSGYCDAQCPVQTWRNGTLNTSHQGFCCNEMDILEGNSRANALTPHSCTATACDSAGCGFNPYGSGYKSYYGPGDTVDTSKTFTIITQFNTDNGSPSGNLVSITRKYQQNGVDIPSAQPGGDTISSCPSASAYGGLATMGKALSSGMVLVFSIWNDNSQYMNWLDSGNAGPCSSTEGNPSNILANNPNTHVVFSNIRWGDIGSTTNSTAPPPPPASSTTFSTTRRSSTTSSSPSCTQTHWGQCGGIGYSGCKTCTSGTTCQYSNDYYSQCL,277.9488,A0A024SNB7
Cellotriose,OC[C@H]1O[C@@H](O[C@H]2[C@H](O)[C@@H](O)[C@@H](O[C@@H]3O[C@H](CO)[C@@H](O)[C@H](O)[C@H]3O)O[C@@H]2CO)[C@H](O)[C@@H](O)[C@@H]1O,MNKWHINKWYFFVGMLVIFAVIISLILKDTSLTFSSYDREKFPHLIGNSMVKKPSLAGRLKIIEIDGRKTLGDQHGNPIQLRGMSTHGLQWFPQIINNNAFSALSKDWEANVIRLAMYVGEGGYSTDPSVKEKVIEGINLAIKNDMYVIVDWHILNPGDPNAKIYSGAKEFFKEIASKYPNDLHIIYELANEPNPTESDITNDIAGWEKVKKYAEPIIKMLRDMGNENIIIVGNPEWSTRPDLAVNDPIDDKNVMYSAHFYTGSASVWENGNKGHIARNIEKALENGLTVFVTEWGTSEASGDGGPYLNEADEWLEFLNSNNISWVNWSLANKNEASAAFLPTTSLDPGNGKVWAVNQLSLSGEYVRARIKGIPYKPISRETMGK,3.5207,A0A0U4EBH5
Cellotriose,OC[C@H]1O[C@@H](O[C@H]2[C@H](O)[C@@H](O)[C@@H](O[C@@H]3O[C@H](CO)[C@@H](O)[C@H](O)[C@H]3O)O[C@@H]2CO)[C@H](O)[C@@H](O)[C@@H]1O,MKRILFTAGGCLFYLLLAVKAYAYDCSATPAYQDGVNYQSGDLVSNTGAAYRCNVAGWCSTGGAYAPGTGWAWTEAWDELGSCDGGAGSSGSSSSSSSSSSSSSGSSSSSSGSGSSSGGTSCDGIEAWQVASIYTEGNVVQQNGERYIANWWNQGQSPEDNSGAYEVWSAAGSCSGAGSSSSSSGGTSSSGSSSSGVSSSGGSSGGDSPIARHGKLHVCGNGLCNADNVPVQLRGMSTHGLQWYGWGNCITGNSLDTLAEDWNADILRVSLYVQEGGYETDPAGYTAQVSHIIDEVTARGMYVLVDWHQLDPGDPNANLDNARQFFTDIAQAHGDKTNIIYDVANEPNNVSWDAIQRYAMEVIPVIRQYAPDAVVLVGTHGWASLGISDGGSAQDIFNNPVTIDNIMYTFHFYAASHGQVYRDELRSALERGMPVFVTEWGSQTYTGDDGNDFVSTQAYLDLLDQYQISWTNWNYSDDFRTGAVWNTGTCSADSWGVGNLKEAGAWVRDKIRNR,1.3621,A0A8A1G1R1
Cellotriose,OC[C@H]1O[C@@H](O[C@H]2[C@H](O)[C@@H](O)[C@@H](O[C@@H]3O[C@H](CO)[C@@H](O)[C@H](O)[C@H]3O)O[C@@H]2CO)[C@H](O)[C@@H](O)[C@@H]1O,MKVFVVLAAIVAIANGLTSGSGVTTRYWDCCKPSCSWGGKASVTKPVRTCKANGNTTIDSNTQSGCNGGSSYVCNDQQPFTQGNVGYGFAAASISGQPESQTCCACYEMTFTNTAISGQKMIVQVTNTGSDLNGNHFDLMIPGGGVGIFNGCQSQWGAPSNGWGQRYGGISSQSECNQLPTSLRAGCNWRFGWFKNADNPSMKFTQVRCPTILTQKSQCVRTPGP,4.2555,D3GDK4
Cellotriose,OC[C@H]1O[C@@H](O[C@H]2[C@H](O)[C@@H](O)[C@@H](O[C@@H]3O[C@H](CO)[C@@H](O)[C@H](O)[C@H]3O)O[C@@H]2CO)[C@H](O)[C@@H](O)[C@@H]1O,MGQKTLQGLVAAAALAASVANAQQPGTFTPEVHPTLPTWKCTTSGGCVQQDTSVVLDWNYRWFHTEDGSKSCITSSGVDRTLCPDEATCAKNCFVEGVNYTSSGVETSGSSLTLRQFFKGSDGAINSVSPRVYLLGGDGNYVVLKLLGQELSFDVDVSSLPCGENAALYLSEMDATGGRNEYNTGGAEYGSGYCDAQCPVQNWNNGTLNTGRVGSCCNEMDILEANSKAEAFTPHPCIGNSCDKSGCGFNAYARGYHNYWAPGGTLDTSRPFTMITRFVTDDGTTSGKLARIERVYVQDGKKVPSAAPGGDVITADGCTSAQPYGGLSGMGDALGRGMVLALSIWNDASGYMNWLDAGSNGPCSDTEGNPSNILANHPDAHVVLSNIRWGDIGSTVDTGDGDNNGGGPNPSSTTTATATTTSSGPAEPTQTHYGQCGGKGWTGPTRCETPYTCKYQNDWYSQCL,141.8442,G2QCS4
Cellotriose,OC[C@H]1O[C@@H](O[C@H]2[C@H](O)[C@@H](O)[C@@H](O[C@@H]3O[C@H](CO)[C@@H](O)[C@H](O)[C@H]3O)O[C@@H]2CO)[C@H](O)[C@@H](O)[C@@H]1O,MAKFSALCSLALLGLATAQKPVGTETHEKLTTFRCTVAGGCVEKTNYIVLDSITGHRIYQPAAETLDCGARGAAPNVTACPTKEACAENCAMEGRTDYGSQGVSTDGASLRLQILHDGKKVAPRVYLLDETEAKYEMLRLTGNEFAFEVTMDKLPCGMNSALYLSEMEEDGGKSELNPGGAPWGTGYCDAQCYVTPFINGEGNIKGNGACCAEMDIWEANSRATHIAPHPCSKPGLYLCEGDECGSTGVCDKSGCAWNPNRIAQPHYYGNNDTFKVDTLKPMTVVTQFPTDASGKLAAIRRLYVQGGVVIKAETVHKAGLPEVDALTDPFCEAFGSQRYMALGATGGMGDALARGMVLVMSIWWDETGGNMQWLDGIASGSGPCNATEGAPANIPLVEPNPEVTFSNLKWGEIGSTFQGGARRL,31.9106,G4NK46
Cellotriose,OC[C@H]1O[C@@H](O[C@H]2[C@H](O)[C@@H](O)[C@@H](O[C@@H]3O[C@H](CO)[C@@H](O)[C@H](O)[C@H]3O)O[C@@H]2CO)[C@H](O)[C@@H](O)[C@@H]1O,MHPGNVWGGSLDAVDSDRIAAEEEERLRNTTEWDRGAIHSQRSELDETQQGWLLAPQDNWRKKKKKYVNLGCVSVSRTVFLWTVGSIAVLFLVVALPIIIVKSLPRHKSAPPPPDNYTLALHKALQFFDAQKSGKLPKKNKVSWRGDSGTKDGLPDVVGGLVGGYYDGGSNVKFHFPMAFSMTMLSWSLIEYSHKYKAIDEYDHMRDVLKWGTDYLLLTFNNSATRLDHIYTQVGGGLRDSESPDDIYCWQKPEDMSYDRPVLSSTSAADLGAEVSAALAAASIVFTDKPDYAKKLKKGAETLYPFFRSKSRRKRYSDGQPTAQAFYNSTSMFDEFMWAGAWLYYATGNKTYIQFATTPSVPQTAKAFANRPELMVPSWNNKLPGAMLLMTRYRLFLNPGFPYENMLNRYHNATGITMCAYLKQYNVFNRTSGGLMQLNLGKPRPLEYVAHASFLASLFADYLNSTGVPGWYCGPTFVENHVLKDFAQSQIDYILGDNPLKMSYVVGFGKKFPRRVHHRGATIPNDKKRRSCREGLKYRDTKNPNPNNITGAMVGGPNKFDEFHDLRNNYNASEPTLSGNAGLVAALVSLTSSGGQQIDKNTMFNSVPPLYSPTPPPPKAWKP,45.5544,O04478
Cellotriose,OC[C@H]1O[C@@H](O[C@H]2[C@H](O)[C@@H](O)[C@@H](O[C@@H]3O[C@H](CO)[C@@H](O)[C@H](O)[C@H]3O)O[C@@H]2CO)[C@H](O)[C@@H](O)[C@@H]1O,MTKTFKKFSIAGLALLFMATAAFAGWSTKASAADMRSLTAAQITAEMGAGWNLGNQLEATVNGTPNETSWGNPTITPELIKKVKAAGFKTIRIPVSYLNYIGSAPNYTVNASWLNRIQQVVDYAYNEGLYVVINMHGDGFHSIPGSWLHVNSSNQNVIRDKYQKVWQQVATRFSAYNERLIFESMNEVFDGNYNNPNTSYYGNLNAYNQIFVDTVRKTGGNNNARWLLVPGWNTNIDYTVGNYGFVVPTDNFRSSAIPSSQKRIMISAHYYSPWDFAGEENGNITQWGATATNPAKRSTWGQEDYLDSQFKSMYDKFVTQGYPVVMGEFGSIDKSSYDSSNNNYRAVYAKAVTATAKKYKLVPVYWDNGFNGQHGFALFNRFNNTVTQQNIINAIMQGMQ,28.8701,O08342
Cellotriose,OC[C@H]1O[C@@H](O[C@H]2[C@H](O)[C@@H](O)[C@@H](O[C@@H]3O[C@H](CO)[C@@H](O)[C@H](O)[C@H]3O)O[C@@H]2CO)[C@H](O)[C@@H](O)[C@@H]1O,MKKITTIFVVLLMTVALFSIGNTTAADNDSVVEEHGQLSISNGELVNERGEQVQLKGMSSHGLQWYGQFVNYESMKWLRDDWGINVFRAAMYTSSGGYIDDPSVKEKVKEAVEAAIDLDIYVIIDWHILSDNDPNIYKEEAKDFFDEMSELYGDYPNVIYEIANEPNGSDVTWGNQIKPYAEEVIPIIRNNDPNNIIIVGTGTWSQDVHHAADNQLADPNVMYAFHFYAGTHGQNLRDQVDYALDQGAAIFVSEWGTSAATGDGGVFLDEAQVWIDFMDERNLSWANWSLTHKDESSAALMPGANPTGGWTEAELSPSGTFVREKIRESASIPPSDPTPPSDPGEPDPTPPSDPGEYPAWDPNQIYTNEIVYHNGQLWQAKWWTQNQEPGDPYGPWEPLN,94.357,O85465
Cellotriose,OC[C@H]1O[C@@H](O[C@H]2[C@H](O)[C@@H](O)[C@@H](O[C@@H]3O[C@H](CO)[C@@H](O)[C@H](O)[C@H]3O)O[C@@H]2CO)[C@H](O)[C@@H](O)[C@@H]1O,MPLSYLDKNPVIDSKKHALRKKLFLSCAYFGLSLACLSSNAWASVEPLSVNGNKIYAGEKAKSFAGNSLFWSNNGWGGEKFYTADTVASLKKDWKSSIVRAAMGVQESGGYLQDPAGNKAKVERVVDAAIANDMYAIIGWHSHSAENNRSEAIRFFQEMARKYGNKPNVIYEIYNEPLQVSWSNTIKPYAEAVISAIRAIDPDNLIIVGTPSWSQNVDEASRDPINAKNIAYTLHFYAGTHGESLRNKARQALNNGIALFVTEWGTVNADGNGGVNQTETDAWVTFMRDNNISNANWALNDKNEGASTYYPDSKNLTESGKKVKSIIQSWPYKAGSAASATTDPSTDTTTDTTVDEPTTTDTPATADCANANVYPNWVSKDWAGGQPTHNEAGQSIVYKGNLYTANWYTASVPGSDSSWTQVGSCN,8.1118,P07103
Cellotriose,OC[C@H]1O[C@@H](O[C@H]2[C@H](O)[C@@H](O)[C@@H](O[C@@H]3O[C@H](CO)[C@@H](O)[C@H](O)[C@H]3O)O[C@@H]2CO)[C@H](O)[C@@H](O)[C@@H]1O,MAPSVTLPLTTAILAIARLVAAQQPGTSTPEVHPKLTTYKCTKSGGCVAQDTSVVLDWNYRWMHDANYNSCTVNGGVNTTLCPDEATCGKNCFIEGVDYAASGVTTSGSSLTMNQYMPSSSGGYSSVSPRLYLLDSDGEYVMLKLNGQELSFDVDLSALPCGENGSLYLSQMDENGGANQYNTAGANYGSGYCDAQCPVQTWRNGTLNTSHQGFCCNEMDILEGNSRANALTPHSCTATACDSAGCGFNPYGSGYKSYYGPGDTVDTSKTFTIITQFNTDNGSPSGNLVSITRKYQQNGVDIPSAQPGGDTISSCPSASAYGGLATMGKALSSGMVLVFSIWNDNSQYMNWLDSGNAGPCSSTEGNPSNILANNPNTHVVFSNIRWGDIGSTTNSTAPPPPPASSTTFSTTRRSSTTSSSPSCTQTHWGQCGGIGYSGCKTCTSGTTCQYSNDYYSQCL,277.9488,P07981
Cellotriose,OC[C@H]1O[C@@H](O[C@H]2[C@H](O)[C@@H](O)[C@@H](O[C@@H]3O[C@H](CO)[C@@H](O)[C@H](O)[C@H]3O)O[C@@H]2CO)[C@H](O)[C@@H](O)[C@@H]1O,MNKSVAPLLLAASILYGGAVAQQTVWGQCGGIGWSGPTNCAPGSACSTLNPYYAQCIPGATTITTSTRPPSGPTTTTRATSTSSSTPPTSSGVRFAGVNIAGFDFGCTTDGTCVTSKVYPPLKNFTGSNNYPDGIGQMQHFVNEDGMTIFRLPVGWQYLVNNNLGGNLDSTSISKYDQLVQGCLSLGAYCIVDIHNYARWNGGIIGQGGPTNAQFTSLWSQLASKYASQSRVWFGIMNEPHDVNINTWAATVQEVVTAIRNAGATSQFISLPGNDWQSAGAFISDGSAAALSQVTNPDGSTTNLIFDVHKYLDSDNSGTHAECTTNNIDGAFSPLATWLRQNNRQAILTETGGGNVQSCIQDMCQQIQYLNQNSDVYLGYVGWGAGSFDSTYVLTETPTSSGNSWTDTSLVSSCLARK,75.5583,P07982
Cellotriose,OC[C@H]1O[C@@H](O[C@H]2[C@H](O)[C@@H](O)[C@@H](O[C@@H]3O[C@H](CO)[C@@H](O)[C@H](O)[C@H]3O)O[C@@H]2CO)[C@H](O)[C@@H](O)[C@@H]1O,MSTRRTAAALLAAAAVAVGGLTALTTTAAQAAPGCRVDYAVTNQWPGGFGANVTITNLGDPVSSWKLDWTYTAGQRIQQLWNGTASTNGGQVSVTSLPWNGSIPTGGTASFGFNGSWAGSNPTPASFSLNGTTCTGTVPTTSPTPTPTPTTPTPTPTPTPTPTPTVTPQPTSGFYVDPTTQGYRAWQAASGTDKALLEKIALTPQAYWVGNWADASHAQAEVADYTGRAVAAGKTPMLVVYAIPGRDCGSHSGGGVSESEYARWVDTVAQGIKGNPIVILEPDALAQLGDCSGQGDRVGFLKYAAKSLTLKGARVYIDAGHAKWLSVDTPVNRLNQVGFEYAVGFALNTSNYQTTADSKAYGQQISQRLGGKKFVIDTSRNGNGSNGEWCNPRGRALGERPVAVNDGSGLDALLWVKLPGESDGACNGGPAAGQWWQEIALEMARNARW,17.3619,P07984
Cellotriose,OC[C@H]1O[C@@H](O[C@H]2[C@H](O)[C@@H](O)[C@@H](O[C@@H]3O[C@H](CO)[C@@H](O)[C@H](O)[C@H]3O)O[C@@H]2CO)[C@H](O)[C@@H](O)[C@@H]1O,MSMYGRDPWGGPLEICHDSATDDDRSRNLDLDRGALSRTLDETQQSWLLAGPGDQGRKKKKYVDLGCLVVSRKLFVWTVGVLLAAAVFAGLVAGIAKAIPRHHRPPPPPDDFTVALRKALMFFNAQKSGKLPKNNNVHWRGNSCMKDGLSDPAVGRSLVGGYYDAGDAVKFNFPAAFSMTLLSWSVIEYSAKYEAVGELGHIRDTIKWGADYFLKTFNSTADTIDRVVMQVGSGATSPGSTQPNDHYCWMRPEDIDYPRPVVECHACSDLAAEMAASLAAASIVFKDNKAYSQKLVHGATTLFKFARQNRGRYSAGGSDAAKFYNSTSYWDEFVWGGSWMYLATGNSSYLQLATHPKLAKHAGAYWGGPDYGVFSWDNKLTGAQVLLSRLRLFLSPGYPYEEILRTFHNQTSIIMCSYLPIFKSFNRTKGGLIQLNHGRPQPLQYVVNAAFLASLYGDYLEAADTPGWYCGPHFYPIETLRNFARTQIEYILGKNPLKMSYVVGYGNRYPKRVHHRGASIPKNGVHYGCKGGWKWRETKKPNPNIIVGAMVAGPDRHDGFKDVRKNYNYTEATLAGNAGLVAALVALSGEGHGVDKNTMFSAVPPMFPSPPPPPAPWKP,14.0328,P0C1U4
Cellotriose,OC[C@H]1O[C@@H](O[C@H]2[C@H](O)[C@@H](O)[C@@H](O[C@@H]3O[C@H](CO)[C@@H](O)[C@H](O)[C@H]3O)O[C@@H]2CO)[C@H](O)[C@@H](O)[C@@H]1O,SLTGVFPSGLIETKVSAAKITENYQFDSRIRLNSIGFIPNHSKKATIAANCSTFYVVKEDGTIVYTGTATSMFDNDTKETVYIADFSSVNEEGTYYLAVPGVGKSVNFKIAMNVYEDAFKTAMLGMYLLRCGTSVSATYNGIHYSHGPCHTNDAYLDYINGQHTKKDSTKGWHDAGDYNKYVVNAGITVGSMFLAWEHFKDQLEPVALEIPEKNNSIPDFLDELKYEIDWILTMQYPDGSGRVAHKVSTRNFGGFIMPENEHDERFFVPWSSAATADFVAMTAMAARIFRPYDPQYAEKCINAAKVSYEFLKNNPANVFANQSGFSTGEYATVSDADDRLWAAAEMWETLGDEEYLRDFENRAAQFSKKIEADFDWDNVANLGMFTYLLSERPGKNPALVQSIKDSLLSTADSIVRTSQNHGYGRTLGTTYYWGCNGTVVRQTMILQVANKISPNNDYVNAALDAISHVFGRNYYNRSYVTGLGINPPMNPHDRRSGADGIWEPWPGYLVGGGWPGPKDWVDIQDSYQTNEIAINWNAALIYALAGFVNYNSPQNEVLYGDVNDDGKVNSTDLTLLKRYVLKAVSTLPSSKAEKNADVNRDGRVNSSDVTILSRYLIRVIEKLPI,27.3419,P0C2S4
Cellotriose,OC[C@H]1O[C@@H](O[C@H]2[C@H](O)[C@@H](O)[C@@H](O[C@@H]3O[C@H](CO)[C@@H](O)[C@H](O)[C@H]3O)O[C@@H]2CO)[C@H](O)[C@@H](O)[C@@H]1O,MKKIVSLVCVLVMLVSILGSFSVVAASPVKGFQVSGTKLLDASGNELVMRGMRDISAIDLVKEIKIGWNLGNTLDAPTETAWGNPRTTKAMIEKVREMGFNAVRVPVTWDTHIGPAPDYKIDEAWLNRVEEVVNYVLDCGMYAIINVHHDNTWIIPTYANEQRSKEKLVKVWEQIATRFKDYDDHLLFETMNEPREVGSPMEWMGGTYENRDVINRFNLAVVNTIRASGGNNDKRFILVPTNAATGLDVALNDLVIPNNDSRVIVSIHAYSPYFFAMDVNGTSYWGSDYDKASLTSELDAIYNRFVKNGRAVIIGEFGTIDKNNLSSRVAHAEHYAREAVSRGIAVFWWDNGYYNPGDAETYALLNRKTLSWYYPEIVQALMRGAGVEPLVSPTPTPTLMPTPSPTVTANILYGDVNGDGKINSTDCTMLKRYILRGIEEFPSPSGIIAADVNADLKINSTDLVLMKKYLLRSIDKFPAEDSQTPDEDNPGILYNGRFDFSDPNGPKCAWSGSNVELNFYGTEASVTIKSGGENWFQAIVDGNPLPPFSVNATTSTVKLVSGLAEGAHHLVLWKRTEASLGEVQFLGFDFGSGKLLAAPKPLERKIEFIGDSITCAYGNEGTSKEQSFTPKNENSYMSYAAITARNLNASANMIAWSGIGLTMNYGGAPGPLIMDRYPYTLPYSGVRWDFSKYVPQVVVINLGTNDFSTSFADKTKFVTAYKNLISEVRRNYPDAHIFCCVGPMLWGTGLDLCRSYVTEVVNDCNRSGDLKVYFVEFPQQDGSTGYGEDWHPSIATHQLMAERLTAEIKNKLGW,26.6974,P10477
Cellotriose,OC[C@H]1O[C@@H](O[C@H]2[C@H](O)[C@@H](O)[C@@H](O[C@@H]3O[C@H](CO)[C@@H](O)[C@H](O)[C@H]3O)O[C@@H]2CO)[C@H](O)[C@@H](O)[C@@H]1O,MENPRTTPTPTPLRRRRSERRARGGRVLTALTGVTLLAGLAIAPAATGASPSPAPPASPAPSADSGTADAGTTALPSMELYRAEAGVHAWLDANPGDHRAPLIAERIGSQPQAVWFAGAYNPGTITQQVAEVTSAAAAAGQLPVVVPYMIPFRDCGNHSGGGAPSFAAYAEWSGLFAAGLGSEPVVVVLEPDAIPLIDCLDNQQRAERLAALAGLAEAVTDANPEARVYYDVGHSAWHAPAAIAPTLVEAGILEHGAGIATNISNYRTTTDETAYASAVIAELGGGLGAVVDTSRNGNGPLGSEWCDPPGRLVGNNPTVNPGVPGVDAFLWIKLPGELDGCDGPVGSFSPAKAYELAGG,7.7763,P13933
Cellotriose,OC[C@H]1O[C@@H](O[C@H]2[C@H](O)[C@@H](O)[C@@H](O[C@@H]3O[C@H](CO)[C@@H](O)[C@H](O)[C@H]3O)O[C@@H]2CO)[C@H](O)[C@@H](O)[C@@H]1O,MVSRRSSQARGALTAVVATLALALAGSGTALAASPIGEGTFDDGPEGWVAYGTDGPLDTSTGALCVAVPAGSAQYGVGVVLNGVAIEEGTTYTLRYTATASTDVTVRALVGQNGAPYGTVLDTSPALTSEPRQVTETFTASATYPATPAADDPEGQIAFQLGGFSADAWTFCLDDVALDSEVELLPHTSFAESLGPWSLYGTSEPVFADGRMCVDLPGGQGNPWDAGLVYNGVPVGEGESYVLSFTASATPDMPVRVLVGEGGGAYRTAFEQGSAPLTGEPATREYAFTSNLTFPPDGDAPGQVAFHLGKAGAYEFCISQVSLTTSATPPPGYEPDTGPRVRVNQVGYLPFGPKRATLVTDAAEPVAWELRDADGVVVADGTSEPRGVEPSAAQAVHVLDFSDVTTQGAGYTLVADGETSRPFDIDGDLYQQLRYDALNYFYLARSGTEIEADVVGEEYAREAGHVGVAPNQGDTDVPCIGPRDYYDGWTCDYRLDVSGGWYDAGDHGKYVVNGGIAVGQLLQTYERALHAGTADALADGTLDVPEHGNDVPDVLDEARWELEWMLSMIVPEGEYAGMVHHKVHDEGWTGLPLLPADDPQARSLHRPSTAATLNLSAVAAQGARLLEPYDPQLAQTLLEAARTTWAAAQEHPALYAPGEAGADGGGAYNDSQVADEFYWAAAELYLTTGEDAFATAVTTSPLHTADVFTADGFGWGSVAALGRLDLATVPNELPGLDAVQSSVVEGAQEYLAAQAGQGFGSLYSPPGGEYVWGSSSQVANNLVVVATAYDLTGDERFRAATLEGLDYLFGRNALNQSYVTGWGEVASHQQHSRWFAHQLDPSLPSPPPGSLAGGPNSQAATWDPTTKAAFPDGCAPSACYVDEIQAWSTNELTVNWNSALSWVASWVADQGSAEPVPTAPVVTRQPVDATVALGADATFTAEASGVPAPTVRWQVRAGRGWKDVAGATGTTLTVRATARTDGTRYRAVFTNAAGSVESAVVRLTVERAAPVVTQHPADVRARVGTRAVFRAAADGYPTPCVVWQVRWGGGSWRPIPWATSTTLSVPVTVLAAGTEYRAVFTNAVGTAATEPAELAVQRPRS,37.8744,P14090
Cellotriose,OC[C@H]1O[C@@H](O[C@H]2[C@H](O)[C@@H](O)[C@@H](O[C@@H]3O[C@H](CO)[C@@H](O)[C@H](O)[C@H]3O)O[C@@H]2CO)[C@H](O)[C@@H](O)[C@@H]1O,MQLKNFYPKMSVLGIATVMALTACGDENTQALFANNPVPGAENQVPVSSSDMSPTSSDAVIDPTSSSAAVVDPSTLPAEGPITMPEGLGTLVDDFEDGDNLSKIGDYWYTYNDNDNGGASIITTPLNEEENIIPGRVNNGSNYALQVNYTLDRGDYEYDPYVGWGVQVAPDEANGHFGGLTYWYKGGAHEVHIEITDVEDYDVHLAKFPASRTWKQAVVRFKDLVQGGWGKEIPFDAKHIMAISFQAKGNKSKLVTDSLFIDNIYLQDSSEVEKDQPDMEIKDPVIPVVEFTEAEITVTNPLQEKAMKYLNKGVNFTNWLENADGKFKSFELGESDVKILADNGFKSLRLPIDLDLYATNRDAFIAGTDTELKFDDDTLFLVLDSFVEWTAKYNMSFVIDYHEYDNSYNTTSAKDPNYIKMMAETWKHVAAHYAESPREDLFFELLNEPDMSDGKVTAATWTTAAQAMIDAIRTVDTKHTILFGDAQWYSITLLAKRTPFTDDNIIYVIHTYEPFAFTHQGGSWTDYATIHDIPFPYDPAKWSTVSGDFGVNKSTKSYVKTNIKNYYKTGSKEAILEQILKAKKWAATNNVPVIINEFGALNLRSTAESRLNYLTAMREICDTLQIPWTHWGYTGNFSVIENGKLIEGLDKALGVGSK,5.3822,P14250
Cellotriose,OC[C@H]1O[C@@H](O[C@H]2[C@H](O)[C@@H](O)[C@@H](O[C@@H]3O[C@H](CO)[C@@H](O)[C@H](O)[C@H]3O)O[C@@H]2CO)[C@H](O)[C@@H](O)[C@@H]1O,MKKRLLVSFLVLSIIVGLLSFQSLGNYNSGLKIGAWVGTQPSESAIKSFQELQGRKLDIVHQFINWSTDFSWVRPYADAVYNNGSILMITWEPWEYNTVDIKNGKADAYITRMAQDMKAYGKEIWLRPLHEANGDWYPWAIGYSSRVNTNETYIAAFRHIVDIFRANGATNVKWVFNVNCDNVGNGTSYLGHYPGDNYVDYTSIDGYNWGTTQSWGSQWQSFDQVFSRAYQALASINKPIIIAEFASAEIGGNKARWITEAYNSIRTSYNKVIAAVWFHENKETDWRINSSPEALAAYREAIGAGSSNPTPTPTWTSTPPSSSPKAVDPFEMVRKMGMGTNLGNTLEAPYEGSWSKSAMEYYFDDFKAAGYKNVRIPVRWDNHTMRTYPYTIDKAFLDRVEQVVDWSLSRGFVTIINSHHDDWIKEDYNGNIERFEKIWEQIAERFKNKSENLLFEIMNEPFGNITDEQIDDMNSRILKIIRKTNPTRIVIIGGGYWNSYNTLVNIKIPDDPYLIGTFHYYDPYEFTHKWRGTWGTQEDMDTVVRVFDFVKSWSDRNNIPVYFGEFAVMAYADRTSRVKWYDFISDAALERGFACSVWDNGVFGSLDNDMAIYNRDTRTFDTEILNALFNPGTYPSYSPKPSPTPRPTKPPVTPAVGEKMLDDFEGVLNWGSYSGEGAKVSTKIVSGKTGNGMEVSYTGTTDGYWGTVYSLPDGDWSKWLKISFDIKSVDGSANEIRFMIAEKSINGVGDGEHWVYSITPDSSWKTIEIPFSSFRRRLDYQPPGQDMSGTLDLDNIDSIHFMYANNKSGKFVVDNIKLIGATSDPTPSIKHGDLNFDNAVNSTDLLMLKRYILKSLELGTSEQEEKFKKAADLNRDNKVDSTDLTILKRYLLKAISEIPI,32.3347,P16218
Cellotriose,OC[C@H]1O[C@@H](O[C@H]2[C@H](O)[C@@H](O)[C@@H](O[C@@H]3O[C@H](CO)[C@@H](O)[C@H](O)[C@H]3O)O[C@@H]2CO)[C@H](O)[C@@H](O)[C@@H]1O,MKKTTAFLLCFLMIFTALLPMQNANAYDASLIPNLQIPQKNIPNNDGMNFVKGLRLGWNLGNTFDAFNGTNITNELDYETSWSGIKTTKQMIDAIKQKGFNTVRIPVSWHPHVSGSDYKISDVWMNRVQEVVNYCIDNKMYVILNTHHDVDKVKGYFPSSQYMASSKKYITSVWAQIAARFANYDEHLIFEGMNEPRLVGHANEWWPELTNSDVVDSINCINQLNQDFVNTVRATGGKNASRYLMCPGYVASPDGATNDYFRMPNDISGNNNKIIVSVHAYCPWNFAGLAMADGGTNAWNINDSKDQSEVTWFMDNIYNKYTSRGIPVIIGECGAVDKNNLKTRVEYMSYYVAQAKARGILCILWDNNNFSGTGELFGFFDRRSCQFKFPEIIDGMVKYAFEAKTDPDPVIVYGDYNNDGNVDALDFAGLKKYIMAADHAYVKNLDVNLDNEVNAFDLAILKKYLLGMVSKLPSN,8.8987,P17901
Cellotriose,OC[C@H]1O[C@@H](O[C@H]2[C@H](O)[C@@H](O)[C@@H](O[C@@H]3O[C@H](CO)[C@@H](O)[C@H](O)[C@H]3O)O[C@@H]2CO)[C@H](O)[C@@H](O)[C@@H]1O,MNLLSGWVRPLMLGCGLLGAALSAGSIQAAVCEYRVTNEWGSGFTASIRITNNGSSTINGWSVSWNYTDGSRVTSSWNAGLSGANPYSATPVGWNTSIPIGSSVEFGVQGNNGSSRAQVPAVTGAICGGQGSSAPSSVASSSSSSSVVSSTPRSSSSSVSSSVPGTSSSSSSSVLTGAQACNWYGTLTPLCNNTSNGWGYEDGRSCVARTTCSAQPAPYGIVSTSSSTPLSSSSSSRSSVASSSSLSSATSSSASSVSSVPPIDGGCNGYATRYWDCCKPHCGWSANVPSLVSPLQSCSANNTRLSDVSVGSSCDGGGGYMCWDKIPFAVSPTLAYGYAATSSGDVCGRCYQLQFTGSSYNAPGDPGSAALAGKTMIVQATNIGYDVSGGQFDILVPGGGVGAFNACSAQWGVSNAELGAQYGGFLAACKQQLGYNASLSQYKSCVLNRCDSVFGSRGLTQLQQGCTWFAEWFEAADNPSLKYKEVPCPAELTTRSGMNRSILNDIRNTCP,2.0094,P18126
Cellotriose,OC[C@H]1O[C@@H](O[C@H]2[C@H](O)[C@@H](O)[C@@H](O[C@@H]3O[C@H](CO)[C@@H](O)[C@H](O)[C@H]3O)O[C@@H]2CO)[C@H](O)[C@@H](O)[C@@H]1O,MRLKTKIRKKWLSVLCTVVFLLNILFIANVTILPKVGAATSNDGVVKIDTSTLIGTNHAHCWYRDRLDTALRGIRSWGMNSVRVVLSNGYRWTKIPASEVANIISLSRSLGFKAIILEVHDTTGYGEDGAACSLAQAVEYWKEIKSVLDGNEDFVIINIGNEPYGNNNYQNWVNDTKNAIKALRDAGFKHTIMVDAPNWGQDWSNTMRDNAQSIMEADPLRNLVFSIHMYGVYNTASKVEEYIKSFVDKGLPLVIGEFGHQHTDGDPDEEAIVRYAKQYKIGLFSWSWCGNSSYVGYLDMVNNWDPNNPTPWGQWYKTNAIGTSSTPTPTSTVTPTPTPTPTPTPTVTATPTPTPTPVSTPATSGQIKVLYANKETNSTTNTIRPWLKVVNSGSSSIDLSRVTIRYWYTVDGERAQSAISDWAQIGASNVTFKFVKLSSSVSGADYYLEIGFKSGAGQLQPGKDTGEIQMRFNKDDWSNYNQGNDWSWIQSMTSYGENEKVTAYIDGVLVWGQEPSGATPAPAPTATPTPTPTVTPTPTVTPTPTVTATPTPTPTPTPTPVSTPATGGQIKVLYANKETNSTTNTIRPWLKVVNSGSSSIDLSRVTIRYWYTVDGERAQSAISDWAQIGASNVTFKFVKLSSSVSGADYYLEIGFKSGAGQLQPGKDTGEIQIRFNKSDWSNYNQGNDWSWIQSMTSYGENEKVTAYIDGVLVWGQEPSGTTPSPTSTPTVTVTPTPTPTPTPTPTPTVTPTPTVTPTPTVTATPTPTPTPIPTVTPLPTISPSPSVVEITINTNAGRTQISPYIYGANQDIEGVVHSARRLGGNRLTGYNWENNFSNAGNDWYHSSDDYLCWSMGISGEDAKVPAAVVSKFHEYSLKNNAYSAVTLQMAGYVSKDNYGTVSENETAPSNRWAEVKFKKDAPLSLNPDLNDNFVYMDEFINYLINKYGMASSPTGIKGYILDNEPDLWASTHPRIHPNKVTCKELIEKSVELAKVIKTLDPSAEVFGYASYGFMGYYSLQDAPDWNQVKGEHRWFISWYLEQMKKASDSFGKRLLDVLDLHWYPEARGGNIRVCFDGENDTSKEVVIARMQAPRTLWDPTYKTSVKGQITAGENSWINQWFSDYLPIIPNVKADIEKYYPGTKLAISEFDYGGRNHISGGIALADVLGIFGKYGVNFAARWGDSGSYAAAAYNIYLNYDGKGSKYGNTNVSANTSDVENMPVYASINGQDDSELHIILINRNYDQKLQVKINITSTPKYTKAEIYGFDSNSPEYKKMGNIDNIESNVFTLEVPKFNGVSHSITLDFNVSIKIIQNEVIKFIRNLVFMRALV,55.9954,P22533
Cellotriose,OC[C@H]1O[C@@H](O[C@H]2[C@H](O)[C@@H](O)[C@@H](O[C@@H]3O[C@H](CO)[C@@H](O)[C@H](O)[C@H]3O)O[C@@H]2CO)[C@H](O)[C@@H](O)[C@@H]1O,MVVTFLFILGVVYGVKPWQEARAGSFNYGEALQKAIMFYEFQMSGKLPNWVRNNWRGDSALKDGQDNGLDLTGGWFDAGDHVKFNLPMSYTGTMLSWAAYEYKDAFVKSGQLEHILNQIEWVNDYFVKCHPSKYVYYYQVGDGGKDHAWWGPAEVMQMERPSFKVTQSSPGSAVVAETAASLAAASIVLKDRNPTKAATYLQHAKDLYEFAEVTKSDSGYTAANGYYNSWSGFYDELSWAAVWLYLATNDSTYLTKAESYVQNWPKISGSNIIDYKWAHCWDDVHNGAALLLAKITDKDTYKQIIESHLDYWTTGYNGERIKYTPKGLAWLDQWGSLRYATTTAFLAFVYSDWSGCPTGKKETYRKFGESQIDYALGSTGRSFVVGFGTNPPKRPHHRTAHSSWADSQSIPSYHRHTLYGALVGGPGSDDSYTDDISNYVNNEVACDYNAGFVGALAKMYLLYGGNPIPDFKAIETPTNDEFFVEAGINASGTNFIEIKAIVNNQSGWPARATNKLKFRYFVDLSELIKAGYSPNQLTLSTNYNQGAKVSGPYVWDSSRNIYYILVDFTGTLIYPGGQDKYKKEVQFRIAAPQNVQWDNSNDYSFQDIKGVSSGSVVKTKYIPLYDEDIKVWGEEPGTSGVSPTPTASVTPTPTPTPTATPTPTPTPTVTPTPTVTATPTPTPTPTSTPTVTPTPTPVSTPATSGQIKVLYANKETNSTTNTIRPWLKVVNSGSSSIDLSRVTIRYWYTVDGERAQSAISDWAQIGASNVTFKFVKLSSSVSGADYYLEIGFKSGAGQLQPGKDTGEIQIRFNKDDWSNYNQGNDWSWIQSMTSYGENEKVTAYIDGVLVWGQEPSGTTPAPTSTPTVTVTPTPTPTPTVTPTPTVTATPTPTPTPTSTPVSTPATGGQIKVLYANKETNSTTNTIRPWLKVVNSGSSSIDLSRVTIRYWYTVDGERAQSAISDWAQIGASNVTFKFVKLSSSVSGADYYLEIGFKSGAGQLQPGKDTGEIQIRFNKDDWSNYNQGNDWSWIQSMTSYGENEKVTAYIDGVLVWGQEPSGATPAPTVTPTPTVTPTPTPAPTPTATPTPTPTPTVTPTPTVAPTPTPSSTPSGLGKYGQRFMWLWNKIHDPASGYFNQDGIPYHSVETLICEAPDYGHLTTSEAFSYYVWLEAVYGKLTGDWSKFKTAWDTLEKYMIPSAEDQPMRSYDPNKPATYAGEWETPDKYPSPLEFNVPVGKDPLHNELVSTYGSTLMYGMHWLMDVDNWYGYGKRGDGVSRASFINTFQRGPEESVWETVPHPSWEEFKWGGPNGFLDLFIKDQNYSKQWRYTNAPDADARAIQATYWAKVWAKEQGKFNEISSYVGKAAKMGDYLRYAMFDKYFKPLGCQDKNAAGGTGYDSAHYLLSWYYAWGGALDGAWSWKIGCSHAHFGYQNPMAAWALANDSDMKPKSPNGASDWAKSLKRQIEFYRWLQSAEGAIAGGATNSWNGRYEKYPAGTATFYGMAYEPNPVYRDPGSNTWFGFQAWSMQRVAEYYYVTGDKDAGTLLEKWVSWIKSVVKLNSDGTFAIPSTLDWSGQPDTWNGTYTGNPNLHVKVVDYGTDLGITASLANALLYYSAGTKKYGVFDEEAKNLAKELLDRMWKLYRDEKGLSAPEKRADYKRFFEQEVYIPAGWTGKMPNGDVIKSGVKFIDIRSKYKQDPDWPKLEAAYKSGQVPEFRYHRFWAQCDIAIVNATYEILFGNQ,18.7343,P22534
Cellotriose,OC[C@H]1O[C@@H](O[C@H]2[C@H](O)[C@@H](O)[C@@H](O[C@@H]3O[C@H](CO)[C@@H](O)[C@H](O)[C@H]3O)O[C@@H]2CO)[C@H](O)[C@@H](O)[C@@H]1O,MKILKNCILLIIFGLLSTQLINADTDYCSLLENALMFYKMNRAGRLPDNDIPWRGNSALNDASPNSAKDANGDGNLSGGYFDAGDGVKFGLPMAYSMTMLGWSFIEYESNIAQCGLTSLYLDTIKYGTDWLIAAHTADNEFAGQVGDGNVDHSWWGPPEDMTMARPTYMLTTEAPGTEIAMEAASALAAASIAFKSSNPTYAATCLAHAKTLHNFGYTYRGVYSDSITNAQAFYNSWSGYKDDLVWGSIWLYKATQDSDYLTKAVADYASGGVGGMAQGNSHDWDNKAPGCCLLLSKLVPTTSTYKTDFEGWLNYWLPGGGVTYTPGGLAWIRQWGPARYAATAAFLGSLAGTEKGTDFTQKQVDYLIGNNPNQQSFVVGMGPNYPINPHHRAAHHSTTNDINNPVNNLYLLKGALVGGPGSNDEYTDDRTDYISNEVATDYNAGFVGALASLVNPSSTSVPTTTPTVTETPTETPTETPTETPTETPTETPTETPTETPTETPTETPTETPTETPTETPTETPTETPTETPTETPTETVTPTPTVTPTETPSSGESLSIYKSGLKNDFQDWSWGEHSLTDTTNVESGETNSISFTPKAYGAVFLGCFECIDTDTYNNIEFDINGGSSGAQLLRITVVKNSKSVGSKLITDLNGGTPIEANSWTKIKASFIDDFKVSGKVDGIWIQDIKGDTQSTVYISNIIATA,5.3538,P22699
Cellotriose,OC[C@H]1O[C@@H](O[C@H]2[C@H](O)[C@@H](O)[C@@H](O[C@@H]3O[C@H](CO)[C@@H](O)[C@H](O)[C@H]3O)O[C@@H]2CO)[C@H](O)[C@@H](O)[C@@H]1O,MNCRKYLLSGLAVFGLAATSAVAALSTDDYVEAAWMTTRFFGAQRSGQGPNWILDGTSNPTSFTKDSYNGKDVSGGWFDCGDHVMYGQSQGYASYVLALAYAEFTEVSTTFILVTTPTTRKPTTTPMKSGKPNKVRDLLEELRYEADFWVKAAIDGNNFVTVKGDGNADHQKWVTAGAMSKLGSGEGGEPRCITGNANDGFTSGLAAAMLAVMARVDPDTANQAKYLKAAKTAYSYAKSHKGVTNSQGFYESSWWDGRWEDGPFLAELELYRTTGENSYKTAAIDRYDNLKFSLGEGTHFMYSNVVPLSAVMAEAVFEETPHGMRKEAIGVLDLIYEEKAKDKIFQNPNGMGSGKFPVRVPSGGAFLYALSDKFNNTNEHMEMIEKNVSYLLGDNGSKKSYVVGFSKNGANAPSRPHHRGYYANEKRWRRSRRCSESSRKEQALGRYDCWRLY,45.9343,P23665
Cellotriose,OC[C@H]1O[C@@H](O[C@H]2[C@H](O)[C@@H](O)[C@@H](O[C@@H]3O[C@H](CO)[C@@H](O)[C@H](O)[C@H]3O)O[C@@H]2CO)[C@H](O)[C@@H](O)[C@@H]1O,MSPRPLRALLGAAAAALVSAAALAFPSQAAANDSPFYVNPNMSSAEWVRNNPNDPRTPVIRDRIASVPQGTWFAHHNPGQITGQVDALMSAAQAAGKIPILVVYNAPGRDCGNHSSGGAPSHSAYRSWIDEFAAGLKNRPAYIIVEPDLISLMSSCMQHVQQEVLETMAYAGKALKAGSSQARIYFDAGHSAWHSPAQMASWLQQADISNSAHGIATNTSNYRWTADEVAYAKAVLSAIGNPSLRAVIDTSRNGNGPAGNEWCDPSGRAIGTPSTTNTGDPMIDAFLWIKLPGEADGCIAGAGQFVPQAAYEMAIAAGGTNPNPNPNPTPTPTPTPTPPPGSSGACTATYTIANEWNDGFQATVTVTANQNITGWTVTWTFTDGQTITNAWNADVSTSGSSVTARNVGHNGTLSQGASTEFGFVGSKGNSNSVPTLTCAAS,633.175,P26222
Cellotriose,OC[C@H]1O[C@@H](O[C@H]2[C@H](O)[C@@H](O)[C@@H](O[C@@H]3O[C@H](CO)[C@@H](O)[C@H](O)[C@H]3O)O[C@@H]2CO)[C@H](O)[C@@H](O)[C@@H]1O,MNKRLSRGKISLLASVFVTTTFMGGVNVLASTAKTGIRDITSQQVVKEMKVGWNLGNTMDATGGETNWGNPLTTHAMIDKVKAAGFNTLRLPITWDGHIGAAPDYAIDATWMNRVEEIANYAFDNNMYVIINLHHEDGWLKPYYANEAEVKAKITKVWTQIANRFKDYGDYLIFETMNEPRPVGAADEWSGGSYENRDMVNRYNLTAVNTIRATGGNNALRHIMVPTLAAAALSTTMNDYIVPNNDSRVIVSLHMYSPYFFSADLTSQWTTATWGSDADKAALSADFDAVYNKFVKNGRAVVIGEMGTINKNNLDSRVKHAEYYAKEATVRGITPIWWDNGYCVAGKEQTFGIFNRKNLTWCCPEVMQAFIRGAGATQTQTSYSLGDVNKDGKVNAIDYAVLKSILLGTNTNVDLSVSDMNKDGKVNALDLAVLKKMLLS,112.0465,P28621
Cellotriose,OC[C@H]1O[C@@H](O[C@H]2[C@H](O)[C@@H](O)[C@@H](O[C@@H]3O[C@H](CO)[C@@H](O)[C@H](O)[C@H]3O)O[C@@H]2CO)[C@H](O)[C@@H](O)[C@@H]1O,MIKHLLSRGKLLLFVSVMATSSIIAGGNAYGSTAFTGVRDVPAQQIVNEMKVGWNLGNTMDAIGGETNWGNPMTTHAMINKIKEAGFNTLRLPVTWDGHMGAAPEYTIDQTWMKRVEEIANYAFDNDMYVIINLHHENEWLKPFYANEAQVKAQLTKVWTQIANNFKKYGDHLIFETMNEPRPVGASNEWTGGSYENREVVNRYNLTAVNAIRATGGNNATRYIMVPTLAASAMSTTINDLVIPNNDSKVIVSLHMYSPYFFAMDINGTSSWGSDYDKSSLDSEFDAVYNKFVKNGRAVVIGEMGSINKNNTAARVTHAEYYAKSAKARGLTPIWWDNGYSVAGKAETFGIFNRSNLTWDAPEVMKAFIKGIGGSSTTTPTTPTTPTTPTTPTTPTTPTTPTTPTTPQSAVEVTYAITNSWGSGASVNVTIKNNGTTPINGWTLKWTMPINQTITNMWSASFVASGTTLSVTNAGYNGTIAANGGTQSFGFNINYSGVLSKPTGFTVNGTECTVK,52.2755,P28623
Cellotriose,OC[C@H]1O[C@@H](O[C@H]2[C@H](O)[C@@H](O)[C@@H](O[C@@H]3O[C@H](CO)[C@@H](O)[C@H](O)[C@H]3O)O[C@@H]2CO)[C@H](O)[C@@H](O)[C@@H]1O,MNVLRSGIVTMLLLAAFSVQAACTWPAWEQFKKDYISQEGRVIDPSDARKITTSEGQSYGMFSALAANDRAAFDNILDWTQNNLAQGSLKERLPAWLWGKKENSKWEVLDSNSASDGDVWMAWSLLEAGRLWKEQRYTDIGSALLKRIAREEVVTVPGLGSMLLPGKVGFAEDNSWRFNPSYLPPTLAQYFTRFGAPWTTLRETNQRLLLETAPKGFSPDWVRYEKDKGWQLKAEKTLISSYDAIRVYMWVGMMPDSDPQKARMLNRFKPMATFTEKNGYPPEKVDVATGKAQGKGPVGFSAAMLPFLQNRDAQAVQRQRVADNFPGSDAYYNYVLTLFGQGWDQHRFRFSTKGELLPDWGQECANSH,8.3819,P37651
Cellotriose,OC[C@H]1O[C@@H](O[C@H]2[C@H](O)[C@@H](O)[C@@H](O[C@@H]3O[C@H](CO)[C@@H](O)[C@H](O)[C@H]3O)O[C@@H]2CO)[C@H](O)[C@@H](O)[C@@H]1O,MIKGSSLKRFKSLVMAAIFSVSIISTAIASSAADQIPFPYDAKYPNGAYSCLADSQSIGNNLVRSEWEQWKSAHITSNGARGYKRVQRDASTNYDTVSEGLGYGLLLSVYFGEQQLFDDLYRYVKVFLNSNGLMSWRIDSSGNIMGKDSIGAATDADEDIAVSLVFAHKKWGTSGGFNYQTEAKNYINNIYNKMVEPGTYVIKAGDTWGGSNVTNPSYFAPAWYRIFADFTGNSGWINVANKCYEIADKARNSNTGLVPDWCTANGTPASGQGFDFYYDAIRYQWRAAIDYSWYGTAKAKTHCDAISNFFKNIGYANIKDGYTISGSQISSNHTATFVSCAAAAAMTGTDTTYAKNIYNECVKVKDSGNYTYFGNTLRMMVLLYTTGNFPNLYTYNSQPKPDLKGDVNNDGAIDALDIAALKKAILTQTTSNISLTNADMNNDGNIDAIDFAQLKVKLLN,33.342,P37699
Cellotriose,OC[C@H]1O[C@@H](O[C@H]2[C@H](O)[C@@H](O)[C@@H](O[C@@H]3O[C@H](CO)[C@@H](O)[C@H](O)[C@H]3O)O[C@@H]2CO)[C@H](O)[C@@H](O)[C@@H]1O,MKSLSLILSALAVQVAVAQTPDKAKEQHPKLETYRCTKASGCKKQTNYIVADAGIHGIRQKNGAGCGDWGQKPNATACPDEASCAKNCILSGMDSNAYKNAGITTSGNKLRLQQLINNQLVSPRVYLLEENKKKYEMLHLTGTEFSFDVEMEKLPCGMNGALYLSEMPQDGGKSTSRNSKAGAYYGAGYCDAQCYVTPFINGVGNIKGQGVCCNELDIWEANSRATHIAPHPCSKPGLYGCTGDECGSSGICDKAGCGWNHNRINVTDFYGRGKQYKVDSTRKFTVTSQFVANKQGDLIELHRHYIQDNKVIESAVVNISGPPKINFINDKYCAATGANEYMRLGGTKQMGDAMSRGMVLAMSVWWSEGDFMAWLDQGVAGPCDATEGDPKNIVKVQPNPEVTFSNIRIGEIGSTSSVKAPAYPGPHRL,9.4998,P46237
Cellotriose,OC[C@H]1O[C@@H](O[C@H]2[C@H](O)[C@@H](O)[C@@H](O[C@@H]3O[C@H](CO)[C@@H](O)[C@H](O)[C@H]3O)O[C@@H]2CO)[C@H](O)[C@@H](O)[C@@H]1O,MPRALRRVPGSRVMLRVGVVVAVLALVAALANLAVPRPARAAGGGYWHTSGREILDANNVPVRIAGINWFGFETCNYVVHGLWSRDYRSMLDQIKSLGYNTIRLPYSDDILKPGTMPNSINFYQMNQDLQGLTSLQVMDKIVAYAGQIGLRIILDRHRPDCSGQSALWYTSSVSEATWISDLQALAQRYKGNPTVVGFDLHNEPHDPACWGCGDPSIDWRLAAERAGNAVLSVNPNLLIFVEGVQSYNGDSYWWGGNLQGAGQYPVVLNVPNRLVYSAHDYATSVYPQTWFSDPTFPNNMPGIWNKNWGYLFNQNIAPVWLGEFGTTLQSTTDQTWLKTLVQYLRPTAQYGADSFQWTFWSWNPDSGDTGGILKDDWQTVDTVKDGYLAPIKSSIFDPVGASASPSSQPSPSVSPSPSPSPSASRTPTPTPTPTASPTPTLTPTATPTPTASPTPSPTAASGARCTASYQVNSDWGNGFTVTVAVTNSGSVATKTWTVSWTFGGNQTITNSWNAAVTQNGQSVTARNMSYNNVIQPGQNTTFGFQASYTGSNAAPTVACAAS,23.7195,P54583
Cellotriose,OC[C@H]1O[C@@H](O[C@H]2[C@H](O)[C@@H](O)[C@@H](O[C@@H]3O[C@H](CO)[C@@H](O)[C@H](O)[C@H]3O)O[C@@H]2CO)[C@H](O)[C@@H](O)[C@@H]1O,MKRSLLKTCSIIAGATIIFSSLSISRNPLEVQAASMRSASEIVQEMGVGWNLGNTLDAKITNLSYNTSPISFETGWGNPVTTKAMIDKIKNAGFKTIRIPTTWGEHLDGNNKLNEEWVKRVKEVVDYCIADDLYVILNTHHEGNWVIPTYAKESSVTPKLKTLWTQISEAFKDYDDHLIFETLNEPRLEGTPYEWTGGTSESRDVVNKYNAAALESIRKTGGNNLSRAVMMPTYAASGSSTTMNDFKVPDDKNVIASVHAYSPYFFAMDTSSNSVNTWGSSYDKYSLDVELDSYLNTFKSKGVPVVIGEFGSINKNNTSSRAELAEYYVTAAQKRGIPCVWWDNNYAETNKGETFGLLNRSTLNWYFSDIKDALIRGYKNVHPEATEDDKPSTDVTNPDSGNTKPDSGNTNPGTETTTPTDNEKISITSKINDWGGAYQADFTLKNNTSSDINNWSFKIKKNDIVFTNYWDVKITEENGYYVVTPQAWKTTILANSSIVISIQGTGKVISNFEYKFD,40.6908,P54937
Cellotriose,OC[C@H]1O[C@@H](O[C@H]2[C@H](O)[C@@H](O)[C@@H](O[C@@H]3O[C@H](CO)[C@@H](O)[C@H](O)[C@H]3O)O[C@@H]2CO)[C@H](O)[C@@H](O)[C@@H]1O,QKPGETKEVHPQLTTFRCTKRGGCKPATNFIVLDSLSHPIHRAEGLGPGGCGDWGNPPPKDVCPDVESCAKNCIMEGIPDYSQYGVTTNGTSLRLQHILPDGRVPSPRVYLLDKTKRRYEMLHLTGFEFTFDVDATKLPCGMNSALYLSEMHPTGAKSKYNPGGAYYGTGYCDAQCFVTPFINGLGNIEGKGSCCNEMDIWEANSRASHVAPHTCNKKGLYLCEGEECAFEGVCDKNGCGWNNYRVNVTDYYGRGEEFKVNTLKPFTVVTQFLANRRGKLEKIHRFYVQDGKVIESFYTNKEGVPYTNMIDDEFCEATGSRKYMELGATQGMGEALTRGMVLAMSIWWDQGGNMEWLDHGEAGPCAKGEGAPSNIVQVEPFPEVTYTNLRWGEIGSTYQELQ,43.6708,P56680
Cellotriose,OC[C@H]1O[C@@H](O[C@H]2[C@H](O)[C@@H](O)[C@@H](O[C@@H]3O[C@H](CO)[C@@H](O)[C@H](O)[C@H]3O)O[C@@H]2CO)[C@H](O)[C@@H](O)[C@@H]1O,NQKCSGNPRRYNGKSCASTTNYHDSHKGACGCGPASGDAQFGWNAGSFVAAASQMYFDSGNKGWCGQHCGQCIKLTTTGGYVPGQGGPVREGLSKTFMITNLCPNIYPNQDWCNQGSQYGGHNKYGYELHLDLENGRSQVTGMGWNNPETTWEVVNCDSEHNHDHRTPSNSMYGQCQCAHQ,14.6964,P82186
Cellotriose,OC[C@H]1O[C@@H](O[C@H]2[C@H](O)[C@@H](O)[C@@H](O[C@@H]3O[C@H](CO)[C@@H](O)[C@H](O)[C@H]3O)O[C@@H]2CO)[C@H](O)[C@@H](O)[C@@H]1O,MRLVNSLGRRKILLILAVIVAFSTVLLFAKLWGRKTSSTLDEVGSKTHGDLTAENKNGGYLPEEEIPDQPPATGAFNYGEALQKAIFFYECQRSGKLDPSTLRLNWRGDSGLDDGKDAGIDLTGGWYDAGDHVKFNLPMSYSAAMLGWAVYEYEDAFKQSGQYNHILNNIKWACDYFIKCHPEKDVYYYQVGDGHADHAWWGPAEVMPMERPSYKVDRSSPGSTVVAETSAALAIASIIFKKVDGEYSKECLKHAKELFEFADTTKSDDGYTAANGFYNSWSGFYDELSWAAVWLYLATNDSSYLDKAESYSDKWGYEPQTNIPKYKWAQCWDDVTYGTYLLLARIKNDNGKYKEAIERHLDWWTTGYNGERITYTPKGLAWLDQWGSLRYATTTAFLACVYSDWENGDKEKAKTYLEFARSQADYALGSTGRSFVVGFGENPPKRPHHRTAHGSWADSQMEPPEHRHVLYGALVGGPDSTDNYTDDISNYTCNEVACDYNAGFVGLLAKMYKLYGGSPDPKFNGIEEVPEDEIFVEAGVNASGNNFIEIKAIVNNKSGWPARVCENLSFRYFINIEEIVNAGKSASDLQVSSSYNQGAKLSDVKHYKDNIYYVEVDLSGTKIYPGGQSAYKKEVQFRISAPEGTVFNPENDYSYQGLSAGTVVKSEYIPVYDAGVLVFGREPGSASKSTSKDNGLSKATPTVKTESQPTAKHTQNPASDFKTPANQNSVKKDQGIKGEVVLQYANGNAGATSNSINPRFKIINNGTKAINLSDVKIRYYYTKEGGASQNFWCDWSSAGNSNVTGNFFNLSSPKEGADTCLEVGFGSGAGTLDPGGSVEVQIRFSKEDWSNYNQSNDYSFNPSASDYTDWNRVTLYISNKLVYGKEP,14.6197,Q02934
Cellotriose,OC[C@H]1O[C@@H](O[C@H]2[C@H](O)[C@@H](O)[C@@H](O[C@@H]3O[C@H](CO)[C@@H](O)[C@H](O)[C@H]3O)O[C@@H]2CO)[C@H](O)[C@@H](O)[C@@H]1O,MAPSATLPLTTAILAIGRLVAAQQPGTSTPEVHPKLTTYKCTTSGGCVAQDTSVVLDWNYRWMHDANYNSCTVNGGVNTTLCPDEATCGKNCYIEGVDYAASGVTASGSTLTLNQYMPSSSGGYSSVSPRLYLLGPDGEYVMLKLNGQELSFDVDLSALPCGENGSLYLSQMDENGGANQYNTAGANYGSGYCDAQCPVQTWRNGTLNTSGQGFCCNEMDILEGNSRANALTPHSCTATACDSAGCGFNPYGSGYPNYFGPGDTVDTSKTFTIITQFNTDNGSPSGNLVSITRKYRQNGVDIPSAKPGGDTISSCPSASAYGGLATMGKALSSGMVLVFSIWNDNSQYMNWLDSGRAGPCSSTEGNPSNILANNPGTHVVYSNIRWGDIGSTTNSTGGNPPPPPPPASSTTFSTTRRSSTTSSSPSCTQTHWGQCGGIGYTGCKTCTSGTTCQYGNDYYSQCL,494.3328,Q12714
Cellotriose,OC[C@H]1O[C@@H](O[C@H]2[C@H](O)[C@@H](O)[C@@H](O[C@@H]3O[C@H](CO)[C@@H](O)[C@H](O)[C@H]3O)O[C@@H]2CO)[C@H](O)[C@@H](O)[C@@H]1O,MKVNTLLVAVAAGTAMAAPQLKKRAGFTFFGVTEAGAEFGEKSIPGVWGTDYTFPDTESILTLISKGFNTFRIPFLMERLTPEMTGSFDEGYLKNLTSVVNAVTDAGAWAIVDAQNFGRFNGEIISSASDFQTWWKNVAAEFADNKNVIFDTNNEFHDMDQTLVLDLNQAAINGIRAAGATSQYIFVEGNSYTGAWTWTDNNDNLKSLTDPQDKIVYEMHQYLDTDGSGTHETCVSETIGAERVESATQWLKDNGKLGVIGEFAGGNNEICRAAVKSLLDALKENDDVWLGALWWAAGPWWEDYMFSMEPTDGIAYTGMLSTLEAYMN,7.099,Q1HFS8
Cellotriose,OC[C@H]1O[C@@H](O[C@H]2[C@H](O)[C@@H](O)[C@@H](O[C@@H]3O[C@H](CO)[C@@H](O)[C@H](O)[C@H]3O)O[C@@H]2CO)[C@H](O)[C@@H](O)[C@@H]1O,MASPFFFVFLLSALSLENTYASPNYREALSKSLLFFQGQRSGRLPSDQQLSWRSSSGLSDGSSAHVDLTGGYYDAGDNVKFNFPMAFTTTMLSWSSLEYGKKMGPELQNSRVAIRWATDYLLKCARATPGKLYVGVGDPNGDHKCWERPEDMDTPRTVYSVSPSNPGSDVAAETAAALAASSMVFRKVDPKYSRLLLATAKKVMQFAIQYRGAYSNSLSSSVCPFYCSYSGYKDELLWGAAWLHRATNDPYYTNFIKSLGGGDQPDIFSWDNKYAGAYVLLSRRAVLNKDNNFELYKQAAENFMCKILPNSPSSSTKYTKGGLMYKLPQSNLQYVTSITFLLTTYAKYMKSTKQTFNCGNSLIVPNALINLSKRQVDYVLGVNPMKMSYMVGFSSNFPKRIHHRGSSLPSRAVRSNSLGCNGGFQSFRTQNPNPNILTGAIVGGPNQNDEYPDQRDDYTRSEPATYINAAFVGPLAYFAASRSP,38.425,Q2V4L8
Cellotriose,OC[C@H]1O[C@@H](O[C@H]2[C@H](O)[C@@H](O)[C@@H](O[C@@H]3O[C@H](CO)[C@@H](O)[C@H](O)[C@H]3O)O[C@@H]2CO)[C@H](O)[C@@H](O)[C@@H]1O,MYGRDPWGGPLEINTADSATDDDRSRNLNDLDRAALSRPLDETQQSWLLGPTEQKKKKYVDLGCIIVSRKIFVWTVGTLVAAALLAGFITLIVKTVPRHHPKTPPPDNYTIALHKALKFFNAQKSGKLPKHNNVSWRGNSGLQDGKGETGSFYKDLVGGYYDAGDAIKFNFPMAYAMTMLSWSVIEYSAKYEAAGELTHVKELIKWGTDYFLKTFNSTADSIDDLVSQVGSGNTDDGNTDPNDHYCWMRPEDMDYKRPVTTCNGGCSDLAAEMAAALASASIVFKDNKEYSKKLVHGAKVVYQFGRTRRGRYSAGTAESSKFYNSSMYWDEFIWGGAWMYYATGNVTYLNLITQPTMAKHAGAFWGGPYYGVFSWDNKLAGAQLLLSRLRLFLSPGYPYEEILRTFHNQTSIVMCSYLPIFNKFNRTNGGLIELNHGAPQPLQYSVNAAFLATLYSDYLDAADTPGWYCGPNFYSTSVLRDFARSQIDYILGKNPRKMSYVVGFGTKYPRHVHHRGASIPKNKVKYNCKGGWKWRDSKKPNPNTIEGAMVAGPDKRDGYRDVRMNYNYTEPTLAGNAGLVAALVALSGEEEATGKIDKNTIFSAVPPLFPTPPPPPAPWKP,20.4638,Q38890
Cellotriose,OC[C@H]1O[C@@H](O[C@H]2[C@H](O)[C@@H](O)[C@@H](O[C@@H]3O[C@H](CO)[C@@H](O)[C@H](O)[C@H]3O)O[C@@H]2CO)[C@H](O)[C@@H](O)[C@@H]1O,MWMRRNQIVRKLTLGVVTTVLGMSLSFSALSATPVETHGQLSIENGRLVDEQGKRVQLRGISSHGLQWFGDYVNKDSMKWLRDDWGINVFRVAMYTAADGYISNPSLANKVKEAVAAAQSLGVYIIIDWHILSDNDPNIYKAQAKTFFAEMAGLYGSSPNVIYEIANEPNGGVTWNGQIRPYALEVTDTIRSKDPDNLIIVGTGTWSQDIHDAADNQLPDPNTMYALHFYAGTHGQFLRDRIDYAQSRGAAIFVSEWGTSDASGNGGPFLPESQTWIDFLNNRGVSWVNWSLTDKSEASAALAPGASKSGGWTEQNLSTSGKFVREQIRAGANLGGGDTPTTPTEPTNPGNGTTGDVVLQYRNVDNNPSDDAIRMAVNIKNTGSTPIKLSDLQVRYYFHDDGKPGANLFVDWANVGPNNIVTSTGTPAASTDKANRYVLVTFSSGAGSLQPGAETGEVQVRIHAGDWSNVNETNDYSYGANVTSYANWDKITVHDKGTLVWGVEP,118.4652,Q47096
Cellotriose,OC[C@H]1O[C@@H](O[C@H]2[C@H](O)[C@@H](O)[C@@H](O[C@@H]3O[C@H](CO)[C@@H](O)[C@H](O)[C@H]3O)O[C@@H]2CO)[C@H](O)[C@@H](O)[C@@H]1O,MAMSKIATLAGLLASAGLVAGHGYVTKMTIDGEEYGGWLADSYYYMDSPPDNYGWSTTVTDNGFVSPDAFGTDDITCHRGATPGALSAPVTAGSKIDITWNTWPESHKDNQGPIINYLAKCNGDCSSADKTSLEFVKIQAEAIVDASTNTWVTDELIENSFTTSVTIPASIAPGNYVLRHEIIALHSAGQQNGAQAYPQCLNLVVSGSGTDNPSGTPGTQLYSANDEGIVFDIYSNPTSYPMPGPELYSG,0.4579,Q5B6H0
Cellotriose,OC[C@H]1O[C@@H](O[C@H]2[C@H](O)[C@@H](O)[C@@H](O[C@@H]3O[C@H](CO)[C@@H](O)[C@H](O)[C@H]3O)O[C@@H]2CO)[C@H](O)[C@@H](O)[C@@H]1O,MALLLSLSLLATTISAQQIGTPEIRPRLTTYHCTSANGCTEQNTSVVLDAATHPIHDASNPSVSCTTSNGLNPALCPDKQTCADNCVIDGITDYAAHGVETHGSRLTLTQYRNVNGALSSVSPRVYLVDESDPDEQEYRALSLLAQEFTFTVNVSALPCGMNGALYLSEMSPSGGRSALNPAGASYGTGYCDAQCYVNPWINGEGNINGYGACCNEMDIWEANSRSTGFTPHACLYEPEETEGRGVYECASEDECDSAGENDGICDKWGCGFNPYALGNTEYYGRGQGFEVDTKEPFTVVTQFLTDDGTSTGALTEIRRLYIQNGQVIENAVVSSGADSLTDSLCASTASWFDSYGGMEGMGRALGRGMVLAMSIWNDAGGYMQWLDGGDAGPCNATEGAPEFIEEHTPWTRVVFEDLKWGDIGSTFQAS,72.403,Q5B7R2
Cellotriose,OC[C@H]1O[C@@H](O[C@H]2[C@H](O)[C@@H](O)[C@@H](O[C@@H]3O[C@H](CO)[C@@H](O)[C@H](O)[C@H]3O)O[C@@H]2CO)[C@H](O)[C@@H](O)[C@@H]1O,MRSLVLLSSVLALVAPSKGAFTWLGTNEAGAEFGEGSYPGELGTEYIWPDLGTIGTLRNEGMNIFRVAFSMERLVPDSLAGPVADEYFQDLVETVNGITALGAYAVLDPHNYGRYYGNIITSTDDFAAFWTILATEFASNELVIFDTNNEYHTMDQSLVLNLNQAAIDAIRASGATSQYIFAEGNSWTGAWTWVDVNDNMKALTDPQDKLIYEMHQYLDSDGSGTNTACVSSTIGSERVTAATNWLRENGKLGVLGEFAGANNQVCKDAVADLLEYLEENSDVWLGALWWAAGPWWGDYMFNMEPTSGIAYQEYSEILQPYFVGSQ,16.2232,Q5BDU5
Cellotriose,OC[C@H]1O[C@@H](O[C@H]2[C@H](O)[C@@H](O)[C@@H](O[C@@H]3O[C@H](CO)[C@@H](O)[C@H](O)[C@H]3O)O[C@@H]2CO)[C@H](O)[C@@H](O)[C@@H]1O,MARGGGAAGVSMAHHLGIALVVLVFAAMAQVARGGGGGHDYGMALSKSILYFEAQRSGVLPGSQRIAWRANSGLADGKANGVDLVGGYYDAGDNVKFGLPMAFTVTMMAWSVIEYGEEMAAAGELGHAVEAIKWGTDYFAKAHPEPNVLYAEVGDGDSDHNCWQRPEDMTTSRQAYRLDPQNPGSDLAGETAAAMAAASLVFRSSNPGYADQLLQHSKQLFDFADKYRGRYDNSITVARNYYGSFSGYGDELLWASAWLYQASDDRRYLDYLANNADALGGTGWSINQFGWDVKYPGVQILAAKFLLQGKAGEHAGVLQGYRRKADFFACSCLGKDAADNVGRTPGGMLYHQRWNNIQFVTSASFLLAVYSDHLAGGAVRCSGGGGAVAGAAELLAFAKSQVDYILGSNPRGTSYMVGYGAVYPRQAHHRGSSIASIRASPSFVSCREGYASWYGRRGGNPNLLDGAVVGGPDEHDDFADERNNYEQTEAATYNNAPLMGILARLAAGHGARARGRLGQSLQHGIAANHTSLPHGANHQHASPVEIEQKATASWEKDGRTYHRYAVTVSNRSPAGGKTVEELHIGIGKLYGPVWGLEKAARYGYVLPSWTPSLPAGESAAFVYVHAAPPADVWVTGYKLV,13.3371,Q5NAT0
Cellotriose,OC[C@H]1O[C@@H](O[C@H]2[C@H](O)[C@@H](O)[C@@H](O[C@@H]3O[C@H](CO)[C@@H](O)[C@H](O)[C@H]3O)O[C@@H]2CO)[C@H](O)[C@@H](O)[C@@H]1O,MLIFETYLILFKTVQITKRRIERRRLRLLNQCFTKKEGVSNREMASYNYVEVLQKSMLFYEAQRSGRLPESNRLNWRGDSGLKDGKDVGHDLTGGWYDAGDHVKFGLPMAYSAAVLAWTVYEYREAYEEAELLDEILDQIKWATDYFLKAHTGPNEFWAQVGDGNADHAWWGPAEVMPMNRPAFKIDEHCPGTEVAAQTAAALAAGSIIFKETDASYAAKLLTHAKQLYAFADRYRGKYTDCVTNAQPFYNSWSGYVDELIWGGIWLYLATNEETYLNKALKAVEEWPQDWDYTFTMSWDNTFFASQILLARITKENRFIESTERNLDYWTTGLVQNGKVERITYTPGGLAWLDQWGSLRYAANAAFLAFVYADWVSDQEKKNRYQSFAIKQTHYMLGDNPLNRSYVVGFGQNSPKHPHHRTAHGSWSNQLTNPPSHRHTLYGALVGGPNAQDQYDDDISDYISNEVATDYNAAFTGNIAKMVQLFGEGQSKLPNFPPKEQVEDEFFVEAAVMHNDTTSTQVKAVLYNRSGWPARSSQTLSFRYYVNLSEVFAKGFTEKDIQVTAAYNEGASLSPLKVYDASSRVYFAEIDFTGVVISPRGESEHKKEIQFRLSAPNGSNIWDASNDYSYQGLTSNMQKTTKIPVFEDGVLVFGTLPDK,27.83,Q5YLG1
Cellotriose,OC[C@H]1O[C@@H](O[C@H]2[C@H](O)[C@@H](O)[C@@H](O[C@@H]3O[C@H](CO)[C@@H](O)[C@H](O)[C@H]3O)O[C@@H]2CO)[C@H](O)[C@@H](O)[C@@H]1O,MLKYASIALALATLGVAQQQQWGQCGGIGWTGATTCVAGSVCSVLNPYYSQCIPGAATVTSSSAPSTPTPPAGALPRLGGVNTAGYDFSVATDGSFTGTGVSPPVSQFSHFSSQGANLYRIPFAWQLMTPTLGGTISQSFLSRYDQTVQAALNSGPNVFVIIDLHNYARWNGGIIAQGGPTDAQFQSIWTQLAQKYGSNQRVIFGIMNEPHDIPSISTWVNSVQGAVNAIRAAGATNYLLLPGSSWSSAQAFPTEAGPLLVKVTDPLGGTSKLIFDVHKYLDSDNSGTHPDCTTDNVQVLQTLVQFLQANGNRQAILSETGGGNTSSCESLLANELAYVKSAYPTLAGFSVWAAGAFDTTYVLTVTPNADGSDQPLWVDAVKPNLP,12.1,Q66NB7
Cellotriose,OC[C@H]1O[C@@H](O[C@H]2[C@H](O)[C@@H](O)[C@@H](O[C@@H]3O[C@H](CO)[C@@H](O)[C@H](O)[C@H]3O)O[C@@H]2CO)[C@H](O)[C@@H](O)[C@@H]1O,QSGNPFSGRTLLVNSDYSSKLDQTRQAFLSRGDQTNAAKVKYVQEKVGTFYWISNIFLLRDIDVAIQNARAAKARGENPIVGLVLYNLPDRDCSAGESSGELKLSQNGLNRYKNEYVNPFAQKLKAASDVQFAVILEPDAIGNMVTGTSAFCRNARGPQQEAIGYAISQLQASHIHLYLDVANGGWLGWADKLEPTAQEVATILQKAGNNAKIRGFSSNVSNYNPYSTSNPPPYTSGSPSPDESRYATNIANAMRQRGLPTQFIIDQSRVALSGARSEWGQWCNVNPAGFGQPFTTNTNNPNVDAIVWVKPGGESDGQCGMGGAPAAGMWFDAYAQMLTQNAHDEIAR,17.5667,Q7SIG5
Cellotriose,OC[C@H]1O[C@@H](O[C@H]2[C@H](O)[C@@H](O)[C@@H](O[C@@H]3O[C@H](CO)[C@@H](O)[C@H](O)[C@H]3O)O[C@@H]2CO)[C@H](O)[C@@H](O)[C@@H]1O,MSPSSSSSSWRALVLVAAAVLSFSGHVVVAAAAAGHPDYADALAKSILFFQGQRSGRLPPDQAVKWRSNSGLSDGSAANVDLTGGYYDGGDNVKFGFPMAFTTTMLSWGVVEYGGRMRGRVLRDARDAVRWAADYLLRAATATPGVLYVGVGDPDADHRCWERPEDMDTPRAVYSVSASSPGSDVAAETAAALAAASLALRAADPGYSRRLLAAARDVMAFAVRHQGKYSDHVGGDVGAYYASYSGYQDELLWGSAWLLWATRNASYLDYLASLGANDGVDMFSWDNKLAGARVLLSRRALVNGDRRLDAFRRLAEDFICRILPGSPSSTTQYTPGGMMYKSGHANLQYVTSASFLLTTFAKYMAVSNHTFSCQSLPVTAKTLRALARKQVDYILGANPQGMSYMVGYGARFPQRIHHRGASMPSVAAYPAHIGCQEGFSGYFNAGGANPNVHTGAVVGGPDQHDAFPDERGDYDRSEPTTYTNAALVGCLAYFAGSYRS,7.1478,Q7XTH4
Cellotriose,OC[C@H]1O[C@@H](O[C@H]2[C@H](O)[C@@H](O)[C@@H](O[C@@H]3O[C@H](CO)[C@@H](O)[C@H](O)[C@H]3O)O[C@@H]2CO)[C@H](O)[C@@H](O)[C@@H]1O,MSQLKIGSSQCLWTSICIVLFVLSMARGAVSRNYGDALTKSLLYFEAQRSGKLPSNQRVTWRGDSALRDGSDAHVDLTGGYYDAGDNMKFGFPLAFFTTMLAWSNIEMATQLKAHQEQENALAALKWATDFLIKAHPEPNVLYGQVGDGNSDHECWMRPEDMTTPRPSFRIDAQHPGSDLAGETAAAMAAASIAFAPSDEAYAQILIGHAKELFEFAKAYPGIYQNSITNAGGFYASSGYEDELLWAAAWLHRATNDQIYLDYLTQASGTGGPRTAFSWDDKFVGAQVLVAKLALEGKVESNGKIAEYKSMAEQFICNCAQKGSNNVKKTPGGLLYFLPWNNLQYTTAATFVLSAYSKYLTDAKASIQCPNGALQASDLLDLARSQVDYILGSNPQNMSYMVGVGTNYPKKPHHRAASIVSITKDKTPVTCSEGFDAWFNNPAPNPNVLMGAVVGGPNDNDVYGDERTDYQHAEPAPATAAPFVGVLAAVA,6.8585,Q8S8Q4
Cellotriose,OC[C@H]1O[C@@H](O[C@H]2[C@H](O)[C@@H](O)[C@@H](O[C@@H]3O[C@H](CO)[C@@H](O)[C@H](O)[C@H]3O)O[C@@H]2CO)[C@H](O)[C@@H](O)[C@@H]1O,MTSLFFFVLLFSSLLISNGDANPNYKEALSKSLLFFQGQRSGPLPRGQQISWRASSGLSDGSAAHVDLTGGYYDAGDNVKFNLPMAFTTTMLSWSALEYGKRMGPELENARVNIRWATDYLLKCARATPGKLYVGVGDPNVDHKCWERPEDMDTPRTVYSVSASNPGSDVAAETAAALAAASMVFRKVDSKYSRLLLATAKDVMQFAIQYQGAYSDSLSSSVCPFYCSYSGYKDELMWGASWLLRATNNPYYANFIKSLGGGDQPDIFSWDNKYAGAYVLLSRRALLNKDSNFEQYKQAAENFICKILPDSPSSSTQYTQGGLMYKLPQSNLQYVTSITFLLTTYAKYMKATKHTFNCGSSVIVPNALISLSKRQVDYILGDNPIKMSYMVGFSSNFPKRIHHRASSLPSHALRSQSLGCNGGFQSFYTQNPNPNILTGAIVGGPNQNDGYPDQRDDYSHAEPATYINAAFVGPLAYFAAGRST,7.7247,Q9C9H5
Cellotriose,OC[C@H]1O[C@@H](O[C@H]2[C@H](O)[C@@H](O)[C@@H](O[C@@H]3O[C@H](CO)[C@@H](O)[C@H](O)[C@H]3O)O[C@@H]2CO)[C@H](O)[C@@H](O)[C@@H]1O,MARKSLIFPVILLAVLLFSPPIYSAGHDYRDALRKSILFFEGQRSGKLPPDQRLKWRRDSALRDGSSAGVDLSGGYYDAGDNIKFGFPMAFTTTMLSWSIIDFGKTMGPELRNAVKAVKWGTDYLLKATAIPGVVFVQVGDAYSDHNCWERPEDMDTLRTVYKIDRAHPGSDVAGETAAALAAASIVFRKRDPAYSRLLLDRATRVFAFANRYRGAYSNSLYHAVCPFYCDFNGYQDELLWGAAWLHKASRKRAYREFIVKNEVILKAGDTINEFGWDNKHAGINVLISKEVLMGKAEYFESFKQNADGFICSILPGISHPQVQYSRGGLLVKTGGSNMQHVTSLSFLLLAYSNYLSHAKKVVPCGELTASPSLLRQIAKRQVDYILGDNPMGLSYMVGYGQKFPRRIHHRGSSVPSVSAHPSHIGCKEGSRYFLSPNPNPNLLVGAVVGGPNVTDAFPDSRPYFQQSEPTTYINAPLVGLLGYFSAHSTWR,2.2365,Q9CAC1
Cellotriose,OC[C@H]1O[C@@H](O[C@H]2[C@H](O)[C@@H](O)[C@@H](O[C@@H]3O[C@H](CO)[C@@H](O)[C@H](O)[C@H]3O)O[C@@H]2CO)[C@H](O)[C@@H](O)[C@@H]1O,MYGRDPWGGPLEINAADSMTDDDRSRNLQDLDRATPSRPLDETQQSWLLGPKVLKKKKYVDLGCILVSRKIFLWTLGTIVVTALLSGFITLIVKTLPHHHHKEPPPDNYTIALRTALKFFNAQQSGKLPKNIYNVSWRHDSCLQDGKGDPGQCYKDLVGGYYDAGDSIKFNFPMSYAMTMLSWSVIEYSAKYQAAGELEHVKELIKWGTDYFLKTFNSSADNIYVMVEQVGSGVSGRGSELHNDHYCWMRPEDIHYKRTVSQCYSSCSDLAAEMAAALASASIVFKDNRLYSKNLVHGAKTLYRFATTSRNRYSQNGKESSKFYNSSMFEDELLWGGAWLYYATGNVTYLERVTSHHMAEKAGAFGNSPYYGVFSWDNKLPGAQLLLTRMRLFLSPGYPYEDMLSEFHNQTGRVMCSYLPYYKKFNRTNGGLIQLNHGAPQPLQYVANAAFLAALFSDYLEAADTPGWYCGPNFYTTEFLRNFSRSQIDYILGKNPRKMSYVVGYGQRYPKQVHHRGASIPKNMKETCTGGFKWKKSKKNNPNAINGAMVAGPDKHDGFHDIRTNYNYTEPTLAGNAGLVAALVALSGEKAVGGIDKNTMFSAVPPLVMATPPPPAPWTP,10.316,Q9STW8
Cellotriose,OC[C@H]1O[C@@H](O[C@H]2[C@H](O)[C@@H](O)[C@@H](O[C@@H]3O[C@H](CO)[C@@H](O)[C@H](O)[C@H]3O)O[C@@H]2CO)[C@H](O)[C@@H](O)[C@@H]1O,MKPLVCSFIVILLILLPTTISHDYSDALTKSILFFEGQRSGYLPREQRMTWRHNSALNDGKNLNVDLVGGYYDAGDNIKFHFPMAFTTTMLAWSAIDFGSYMSPADLRDNLVALRWGSNYLLKTVSQLPNRIFVQVGEPTPDHQCWERPEDMDTPRTAYALEAPKPASDLAGEIAAALAAASIAFKRFDPRYSKLLLDNALRTFEYADSHRGSYTNNPETKLAVCPFYCSVNGYEDELLWGAAWLRRATGKDSYIKYLVENRQSFGSDSNYFEFGWDNKVGGVNVLVAKEVFEKNVAAIAPYKDTAEKLMCSFFLETPGAHMSYSPGGLLYKPGSSQLQNTVALSFLLLTYANYLSKSSQQPLQILSTTPLWYLTQRIANIVGFEKVDYILGDNPMKMSYMIGYGNRYPRQIHHRGASSPSITTHPTPVKCSEGWNSFSSPNPDPNVLVGAVIGGPNIDDKFVGGRTNASETEPTTYINAPFVGLLAYFKANPV,13.1547,Q9SVJ4
Cellobiose,OC[C@H]1O[C@@H](O[C@H]2[C@H](O)[C@@H](O)[C@H](O)O[C@@H]2CO)[C@H](O)[C@@H](O)[C@@H]1O,MAFPAGFGWAAATAAYQVEGGWDADGKGPCVWDTFTHQGGERVFKNQTGDVACGSYTLWEEDLKCIKQLGLTHYRFSLSWSRLLPDGTTGFINQKGIDYYNKIIDDLLKNGVTPIVTLYHFDLPQTLEDQGGWLSEAIIESFDKYAQFCFSTFGDRVKQWITINEANVLSVMSYDLGMFPPGIPHFGTGGYQAAHNLIKAHARSWHSYDSLFRKKQKGMVSLSLFAVWLEPADPNSVSDQEAAKRAITFHLDLFAKPIFIDGDYPEVVKSQIASMSQKQGYPSSRLPEFTEEEKKMIKGTADFFAVQYYTTRLIKYQENKKGELGILQDAEIEFFPDPSWKNVDWIYVVPWGVCKLLKYIKDTYNNPVIYITENGFPQSDPAPLDDTQRWEYFRQTFQELFKAIQLDKVNLQVYCAWSLLDNFEWNQGYSSRFGLFHVDFEDPARPRVPYTSAKEYAKIIRNNGLEAHL,3.3691,Q9H227
Cellobiose,OC[C@H]1O[C@@H](O[C@H]2[C@H](O)[C@@H](O)[C@H](O)O[C@@H]2CO)[C@H](O)[C@@H](O)[C@@H]1O,MKLLMLAFVFLLALATCKGDEFVCEENEPFTCNQTKLFNSGNFEKGFIFGVASSAYQVEGGRGRGLNVWDSFTHRFPEKGGADLGNGDTTCDSYTLWQKDIDVMDELNSTGYRFSIAWSRLLPKGKRSRGVNPGAIKYYNGLIDGLVAKNMTPFVTLFHWDLPQTLQDEYNGFLNKTIVDDFKDYADLCFELFGDRVKNWITINQLYTVPTRGYALGTDAPGRCSPKIDVRCPGGNSSTEPYIVAHNQLLAHAAAVDVYRTKYKDDQKGMIGPVMITRWFLPFDHSQESKDATERAKIFFHGWFMGPLTEGKYPDIMREYVGDRLPEFSETEAALVKGSYDFLGLNYYVTQYAQNNQTIVPSDVHTALMDSRTTLTSKNATGHAPGPPFNAASYYYPKGIYYVMDYFKTTYGDPLIYVTENGFSTPGDEDFEKATADYKRIDYLCSHLCFLSKVIKEKNVNVKGYFAWSLGDNYEFCNGFTVRFGLSYVDFANITGDRDLKASGKWFQKFINVTDEDSTNQDLLRSSVSSKNRDRKSLADA,29.1297,P37702
Cellobiose,OC[C@H]1O[C@@H](O[C@H]2[C@H](O)[C@@H](O)[C@H](O)O[C@@H]2CO)[C@H](O)[C@@H](O)[C@@H]1O,MVLQKLPLIGLLLLLTIVASPANADGPVCPPSNKLSRASFPEGFLFGTATAAYQVEGAINETCRGPALWDIYCRRYPERCNNDNGDVAVDFFHRYKEDIQLMKNLNTDAFRMSIAWPRIFPHGRKEKGVSQAGVQFYHDLIDELIKNGITPFVTVFHWDTPQDLEDEYGGFLSERIVKDFREYADFVFQEYGGKVKHWITFNEPWVFSHAGYDVGKKAPGRCSSYVNAKCQDGRSGYEAYLVTHNLLISHAEAVEAYRKCEKCKGGKIGIAHSPAWFEAHDLADSQDGASIDRALDFILGWHLDTTTFGDYPQIMKDIVGHRLPKFTTEQKAKLKASTDFVGLNYYTSVFSNHLEKPDPSKPRWMQDSLITWESKNAQNYAIGSKPLTAALNVYSRGFRSLLKYIKDKYANPEIMIMENGYGEELGASDSVAVGTADHNRKYYLQRHLLSMQEAVCIDKVNVTGYFVWSLLDNFEWQDGYKNRFGLYYVDFKNNLTRYEKESGKYYKDFLSQGVRPSALKKDEL,1.7515,Q9SR37
Cellobiose,OC[C@H]1O[C@@H](O[C@H]2[C@H](O)[C@@H](O)[C@H](O)O[C@@H]2CO)[C@H](O)[C@@H](O)[C@@H]1O,MRGNYLSLLVVLIVLASNDVLANNNSSTPKLRRSDFPEDFIFGSATSAYQVEGGAHEDGRGPSIWDTFSEKYPEKIKDGSNGSVADNSYHLYKEDVALLHQIGFNAYRFSISWSRILPRGNLKGGINQAGIDYYNNLINELLSKGIKPFATMFHWDTPQALEDAYGGFRGAEIVNDFRDYADICFKNFGDRVKHWMTLNEPLTVVQQGYVAGVMAPGRCSKFTNPNCTDGNGATEPYIVGHNLILSHGAAVQVYREKYKASQQGQVGIALNAGWNLPYTESPKDRLAAARAMAFTFDYFMEPLVTGKYPVDMVNNVKGRLPIFTAQQSKMLKGSYDFIGINYYSSTYAKDVPCSTKDVTMFSDPCASVTGERDGVPIGPKAASDWLLIYPKGIRDLVLYAKYKFKDPVMYITENGRDEFSTNKIFLKDGDRIDYYARHLEMVQDAISVGANVKGFFAWSLLDNFEWAMGYTVRFGLVYVDFKDGCKRYPKKSAEWFRKLLNEKKND,13.1316,O64879
Cellobiose,OC[C@H]1O[C@@H](O[C@H]2[C@H](O)[C@@H](O)[C@H](O)O[C@@H]2CO)[C@H](O)[C@@H](O)[C@@H]1O,MAIPKAHYSLAVLVLLFVVVSSSQKVCNPECKAKEPFHCDNTHAFNRTGFPRNFTFGAATSAYQIEGAAHRALNGWDYFTHRYPEKVPDRSSGDLACDSYDLYKDDVKLLKRMNVQAYRLSIAWSRVLPKGRLTGGVDENGITYYNNLINELKANGIEPYVTIFHWDVPQTLEDEYGGFLSTRIVEDYTNYAELLFQRFGDRVKFWITLNQPFSLATKGYGDGSYPPGRCTGCELGGDSGVEPYTVAHNQLLAHAKTVSLYRKRYQKFQGGKIGTTLIGRWFAPLNEFSELDKAAAKRAFDFFVGWFLDPLVYGKYPTIMREMVGDRLPEFTPEQSALVKGSLDFLGLNYYVTQYATDAPPPTQLNAITDARVTLGFYRNGVPIGVVAPSFVYYPPGFRQILNYIKDNYKNPLTYITENGVADLDLGNVTLATALADNGRIQNHCSHLSCLKCAMKDGCNVAGYFAWSLMDNYEFGNGYTLRFGMNWVNFTNPADRKEKASGKWFSKFLAK,9.7858,Q8GRX1
Cellobiose,OC[C@H]1O[C@@H](O[C@H]2[C@H](O)[C@@H](O)[C@H](O)O[C@@H]2CO)[C@H](O)[C@@H](O)[C@@H]1O,MAHLQRTFPTEMSKGRASFPKGFLFGTASSSYQYEGAVNEGARGQSVWDHFSNRFPHRISDSSDGNVAVDFYHRYKEDIKRMKDINMDSFRLSIAWPRVLPYGKRDRGVSEEGIKFYNDVIDELLANEITPLVTIFHWDIPQDLEDEYGGFLSEQIIDDFRDYASLCFERFGDRVSLWCTMNEPWVYSVAGYDTGRKAPGRCSKYVNGASVAGMSGYEAYIVSHNMLLAHAEAVEVFRKCDHIKNGQIGIAHNPLWYEPYDPSDPDDVEGCNRAMDFMLGWHQHPTACGDYPETMKKSVGDRLPSFTPEQSKKLIGSCDYVGINYYSSLFVKSIKHVDPTQPTWRTDQGVDWMKTNIDGKQIAKQGGSEWSFTYPTGLRNILKYVKKTYGNPPILITENGYGEVAEQSQSLYMYNPSIDTERLEYIEGHIHAIHQAIHEDGVRVEGYYVWSLLDNFEWNSGYGVRYGLYYIDYKDGLRRYPKMSALWLKEFLRFDQEDDSSTSKKEEKKESYGKQLLHSVQDSQFVHSIKDSGALPAVLGSLFVVSATVGTSLFFKGANN,15.9039,O64883
Cellobiose,OC[C@H]1O[C@@H](O[C@H]2[C@H](O)[C@@H](O)[C@H](O)O[C@@H]2CO)[C@H](O)[C@@H](O)[C@@H]1O,MAIPKAHYSLAVLVLLFVVVSSSQKVCNPECKAKEPFHCDNTHAFNRSGFPKNFTFGAATSAYQIEGAAHRALNGWDYFTHRYPEKVPDRSSADLACDSYDLYKDDVKLLKRMNVQAYRLSIAWSRVLPKGRLTGGVDENGITYYNNLINELKANGIEPYVTIFHWDVPQTLEDEYGGFLSTRIVEDYTNYAELLFQRFGDRVKFWITLNQPLSLALKGYGNGSYPPGRCTGCELGGDSGVEPYTVAHNQLLAHAKTVSLYRKRYQKFQGGKIGTTLIGRWFVPLNEFSELDKAAAKRAFDFFVGWFLDPLVYGKYPTIMREMVGDRLPEFTPEESALVKGSLDFLGLNYYVSQYATDAPPPTQPNAITDARVTLGFYRNGSPIGVVASSFVYYPPGFRQILNYIKDNYKNPLTYITENGVADLDLGNVTLATALADNGRIQNHCSHLSCLKCAMKDGCNVAGYFAWSLMDNYEFGNGYTLRFGMNWVNFTNPADRKEKASGKWFSKFLAK,11.8511,Q3ECS3
Cellobiose,OC[C@H]1O[C@@H](O[C@H]2[C@H](O)[C@@H](O)[C@H](O)O[C@@H]2CO)[C@H](O)[C@@H](O)[C@@H]1O,MGCAPAAHYLPGGGWRRLLVVVVALVVLDRAGARVRAADDDTGGLSRAAFPKGFVFGTATSAFQVEGMAASGGRGPSIWDPFVHTPGNIAGNGNADVTTDEYHRYKEDVDLLKSLNFDAYRFSISWSRIFPDGEGKVNTEGVAYYNNLIDYVIKQGLIPYVNLNHYDLPLALQKKYEGWLSPKIVGVFSDYAEFCFKTYGDRVKNWFTFNEPRIVAALGHDTGTDPPNRCTKCAAGGNSATEPYIVAHNIILSHATAVDRYRNKFQASQKGKIGIVLDFNWYEPLTNSTEDQAAAQRARDFHVGWFLDPLINGQYPKNMRDIVKERLPTFTPEQAKLVKGSADYFGINQYTANYMADQPAPQQAATSYSSDWHVSFIFQRNGVPIGQQANSNWLYIVPTGMYGAVNYIKEKYNNPTIIISENGMDQSGNLTREEFLHDTERIEFYKNYLTELKKAIDDGANVVAYFAWSLLDNFEWLSGYTSKFGIVYVDFTTLKRYPKDSANWFKNMLQASGPGSKSGSGTSDSQVGSATSASHPVGSAISSSHRLLLPLLVSLHFLFPSFFMFLSL,5.4274,Q75I94
Cellobiose,OC[C@H]1O[C@@H](O[C@H]2[C@H](O)[C@@H](O)[C@H](O)O[C@@H]2CO)[C@H](O)[C@@H](O)[C@@H]1O,MAGGSKTRIHASLVSTLLLLLPLASAIHRSDFPASFLFGTATSSYQIEGAYLEGNKSLSNWDVFTHLPGNIKDGSNGDIADDHYHRYEEDVELMNSLGVNAYRFSISWSRILPKGRFGGVNPAGIDFYNKLIDSILLKGIQPFVTLTHYDIPQELEDRYGAWLNAEIQSDFGHFADVCFGAFGDRVKYWTTFNEPNVAVRHGYMLGTYPPSRCSPPFGHCARGGDSHAEPYVAAHNVILSHATAIEIYKRKYQSKQRGMIGMVLYSTWYEPLRDVPEDRLATERALAFETPWFLDPLVYGDYPPEMRQILGGRLPSFSPEDRRKLRYKLDFIGVNHYTTLYARDCMFSDCPQGQETQHALAAVTGESNGLPIGTPTAMPTFYVVPDGIEKMVKYFMRRYNNLPMFITENGYAQGGDSYTDAEDWIDDEDRIEYLEGYLTKLAKVIRDGADVRGYFAWSVVDNFEWLFGYTLRFGLYYIDYRTQERSPKLSALWYKEFLQNLHENQ,7.2613,Q7XSK0
Cellobiose,OC[C@H]1O[C@@H](O[C@H]2[C@H](O)[C@@H](O)[C@H](O)O[C@@H]2CO)[C@H](O)[C@@H](O)[C@@H]1O,MAVAAATRIAVVVVVLALAVLAPAARGLRRDDFPPGFLFGAATSAYQIEGAYLDDNKGLNNWDVFTHTQAGRISDGRNGDVADDHYHRYTEDVDILHNLGVNSYRFSISWARILPRGRLGGVNSAGIAFYNRLINALLQKGIQPFVTLNHFDIPHELETRYGGWLGAAIREEFEYYSDVCFNAFGDRVRFWTTFNEPNLSTRHQYILGEFPPNHCSPPFGNCSSGDSRREPYAAAHNILLSHAAAVHNYKTNYQAKQGGSIGIVIAVKWYEPLTNSTEDVRAARRALAFEVDWFLDPIFFGDYPREMREILSSNLPKFTPEEKKLLQNNKVDFIGINHYTAIYAKDCIYSPCTLDTYEGNALVYAIGRRNGKIIGKPTALHGYFVVPEAMEKVVMYVNDRYRNTTIYITENGYSQHSDTSMEDLINDVERVNYMHDYLKYLSSAIRKGANVGGYFAWSIVDNFEWVYGYTVKFGLYQVDFDTQERIPRMSAKWYRDFLTSSSLTDGLQVRSRRADS,5.5596,Q7XSK2
Cellobiose,OC[C@H]1O[C@@H](O[C@H]2[C@H](O)[C@@H](O)[C@H](O)O[C@@H]2CO)[C@H](O)[C@@H](O)[C@@H]1O,MAAAGAMPGGLLLTFLLLAVVASGAYNGAGEPPVSRRSFPKGFIFGTASSSYQYEGGAAEGGRGPSIWDTFTHQHPEKIADRSNGDVASDSYHLYKEDVRLMKDMGMDAYRFSISWTRILPNGSLRGGVNKEGIKYYNNLINELLSKGVQPFITLFHWDSPQALEDKYNGFLSPNIINDFKDYAEICFKEFGDRVKNWITFNEPWTFCSNGYATGLFAPGRCSPWEKGNCSVGDSGREPYTACHHQLLAHAETVRLYKAKYQALQKGKIGITLVSHWFVPFSRSKSNDDAAKRAIDFMFGWFMDPLIRGDYPLSMRGLVGNRLPQFTKEQSKLVKGAFDFIGLNYYTANYADNLPPSNGLNNSYTTDSRANLTGVRNGIPIGPQAASPWLYVYPQGFRDLLLYVKENYGNPTVYITENGVDEFNNKTLPLQEALKDDARIEYYHKHLLSLLSAIRDGANVKGYFAWSLLDNFEWSNGYTVRFGINFVDYNDGRKRYPKNSAHWFKKFLLK,6.4753,Q7XKV4
Cellobiose,OC[C@H]1O[C@@H](O[C@H]2[C@H](O)[C@@H](O)[C@H](O)O[C@@H]2CO)[C@H](O)[C@@H](O)[C@@H]1O,MALQKFPLLGLLFLITIVVSSTIAVDDPVCPTTSKLSRASFPNGFVFGTATAAFQVEGAINETCRGPALWDIFCKRNPERCSGHNADVAVDFFHRYKEDIQLMKNLNTDAFRLSIAWSRIFPHGRKEKGVSQAGVKFYHDLIDELLKNGIIPFVTVFHWDTPQDLEDEYGGFLSENIVKDFREYADYVFTEYGGKVKNWITFNEPWVFAHAGYDVGKKAPGRCSRYLKGCEDRDGRSGYEAYLVSHNLLNAHAEAVEVFRQKVKGGKIGIAHSPAWFEPHDLKDSNDVPTVSRVLDFMLGWHLDPTTFGDYPQIMKDLLGHRLPKFTSSQKAKLKDSTDFVGLNYYTSTFSNHNEKPDPSTPSWKQDSLVAWEPKNVDHSAIGSQPLTAALPVYAKGFRSLLKYIKDKYANPEIMIMENGYGDKLKDKDSVEVGTADYNRKYYLQRHLLAMNEAICIDKVRVTGYFVWSLLDNFEWQDGYNNRFGLYYVDFKNNLTRYEKESAKYYKDFLGQGVRPSALKKDEL,10.6499,Q9C8Y9
Cellobiose,OC[C@H]1O[C@@H](O[C@H]2[C@H](O)[C@@H](O)[C@H](O)O[C@@H]2CO)[C@H](O)[C@@H](O)[C@@H]1O,MAQKLNLLNLAVPPVTHRSNFPSTFTFGVATSAYQIEGGWNEGKKGPSIWDKFTHIEGKILDGSNGDVAVDHYHRYKEDVDLIGQLGFGAYRFSISWSRIFPDGLGTEVNEEGIAFYNDLINTLLEKGIQPYVTLYHWDLPSHLQEAIGGWTNRKIVDYFGLYADACFANFGDRVKHWITLNEPLQTSVNGHCIGIFAPGRNEKPLIEPYLVSHHQVLAHATAVSIYRSKYKESQGGQIGLSVDCEWAEPNSEKPEDKVAADRRIDFQLGWFLDPLFFGDYPASMRQKLGDNLPRFTPEEKEFMLQNSWDFLGLNHYTSRLISHVSNKEAESNFYQAQELERIVELENGDLIGERAASDWLYAVPWGIRKTLNYMSKKYNHPPIFITENGMDDEDDGSASIHDMLDDKRRVDYFKSYLANVSQAIEDGVDIKGYFAWSLLDNFEWAQGYTKRFGLVYVDYKNGLTRHPKSSAYWFMKFLKGDEENKGKKE,7.3165,Q9FIW4
Cellobiose,OC[C@H]1O[C@@H](O[C@H]2[C@H](O)[C@@H](O)[C@H](O)O[C@@H]2CO)[C@H](O)[C@@H](O)[C@@H]1O,MRHLSSPPWPLLLLLLLSSFTSGESSLSAEKNKLHTGGLSRQSFPKGFVFGTATSAYQVEGETHQDGRGPSIWDAFVKIPGKIAKNATAEITVDQYHRYKEDVDLMKKLNFDAYRFSISWSRIFPEGSGKVNWKGVAYYNRLIDYMVQKGITPYANLYHYDLPLALENKYKGLLGRQVVKDFADYAEFCYKTFGDRVKNWMTFNEPRVVAALGYDNGIFAPGRCSKAFGNCTEGNSATEPYIVTHHLILAHAAAVQRYRKYYQAKQKGRVGILLDFVWYEPLTRSKADNLAAQRARDFHIGWFIHPLVYGEYPKTMQNIVKERLPKFTEKEVKMVKGSIDFVGINQYTTYYMSEPHPTTKPKDLGYQQDWNVEFGFAKLGKPIGPRAYSSWLYNVPWGMYKALMYMKERYGNPTMILSENGMDDPGNVTLAQGLHDTTRIKYYKDYLTNLKKARDDGANVVGYFAWSLLDNFEWLSGYTSRFGIVYVDYKTLKRYPKMSAQWFKQLLKRNNK,4.6238,Q9LV33
Cellobiose,OC[C@H]1O[C@@H](O[C@H]2[C@H](O)[C@@H](O)[C@H](O)O[C@@H]2CO)[C@H](O)[C@@H](O)[C@@H]1O,MRKFIAALRLALAAAAHLLLTLPPAQCYWLNPEIYDAGGLSRRAFPEGFVFGTAASAYQVEGMAKQGGRGPSIWDAFIEKPGTIPNNATADVTVDEYHRYKEDVNIMKNMGFDAYRFSISWSRIFPNGTGMVNQEGVDYYNRLIDYMVKKGIKPYANLYHYDLPLALHEQYLGWLSPNIVEAFADYADFCFQTFGDRVKDWFTFNEPRCVAALGYDNGFHAPGRCSGCDAGGNSTTEPYLAAHHLILSHAAAVKRYREKYQLYQKGRIGILLDFVWYEPFSDSNADRAAAQRARDFHLGWFLDPIIHGRYPYSMLEIVKDRMPTFSDEESRMVKDSIDYVGINHYTSFYMKDPGPWNLTPTSYQDDWHVGFAYERNGVPIGAQANSYWLYIVPWGINKAVTYVKETYGNPTMILSENGMDQPGNVSITQGVHDTVRIRYYRNYITELKKAIDDGAKVIGYFAWSLLDNFEWRLGYTSRFGIVYVDYKTLKRYPKDSAFWFKNMLSSKKRN,29.5055,A3BMZ5
Cellobiose,OC[C@H]1O[C@@H](O[C@H]2[C@H](O)[C@@H](O)[C@H](O)O[C@@H]2CO)[C@H](O)[C@@H](O)[C@@H]1O,MAARRANCALVLVLALALLAARDAGAAAVPKPNWLGGLSRAAFPKRFVFGTATSAYQVEGMAASGGRGPSIWDAFAHTPGNVAGNQNGDVATDQYHRYKEDVNLMKSLNFDAYRFSISWSRIFPDGEGRVNQEGVAYYNNLINYLLQKGITPYVNLYHYDLPLALEKKYGGWLNAKMADLFTEYADFCFKTFGNRVKHWFTFNEPRIVALLGYDQGTNPPKRCTKCAAGGNSATEPYIVAHNFLLSHAAAVARYRTKYQAAQQGKVGIVLDFNWYEALSNSTEDQAAAQRARDFHIGWYLDPLINGHYPQIMQDLVKDRLPKFTPEQARLVKGSADYIGINQYTASYMKGQQLMQQTPTSYSADWQVTYVFAKNGKPIGPQANSNWLYIVPWGMYGCVNYIKQKYGNPTVVITENGMDQPANLSRDQYLRDTTRVHFYRSYLTQLKKAIDEGANVAGYFAWSLLDNFEWLSGYTSKFGIVYVDFNTLERHPKASAYWFRDMLKH,4.6458,Q75I93
Cellobiose,OC[C@H]1O[C@@H](O[C@H]2[C@H](O)[C@@H](O)[C@H](O)O[C@@H]2CO)[C@H](O)[C@@H](O)[C@@H]1O,MGRIKSSSGRCSTARLEAVAVLVVVFGVASSSLRGCIAQQSGGGLTRGSFPEGFVFGTASAAYQYEGAVKEDGRGQTIWDTFAHTFGKITDFSNADVAVDQYHRFEEDIQLMADMGMDAYRFSIAWSRIYPNGVGQVNQAGIDHYNKLIDALLAKGIQPYVTLYHWDLPQALEDKYKGWLDRQIVDDFAAYAETCFREFGDRVKHWITLNEPHTVAIQGYDAGLQAPGRCSVLLHLYCKAGNSGTEPYVVAHHFILAHAAAASIYRTKYKATQNGQLGIAFDVMWFEPMSNTTIDIEAAKRAQEFQLGWFADPFFFGDYPATMRARVGERLPRFTADEAAVVKGALDFVGINHYTTYYTRHNNTNIIGTLLNNTLADTGTVSLPFKNGKPIGDRANSIWLYIVPRGMRSLMNYVKERYNSPPVYITENGMDDSNNPFISIKDALKDSKRIKYHNDYLTNLAASIKEDGCDVRGYFAWSLLDNWEWAAGYSSRFGLYFVDYKDNLKRYPKNSVQWFKALLKT,14.7544,Q8L7J2
Cellobiose,OC[C@H]1O[C@@H](O[C@H]2[C@H](O)[C@@H](O)[C@H](O)O[C@@H]2CO)[C@H](O)[C@@H](O)[C@@H]1O,MALQKFPLMGLLLLLTILVSVTTAVDDPVCPATSKLSRASFPNGFLFGTATAAFQVEGAINETCRGPALWDIYCRRNPERCSGDHADVAVDFFHRYKEDIQLMKNLNTDAFRLSIAWSRIFPHGRKEKGVSQAGVQFYHELIDELLKNGIVPFVTVFHWDTPQDLEDEYGGFLSQNIVKDFREYADYVFTEYGGKVKNWITFNEPWVFAHAGYDLGKKAPGRCSRYVPGCEDREGQSGKEAYLVSHNLLNAHAEAVEVFRQKVKGGKIGIAHSPAWFEPHDLKDSNDAPTVSRVLDFMLGWHLEPTTSGDYPQIMKDLLGYRLPQFTAAQKAKLKDSTDFVGLNYYTSTFSNYNEKPDPSKPSWKQDSLVSWEPKNVDHSAIGSMPLTAALPVYAKGFRKLLKYIKDKYANPEIMIMENGYGDKLGTTDSVDVGTADHNRKYYLQRHLLAMNEAICIDKVRVTGYFVWSLLDNFEWQDGYKNRFGLYYVDFKNNLTRYEKESAKYYKDFLAQGVRPSALKRDEL,9.0937,Q9C525
Cellobiose,OC[C@H]1O[C@@H](O[C@H]2[C@H](O)[C@@H](O)[C@H](O)O[C@@H]2CO)[C@H](O)[C@@H](O)[C@@H]1O,MALLAAATLNPTTHLSLRSRAGRNSENLWLRSTASSQKSKGRFCNLTIRAGTPSKPAEPIGPVFTKLKPWQIPKRDWFDKDFLFGASTSAYQIEGAWNEDGKGPSTWDHFCHTYPERISDMTNGDVAANSYHLYEEDVKALKDMGMKVYRFSISWSRILPDGTGKVNQAGIDYYNKLINSLIDNDIVPYVTIWHWDTPQALEDKYGGFLNRQIVDDYKQFAEVCFKNFGDRVKNWFTFNEPHTYCCFSYGEGIHAPGRCSPGMDCAVPEGDSLREPYTAGHHILLAHAEAVQLFKARYNMHGDSKIGMAFDVMGYEPYQDSFLDDQARERSIDYNMGWFLEPVVRGDYPFSMRSLIGDRLPMFTKEEQEKLASSCDIMGLNYYTSRFSKHVDMSPDFTPTLNTDDAYASSETTGSDGNDIGPITGTYWIYMYPKGLTDLLLIMKEKYGNPPVFITENGIADVEGDESMPDPLDDWKRLDYLQRHISAVKDAIDQGADVRGHFTWGLIDNFEWSLGYSSRFGLVYIDKNDGNKRKLKKSAKWFSKFNSVPKPLLKTTNNNATMTAASVSV,40.3709,Q1XH05
Cellobiose,OC[C@H]1O[C@@H](O[C@H]2[C@H](O)[C@@H](O)[C@H](O)O[C@@H]2CO)[C@H](O)[C@@H](O)[C@@H]1O,MKKFPEGFLWGVATASYQIEGSPLADGAGMSIWHTFSHTPGNVKNGDTGDVACDHYNRWKEDIEIIEKIGAKAYRFSISWPRILPEGTGKVNQKGLDFYNRIIDTLLEKNITPFITIYHWDLPFSLQLKGGWANRDIADWFAEYSRVLFENFGDRVKHWITLNEPWVVAIVGHLYGVHAPGMKDIYVAFHTVHNLLRAHAKSVKVFRETVKDGKIGIVFNNGYFEPASEREEDIRAARFMHQFNNYPLFLNPIYRGEYPDLVLEFAREYLPRNYEDDMEEIKQEIDFVGLNYYSGHMVKYDPNSPARVSFVERNLPKTAMGWEIVPEGIYWILKGVKEEYNPQEVYITENGAAFDDVVSEGGKVHDQNRIDYLRAHIEQVWRAIQDGVPLKGYFVWSLLDNFEWAEGYSKRFGIVYVDYNTQKRIIKDSGYWYSNVIKNNGLTD,246.0946,B9K7M5
Cellobiose,OC[C@H]1O[C@@H](O[C@H]2[C@H](O)[C@@H](O)[C@H](O)O[C@@H]2CO)[C@H](O)[C@@H](O)[C@@H]1O,MSFPKGFLWGAATASYQIEGAWNEDGKGESIWDRFTHQKGNILYGHNGDVACDHYHRHEEDVSLMKELGIKAYRFSTAWARIFPDGFGNINQKGLEFYDKLINELVENGIEPVVTLYHWDLPQKLQDIGGWANPEIVNYYFEYAMLIINRYKDKVKKWITFNEPYCIAFLGHWHGIHAPGIKNFKVAMDVVHNIMLSHFKVVKAVKENNIDVEIGITLNLTPVYLQTERLGYKVSEIEREMVNLSSQLDNELFLDPVLKGSYPQKLLDYLVQKDLLDSQKVNNMQQEVKENFIFPDFLGINYYTRSVRLYDENSGWIFPIRWEHPAGEYTEMGWEVFPQGLFDLLIWIKESYPQIPIYITENGAAYNDKVEDGRVHDQKRVEYLKQHFEAARKAIKNGVDLRGYFVWSLIDNFEWAMGYTKRFGIIYVDYETQKRIKKDSFYFYQQYIKENS,47.3107,E4Q361
Cellobiose,OC[C@H]1O[C@@H](O[C@H]2[C@H](O)[C@@H](O)[C@H](O)O[C@@H]2CO)[C@H](O)[C@@H](O)[C@@H]1O,MTMIFPKGFMFGTATAAYQIEGAVAEGGRTPSIWDTFSHTGHTLNGDTGDVADDFYHRWEDDLKLLRDLGVNAYRFSIGIPRVIPTPDGKPNQEGLDFYSRIVDRLLEYGIAPIVTLYHWDLPQYMASGDGREGGWLERETAYRIADYAGIVAKCLGDRVHTYTTLNEPWCSAHLSYGGTEHAPGLGAGPLAFRAAHHLNLAHGLMCEAVRAEAGAKPGLSVTLNLQICRGDADAVHRVDLIGNRVFLDPMLRGRYPDELFSITKGICDWGFVCDGDLDLIHQPIDVLGLNYYSTNLVKMSDRPQFPQSTEASTAPGASDVDWLPTAGPHTEMGWNIDPDALYETLVRLNDNYPGMPLVVTENGMACPDKVEVGTDGVKMVHDNDRIDYLRRHLEAVYRAIEEGTDVRGYFAWSLMDNFEWAFGYSKRFGLTYVDYESQERVKKDSFDWYRRFIADHSAR,5.2441,P94248
Cellobiose,OC[C@H]1O[C@@H](O[C@H]2[C@H](O)[C@@H](O)[C@H](O)O[C@@H]2CO)[C@H](O)[C@@H](O)[C@@H]1O,MALLAAATLNPTTHLSIRSRAGHNSENLWLRSAASSQKSKGRFCNLTVRAGTPSKPAEPIGPVFTKLKPWQIPKRDWFDKDFLFGASTSAYQIEGAWNEDGKGPSTWDHFCHTYPERISDRTNGDVAANSYHLYEEDVKALKDMGMKVYRFSISWSRILPNGTGKPNQKGIDYYNNLINSLIHHGIVPYVTIWHWDTPQALEDKYGGFLNRQIVNDYKHFAKVCFESFGDRVKNWFTFNEPHTYCCFSYGEGIHAPGRCSPGMDCAVPEGDSLREPYTAGHHILLAHAEAVELFKAHYNEHGDSKIGMAFDVMGYEPYQDSFLDDQARERSIDYNLGWFLEPVVRGDYPFSMRSLIGDRLPMFTKEEQEKLASSCDIMGLNYYTSRFSKHVDISSDFTPKLNTDDAYASSETKGSDGNDIGPITGTYWIYMYPKGLTDLLLIMKEKYGNPPIFITENGIADVDSDPTMTDPLDDWKRLDYLQRHISAVKDAIDQGADVRGHFTWGLIDNFEWSLGYSSRFGLVYIDKKDGNKRKLKKSAKWFAKFNSVPKALLKTTNTNNKPAVTASVSL,73.6516,Q1XH04
Cellobiose,OC[C@H]1O[C@@H](O[C@H]2[C@H](O)[C@@H](O)[C@H](O)O[C@@H]2CO)[C@H](O)[C@@H](O)[C@@H]1O,MAFPVGFGWAAATAAYQVEGGWDADGKGPCVWDTFTHQGGERVFKNQTGDVACGSYTLWEEDLKCIKQLGLTHYRFSLSWSRLLPDGTTGFINQKGIDYYNKIIDDLLKNGVTPIVTLYHFDLPQALEDQGGWLSEAIIESFDKYAQFCFSTFGDRVKKWITINEANVLSVMSYDLGMFPPGIPHFGTGGYQAAHNLIKAHARSWHSYNSLFRKEQKGMVSLSLFAVWLEPADPNSVSDQEAAKRAITFHLDLFAKPIFIDGDYPEIVKSQIASMSQKQGYPSSRLPEFTEEEKKMIKGTADFFAVQYYTTRLIKYQENKKGELGILQDAEIEFFPDPSWKNVDWIYVVPWGVRKLLKYIKDTYNNPVIYITENGFPQSDPAPLDDTQRWEYFRQTFQELFKAIQLDKVNLQVYCAWSLLDNFEWNQGYSSRFGLFHVDFEDPARPRVPYTSAKEYAKVIRNNGLEAHL,5.731,Q5RF65
Cellobiose,OC[C@H]1O[C@@H](O[C@H]2[C@H](O)[C@@H](O)[C@H](O)O[C@@H]2CO)[C@H](O)[C@@H](O)[C@@H]1O,MALLVGGTLNPTTHLSLRSRAGRNSENVWLRSAASSQTSKGRFCNLTVRAGTPSKPSEPIGPVFTKLKPWQIPKRDWFSKDFLFGASTSAYQIEGAWNEDGKGPSTWDHFCHTYPERISDGTNGDVAANSYHMYEEDVKALKDMGMKVYRFSISWSRILPNGTGKPNQKGIDYYNNLINSLIRHGIVPYVTIWHWDTPQALEDKYGGFLDKQIVNDYKYFAELCFQSFGDRVKNWFTFNEPHTYCCFSYGEGIHAPGRCSPGLDCAVPEGDSLREPYTAGHHILLAHAEAVELFKAHYNKHGDSKIGMAFDVMGYEPYQDSFLDDQARERSIDYNMGWFLEPVVRGDYPFSMRSLIGDRLPMFTKEEQEKLGSLCDIMGLNYYTSRFSKHVDISSDYTPTLNTDDAYASSETTGSDGNEIGPITGTYWIYMYPKGLTDLLLIMKEKYGNPPIFITENGIADVEGDPEMPDPLDDWKRLDYLQRHISAVKDAIDQGADVRGHFTWGLIDNFEWGSGYSSRFGLVYIDKEDGNKRKLKKSAKWFAKFNSVPKTLLKTTNNNATVTASVSV,73.7576,Q9FYS3
Cellobiose,OC[C@H]1O[C@@H](O[C@H]2[C@H](O)[C@@H](O)[C@H](O)O[C@@H]2CO)[C@H](O)[C@@H](O)[C@@H]1O,MALLAAATLNPTTHLSLRSRAGRNSENLWLRSAASSQKSKGRFCNLTVRAGTPSKPAEPIGPVFTKLKPWQIPKRDWFDKDFLFGASTSAYQIEGAWNEDGKGPSTWDHFCHKYPERISDGTNGDVAADSYHLYEEDVKALKDMGMKVYRFSISWSRILPNGTGEVNQAGIDYYNKLINSLISHDIVPYVTIWHWDTPQALEDKYGGFLDPQIVDDYKQFAKLCFESFGDRVKNWFTFNEPHTYCCFSYGEGIHAPGRCSPGMDCAVPEGDSLREPYTAGHHILLAHAEAVEMFRTHYNMHGDSKIGMAFDVMGYEPYQDSFLDDQARERSIDYNLGWFLEPVVRGDYPFSMRSLIGDRLPVFTKEEQEKLASSCDIMGLNYYTSRFSKHVDISPDVTPKLNTDDAYASSETTGSDGNDIGPITGTYWIYMYPKGLTDLLLIMKEKYGNPPIFITENGIADVDGDETMPDPLDDWKRLDYLQRHISAVKDAIDQGADVRGHFTWGLIDNFEWGSGYSSRFGLVYIDKNDGFKRKLKKSAKWFSKFNAVPKHLLGTTKPTGQAPV,45.411,D5MTF8
Cellobiose,OC[C@H]1O[C@@H](O[C@H]2[C@H](O)[C@@H](O)[C@H](O)O[C@@H]2CO)[C@H](O)[C@@H](O)[C@@H]1O,MAPLLAAAMNHAAAHPGLRSHLVGPNNESFSRHHLPSSSPQSSKRRCNLSFTTRSARVGSQNGVQMLSPSEIPQRDWFPSDFTFGAATSAYQIEGAWNEDGKGESNWDHFCHNHPERILDGSNSDIGANSYHMYKTDVRLLKEMGMDAYRFSISWPRILPKGTKEGGINPDGIKYYRNLINLLLENGIEPYVTIFHWDVPQALEEKYGGFLDKSHKSIVEDYTYFAKVCFDNFGDKVKNWLTFNEPQTFTSFSYGTGVFAPGRCSPGLDCAYPTGNSLVEPYTAGHNILLAHAEAVDLYNKHYKRDDTRIGLAFDVMGRVPYGTSFLDKQAEERSWDINLGWFLEPVVRGDYPFSMRSLARERLPFFKDEQKEKLAGSYNMLGLNYYTSRFSKNIDISPNYSPVLNTDDAYASQEVNGPDGKPIGPPMGNPWIYMYPEGLKDLLMIMKNKYGNPPIYITENGIGDVDTKETPLPMEAALNDYKRLDYIQRHIATLKESIDLGSNVQGYFAWSLLDNFEWFAGFTERYGIVYVDRNNNCTRYMKESAKWLKEFNTAKKPSKKILTPA,176.7677,P49235
Cellobiose,OC[C@H]1O[C@@H](O[C@H]2[C@H](O)[C@@H](O)[C@H](O)O[C@@H]2CO)[C@H](O)[C@@H](O)[C@@H]1O,MAFPADLVGGLPTAAYQVEGGWDADGRGPCVWDTFTHQGGERVFKNQTGDVACGSYTLWEEDLKCIKQLGLTHYRFSISWSRLLPDGTTGFINQKGVDYYNKIIDDLLTNGVTPVVTLYHFDLPQALEDQGGWLSEAIIEVFDKYAQFCFSTFGNRVRQWITINEPNVLCAMGYDLGFFAPGVSQIGTGGYQAAHNMIKAHARAWHSYDSLFREKQKGMVSLSLFCIWPQPENPNSVLDQKAAERAINFQFDFFAKPIFIDGDYPELVKSQIASMSEKQGYPSSRLSKFTEEEKKMIKGTADFFAVQYYTTRFIRHKENKEAELGILQDAEIELFSDPSWKGVGWVRVVPWGIRKLLNYIKDTYNNPVIYITENGFPQDDPPSIDDTQRWECFRQTFEELFKAIHVDKVNLQLYCAWSLLDNFEWNDGYSKRFGLFHVDFEDPAKPRVPYTSAKEYAKIIRNNGLERPQ,4.1922,P97265
Cellobiose,OC[C@H]1O[C@@H](O[C@H]2[C@H](O)[C@@H](O)[C@H](O)O[C@@H]2CO)[C@H](O)[C@@H](O)[C@@H]1O,MALLAAATLNPTTHLSLRSRAGRNSENLWLRSAASSQKSKGRFCNLTIRAGTPSKPAEPIGPVFTKLKPWQIPKRDWFDKDFLFGASTSAYQIEGAWNEDGKGPSTWDHFCHTYPERISDRTNGDVAANSYHLYEEDVKALKDMGMKVYRFSIAWSRILPDGTGKVNQAGIDYYNKLINSLIDNDIVPYVTIWHWDTPQALEDKYGGFLNRKIVDDYKQFAEVCFKNFGDRVKNWFTFNEPHTYCCFSYGEGIHAPGRCSPGMDCAVPKGDSLREPYTAGHHILLAHAEAVELFKACYNKHGDSKIGMAFDVMGYEPFQDSFLDDQARERSIDYNLGWFLEPVVRGDYPFSMRSLIGDRLPKFTKEEQEKLASSCDIMGLNYYTSRFSKHIDISSDFTPKLNTDDAYASSETKGSDGNDIGPITGTYWIYMYPKGLTDLLLIMKEKYGNPPIFITENGIADVDSDPTMTDPLDDWKRLDYLQRHISAVKDAIDQGADVRGHFTWGLIDNFEWSLGYSSRFGLVYIDKKDGNKRKLKKSAKWFAKFNSVPKRLLKTTNNNATVTVTSVSV,15.5713,Q1XIR9
Cellobiose,OC[C@H]1O[C@@H](O[C@H]2[C@H](O)[C@@H](O)[C@H](O)O[C@@H]2CO)[C@H](O)[C@@H](O)[C@@H]1O,MSAAKLPKSFVWGYATAAYQIEGSPDKDGREPSIWDTFCKAPGKIADGSSGDVATDSYNRWREDVQLLKSYGVKAYRFSLSWSRIIPKGGRSDPVNGAGIKHYRTLIEELVKEGITPFVTLYHWDLPQALDDRYGGWLNKEEAIQDFTNYAKLCFESFGDLVQNWITFNEPWVISVMGYGNGIFAPGHVSNTEPWIVSHHIILAHAHAVKLYRDEFKEKQGGQIGITLDSHWLIPYDDTDASKEATLRAMEFKLGRFANPIYKGEYPPRIKKILGDRLPEFTPEEIELVKGSSDFFGLNTYTTHLVQDGGSDELAGFVKTGHTRADGTQLGTQSDMGWLQTYGPGFRWLLNYLWKAYDKPVYVTENGFPVKGENDLPVEQAVDDTDRQAYYRDYTEALLQAVTEDGADVRGYFGWSLLDNFEWAEGYKVRFGVTHVDYETQKRTPKKSAEFLSRWFKEHIEE,6.9096,Q25BW5
Cellobiose,OC[C@H]1O[C@@H](O[C@H]2[C@H](O)[C@@H](O)[C@H](O)O[C@@H]2CO)[C@H](O)[C@@H](O)[C@@H]1O,MAPLLAAAMNHAAHPVLRSHLGPNNESFSRHHLSSSPQSSKRRFNLSFTPRSARVGNQNGVQLLSPSEIPRRDWFPSDFIFGAATSAYQIEGAWNEDGKGESNWDHFCHNFPERIMDGSNADIGANSYHMYKTDVRLLKEMGMDAYRFSISWPRILPKGTVEGGINQDGIDYYKRLINLLLENGIEPYVTIFHWDVPQALEEKYGGFLDKTQKRIVNDYKNFAKVCFDNFGDKVKNWLTFNEPQTFTSFSYGTGVFAPGRCSPGLDCAIPTGNSLVEPYIAGHNILLAHAEAVDLYNKYYKGENGRIGLAFDVMGRVPYGTSFLDEQAKERSMDINLGWFLEPVVRGDYPFSMRSLARERLPFFSDKQQEKLVGSYNMLGINYYTSIFSKHIDISPKYSPVLNTDDAYASQETYGPDGKPIGPPMGNPWIYLYPEGLKDILMIMKNKYGNPPIYITENGIGDVDTKEKPLPMEAALNDYKRLDYIQRHISTLKESIDLGANVHGYFAWSLLDNFEWYAGYTERYGIVYVDRKNNYTRYMKESAKWLKEFNTAKKPSKKIITPA,11.6767,Q41761
Cellobiose,OC[C@H]1O[C@@H](O[C@H]2[C@H](O)[C@@H](O)[C@H](O)O[C@@H]2CO)[C@H](O)[C@@H](O)[C@@H]1O,MKTFANFAILFLLQSLLFPLYSSCLHQTSDDSSPFPSDFLFGTASSAFQYEGAFLTDGKGLNNWDVFAHENPGKIVDGSNGDIATDQYHRYMEDIQSMNFLGVNSYRLSISWSRVLPNGRFGVINYKGIKYYNNLIDALIKKGITPFVTLNHFDYPQELENRFKSWLSSEMQKDFGYLADICFKHFGDRVKHWITINEPNQHISLAYRSGLFPPARCSMPYGNCTHGNSETEPFIAAHNMILAHAKAIQIYRTKYQREQKGIIGIVVQTSWFEPISDSIADKNAAERAQSFYSNWILDPVVYGKYPEEMVNLLGSALPKFSSNEMNSLMSYKSDFLGINHYTSYFIQDCLITACNSGDGASKSEGLALKLDRKGNVSIGELTDVNWQHIDPNGFRKMLNYLKNRYHNIPMYITENGFGQLQKPETTVEELLHDTKRIQYLSGYLDALKAAMRDGANVKGYFAWSLLDNFEWLYGYKVRFGLFHVDFTTLKRTPKQSATWYKNFIEQNVNIEDQIDK,10.056,O80690
Cellobiose,OC[C@H]1O[C@@H](O[C@H]2[C@H](O)[C@@H](O)[C@H](O)O[C@@H]2CO)[C@H](O)[C@@H](O)[C@@H]1O,MKTIKSLFLLSLLIVNLLISSTYGSSIRVSIVGGEEAEVIEKPRTFGNKRELKLEYSQIYPKKQLNQENINFMSARDTFVDNLMSKMSITEKIGQMTQLDITTLTSPNTITINETTLAYYAKTYYIGSYLNSPVSGGLAGDIHHINSSVWLDMINTIQTIVIEGSPNKIPMIYGLDSVHGANYVHKATLFPHNTGLAATFNIEHATTAAQITSKDTVAVGIPWVFAPVLGIGVQPLWSRIYETFGEDPYVASMMGAAAVRGFQGGNNSFDGPINAPSAVCTAKHYFGYSDPTSGKDRTAAWIPERMLRRYFLPSFAEAITGAGAGTIMINSGEVNGVPMHTSYKYLTEVLRGELQFEGVAVTDWQDIEKLVYFHHTAGSAEEAILQALDAGIDMSMVPLDLSFPIILAEMVAAGTVPESRLDLSVRRILNLKYALGLFSNPYPNPNAAIVDTIGQVQDREAAAATAEESITLLQNKNNILPLNTNTIKNVLLTGPSADSIRNLNGGWSVHWQGAYEDSEFPFGTSILTGLREITNDTADFNIQYTIGHEIGVPTNQTSIDEAVELAQSSDVVVVVIGELPEAETPGDIYDLSMDPNEVLLLQQLVDTGKPVVLILVEARPRILPPDLVYSCAAVLMAYLPGSEGGKPIANILMGNVNPSGRLPLTYPGTTGDIGVPYYHKYSENGVTTPLFQFGDGLSYTTFNYTNLACSNCKPISGQSGNYTGVLGQSYTFTVTVTNNGNVQGKDSVLLYLSDLWAQVTPEVKMLRGFQKVDLMPAKSQQISFTLNAYEFSFIGVDNKITLESGQFIIMVGNQQLGLYLQ,15.2886,Q23892
Cellobiose,OC[C@H]1O[C@@H](O[C@H]2[C@H](O)[C@@H](O)[C@H](O)O[C@@H]2CO)[C@H](O)[C@@H](O)[C@@H]1O,MKWLCSVGIAVSLALQPALADDLFGNHPLTPEARDAFVTELLKKMTVDEKIGQLRLISVGPDNPKEAIREMIKDGQVGAIFNTVTRQDIRAMQDQVMELSRLKIPLFFAYDVLHGQRTVFPISLGLASSFNLDAVKTVGRVSAYEAADDGLNMTWAPMVDVSRDPRWGRASEGFGEDTYLTSTMGKTMVEAMQGKSPADRYSVMTSVKHFAAYGAVEGGKEYNTVDMSPQRLFNDYMPPYKAGLDAGSGAVMVALNSLNGTPATSDSWLLKDVLRDQWGFKGITVSDHGAIKELIKHGTAADPEDAVRVALKSGINMSMSDEYYSKYLPGLIKSGKVTMAELDDAARHVLNVKYDMGLFNDPYSHLGPKESDPVDTNAESRLHRKEAREVARESLVLLKNRLETLPLKKSATIAVVGPLADSKRDVMGSWSAAGVADQSVTVLTGIKNAVGENGKVLYAKGANVTSDKGIIDFLNQYEEAVKVDPRSPQEMIDEAVQTAKQSDVVVAVVGEAQGMAHEASSRTDITIPQSQRDLIAALKATGKPLVLVLMNGRPLALVKEDQQADAILETWFAGTEGGNAIADVLFGDYNPSGKLPMSFPRSVGQIPVYYSHLNTGRPYNADKPNKYTSRYFDEANGALYPFGYGLSYTTFTVSDVKLSAPTMKRDGKVTASVQVTNTGKREGATVVQMYLQDVTASMSRPVKQLKGFEKITLKPGETQTVSFPIDIEALKFWNQQMKYDAEPGKFNVFIGTDSARVKKGEFELL,5.212,P33363
Cellobiose,OC[C@H]1O[C@@H](O[C@H]2[C@H](O)[C@@H](O)[C@H](O)O[C@@H]2CO)[C@H](O)[C@@H](O)[C@@H]1O,MKNLTSFVIVILLQSLLFHVYGRHQSSSKNILVDSSPFPSDFLFGTASSAYQYEGAFLTDGKSLNNWDVFTHKNPGKILDKNNADRAVDQYNRFLEDIQLMSFLGVNSYRFSISWCRILPRGRFGEINYLGIKYYNIFIDALISRGIKPFVTLNHVDYPQELEDRFQSWLNPEMQKEFGYLADICFKHFGNRVKYWTTLNEPNQQLILGYLTGKFPPSRCSSPYGNCSQGNSETEPFIAAHNMILAHAKAVNIYKTKYQKEQKGSIGIVVQTSWFEPISDSNADKEAAERAQSFYSNWILDPVIYGKYPKEMVDILGPALPQFSSNEVKNLEKSRADFVGINHYTSYFIQDCLTSACNTGHGAFKAEGYALKLDRKGNVTIGELTDVNWQHIDPTGFHKMLNYLKDRYPNMPMFITENGFGDLQKPETTDKELLNDTKRIQYMSGYLEALQAAMRDGANVKGYFVWSLLDNFEWLFGYKVRFGLFHVDLTTLKRSPKQSASWYKNYIEEHVNRRDIVDNY,1.4859,O80689
Cellobiose,OC[C@H]1O[C@@H](O[C@H]2[C@H](O)[C@@H](O)[C@H](O)O[C@@H]2CO)[C@H](O)[C@@H](O)[C@@H]1O,MKNIKKMVLVSAFAGTCLTPHAQTASPVIPTDPAIETHIREWLQKMTLEQKIGQMCEITIDVVSDLETSRKKGFCLSEAMLDTVIGKYKVGSLLNVPLGVAQKKEKWAEAIKQIQEKSMKEIGIPCIYGVDQIHGTTYTLDGTMFPQGINMGATFNRELTRRGAKISAYETKAGCIPWTFAPVVDLGRDPRWARMWENYGEDCYVNAEMGVSAVKGFQGEDPNRIGEYNVAACMKHYMGYGVPVSGKDRTPSSISRSDMREKHFAPFLAAVRQGALSVMVNSGVDNGLPFHANRELLTEWLKEDLNWDGLIVTDWADINNLCTRDHIAATKKEAVKIVINAGIDMSMVPYEVSFCDYLKELVEEGEVSMERIDDAVARVLRLKYRLGLFDHPYWDIKKYDKFGSKEFAAVALQAAEESEVLLKNDGNILPIAKGKKILLTGPNANSMRCLNGGWSYSWQGHVADEYAQAYHTIYEALCEKYGKENIIYEPGVTYASYKNDNWWEENKPETEKPVAAAAQADIIITCIGENSYCETPGNLTDLTLSENQRNLVKALAATGKPIVLVLNQGRPRIINDIVPLAKAVVNIMLPSNYGGDALANLLAGDANFSGKMPFTYPRLINALATYDYKPCENMGQMGGNYNYDSVMDIQWPFGFGLSYTNYKYSNLKVNKPTFNADDELIFTVDVTNTGKVAGKESVLLFSKDLVASSTPDNIRLRNFEKVSLEPGETKTVTLKLKGSDLAFVGYDGKWRLEKGDFKIKCGDQWMDIVCDQTKVWNTPNKNTLHK,8.9939,A7LXU3
Cellobiose,OC[C@H]1O[C@@H](O[C@H]2[C@H](O)[C@@H](O)[C@H](O)O[C@@H]2CO)[C@H](O)[C@@H](O)[C@@H]1O,MRVPSLSVLSFLLGTALAAASNFEAGLLSSGKVSLGDWKSAHEKASQFVAKLNTTEKIKLITGSSVTTTNGETFTALDILDGDMGAQAYYYVSAFSLSSALAMTWDKEAMYEQGRAIAAEFYGKGIQMVAGPTSQPLGRTPWGGRLVESFGPDPYLNGIATGLETRAYADVGVIAGAKHFILNEQETNRTGGMGGGGGAPGGGGMGRGAEFSSSVPGGMSPTSSAGAIPSSTSTPGGSGMGGGMAGSSAFSSSSSSGAPYSSNADDKTLHETYLWSFYDAVHSGLGGVMCAMTKVNGTLSCQSSSLLLDILKTELGFPGMVWPDTNGQQDALASAANGLDYGSSSLWSESTIEGYLESNNITEARLNDMAIRNLMGYYYVNLDNGTQPSTAAQDDYVDVRANHAKLIRSHGSKSMVLLKNKNNTLPLYKPHKMAIFGSHARAAVAGPNMQFSVEGSGPTYDGHIATDSGSGQASLPYLITPENALNIKASQDGTMLRWIANDTYSSSTGSALVMQGSSSTSVTPSVSAYSENMDVCLVFINALAGEGADRTELRNTDQDNLINEVADNCDNTVVVINTVGARILDSWIEHENVTAVLYGSLLGQESGNSIVDVLYGDVNPSGRLTYTIAKTESDYNVDICYTAQCNFTEGNYIDYRYFDAYNVTPRYEFGYGLSYTDFAYSNLHIQGPSALSTYPTGQLAVGGYEDLWDTVAKVTVTIRNAGSLDGAEVPQLYISYPDVAKQPVRQLRGFHNVYIKKGQSTKVTFELRRRDISYWDVQHQKWAVAPGTYEAWVGASSRDLRTHGSFVVKTKA,4.6658,Q5AUW5
Cellobiose,OC[C@H]1O[C@@H](O[C@H]2[C@H](O)[C@@H](O)[C@H](O)O[C@@H]2CO)[C@H](O)[C@@H](O)[C@@H]1O,MSFQKVDPAQIESVLSKLTLEEKISLLAGKNFWETQDYPEKGVPPVKTSDGPNGARGATFKGGVTAACFPASSLLAATWDLDAAKHIGEALADETRSKGARVLLAPTVCIHRHPLGGRNFESFSEDPFLAGKLAAQYIKGLQGNGVAATIKHYAANEQETCRFTVNEHITERALREIYLKPFEIAIKESNPLAVMTAYNIVNGTHADSNNFLLRDVLRGEWGWKGLVMSDWGGTNSTADALNAGLDLEMPGPTRWRKVDEVLAVVKSGAVLEETIDERARNVLELLAKLNCFENPTIPEEKAINRPEHQKLIRSVGSQGLVLLKNEGDVLPLRKEILTNKKVALLGFAREALIHGGGSASVNAHYRVTPEEGLRAALGDTVEFEYAKGAHTFRQLPLMSDNVVNLEGQPGWTLDFFADEEPNGEPGSSISSEQPSYIPLFVKESWGSVRASAHFTPTQSGKHYFGMSGLGRSKLLIDGEVIYEQKLNCPDSMGFLLGGVEEPEIQYSFEAGKTYAVEVVSVKPTSKGGLALLDGFIGFRLGFMTEEEHNRDLLSEAVDVAKRSDIAIVFTGHTPDWETEGQDQISFHLPSNGSQDRLVAAVGAANPNTVVVNCTGVAVAMPWLDKVKAVVQAWFPGQEAGNAIADVLTGAVNPSGRLPVSFPRAIEDAPAHGNFPGDYTDGKDNRRHLEVTYKEGVFVGYRHYDLSEANRAKVLFPFGYGLSYTTFTHANHKASATSRNTVEVAVDVTNVGTCAGADVVQVYAGAKLAVPENPVKELVGFAKVHLKPGETKTANITFEVRQLTHFTERSGKWELESGDYEISIGQSVRDITGKVEIGLEAQNYKP,8.4475,Q5BFG8
Cellobiose,OC[C@H]1O[C@@H](O[C@H]2[C@H](O)[C@@H](O)[C@H](O)O[C@@H]2CO)[C@H](O)[C@@H](O)[C@@H]1O,MIIGIMKTFLLTICFLSVQTGMVAIAQDKEQTPVYLDDTQPIEVRVQDALNRMTVEEKTRLSYAQGKFSSPGCPRLGIPELWMSDGPHGVRAEINWNDWGYAGWTNDSCTAFPALTCLAASWNPLLAAKYGYAIGEEARYREKDVLLGPGVNIYRTPLNGRNFEYMGEDPYLASELCVPYIQGVQKNGVAACVKHYALNNQELWRGHIDVQLSDRALYEIYLPAFKAAVERGKAWSIMGAYNKVRGTHATHHKLLNNDILKGEWNFDGCVITDWGAAHDTYEAAMYGLDIEMGSYTNGLTSESEFGYDDYYLGKSYLKMVREGKIPMEVVNDKAARVLRLIFRTAMNRRKPFGALTSEEHYRTAYEIATEGIVLLKNGTGKKQPALLPVPQGKYKRILVVGDNATRNLMLGGGSSELKVQKVISSLDGIKAKFGDGVVYAQGYTSGRPMYGRADVIPQVTVDSLRNDAVEKAMNSDLVIFVGGLNKNHFQDCEGGDRLSYELPFAQNELIEALLKVNKNLVAVIVSGNAVEMPWVKEIPSIVQSWYLGSVGGEALADVLSGEVTPSGKLPFSYPVKLEDCPAHFFGEISYPGDSIRQEYKEDILVGYRWYDTKKVQPLFPFGYGMSYTTFEYSKPVISAQTMNTDGSIDVSVKVKNTGKVAGKEIIQLYIGDEECSVLRPVKELKDFRKVQLLPNEEKEVKFTIKPEALQFFDDKQRTWVAEPGKFKAYIAASSSDIRGTVTFEYIQ,21.4651,A7LXS8
Cellobiose,OC[C@H]1O[C@@H](O[C@H]2[C@H](O)[C@@H](O)[C@H](O)O[C@@H]2CO)[C@H](O)[C@@H](O)[C@@H]1O,MASRLVAGLQVLALAGTATAVLTWDEAYAKANTALARITQQDKVSLVSGIGWDKGPCVGNTAPVSAINYPQLCLQDGPTGVRFGTGVTAFTPGIQAASTWDVELMRQRGQFQAEEQKGCGVHVMLTPVAGALGKIPEGGRNWEGFGVDPYLAGIAMEVTIEGQQSVGVQATAKHYLLNEQELNRNTMSSNVDDRTLHELYLWPFADAVRANVASVMCSYNKINGSWACENEHAMQKLLKDELGFKGYVMSDWNAQHTTTGSANAGMDMTMPGSDFNGGNVLWGPQLNTAVNNNQVARTRLDDMARRVLAAWYLTEQDKGYPPINIRANVQGNHKENVRAVARDGIVLLKNDAGALPFKAPRRLAIVGSASVANPRGINSCVDRGCNEGALGMGWGSGTTNYPYFSAPADAIRARAQQDGATVTLSASDSTADVANTVRDADAAIVFLTSNSGEGYLLVDGSYGDRLNLDPLHNGNQLVQAVAQANKNTIVVVHSVGPLVLESILSTPGVTAVVWAGLPGQESGNALVDVLYGSVSPSGKLPYTIARATADYGTAIVPGDDNFPEGLFVDYRHFDRANIQPRFEFGYGLSYTNFTYSNIKVASTVRSGPATGPVVSGGRADLWETVATVTATVTNSGGVAGAEVAQLYVSYPKGGSVPETPPRQLRGFNKLKLAPGASGTATFNIRRRDLSYWHVGQQNWVVPAGAFGLEVGASSRDLRLKESITVV,0.7042,G4NI45
Cellobiose,OC[C@H]1O[C@@H](O[C@H]2[C@H](O)[C@@H](O)[C@H](O)O[C@@H]2CO)[C@H](O)[C@@H](O)[C@@H]1O,MRVDSTVLALVALATDCLGLAIKSNEPELLRRDALPIYKNASYCVDERVRDLLSRMTLEEKAGQLFHKQLSEGPLDDDSSGNSTETMIGKKHMTHFNLASDITNATQTAEFINLIQKRALQTRLGIPITISTDPRHSFTENVGTGFQAGVFSQWPESLGLAALRDPQLVREFAEVAREEYLAVGIRAALHPQVDLSTEPRWARISGTWGENSTLTSELIVEYIKGFQGEGKLGPKSVKTVTKHFPGGGPMENGEDSHFYYGKNQTYPGNNIDEHLIPFKAALAAGATEIMPYYSRPIGTNWEAVGFSFNKEIVTDLLRGELGFDGIVLTDWGLITDTYIGNQYMPARAWGVEYLSELQRAARILDAGCDQFGGEERPELIVQLVREGTISEDRIDVSVARLLKEKFLLGLFDNPFVNASAANNIVGNEHFVNLGRDAQRRSYTLLTNNQTILPLAKPGEGTRFYIEGFDSAFMSARNYTVVNTTEEADFALLRYNAPYEPRNGTFEANFHAGSLAFNATEKARQAKIYSSLPTIVDIILDRPAVIPEVVEQAQAVLASYGSDSEAFLDVVFGVSKPEGKLPFDLPRSMDAVEAQAEDLPFDTENPVFRYGHGLEYEDN,9.8854,Q5BCC6
Cellobiose,OC[C@H]1O[C@@H](O[C@H]2[C@H](O)[C@@H](O)[C@H](O)O[C@@H]2CO)[C@H](O)[C@@H](O)[C@@H]1O,MRWSSPTSSSLSLVALLLVAHVDAAERATSPPVHPSPPMKGAGVWSAAYASAKELVSQMTLEEMVNITGGFATTENVCAGNTGTVPRLGWPGLCLHDAGNGVRATDLVSAYPSGLHVGASWDKNLTYERGLYMGKEFKAKGVNVLLGPNAGALGRVPVAGRNWEGFTIDPYLSGILNAESIVGHQEAGVIATTKHFIGNEQELYRRPYFGVEAVSSNIDDKTVHELYMWPFMDSVKAGAASAMCSYQRVNNTYACMNSKLMNGLLKGELEFEGFIMLDWNAVHTVDSAEAGLDMVMPRGNWGTNLTAAINNGTTSKERLVDMATRIVAAWYFVGQDGDKFPKPGVGMYNLTQPHTPVEARVSESKPIIMEGAVAGHVLLKNEKNALPLKKPKMLSVYGYDATVPRTKNTDVLFTLGYYSSAEMAQAVLGTEQHFDQAAKGGTIISGGRAGANGPPYISDPLSAIQHRAADDDTWVNWDLDSGNPDVNSGSDACLVFINAIATEGWDRDGLHDDFSDGLVLNVASKCENTIVVIHNAGVRLVDQWVDHPNVTALVMAHLPGQDSGAALVKLLYGEEYFSGKLPYTIPHNESDYGHVYRSCAHDRAQDDKDPQCDFTEGVYIDYRDFDARNVTPRFEFGFGLGYTTFEFSELSIETSENLTAGVGSGSIWDHVAIVHATIKNNGSADGAEVAQLYLGIPNSPPKQLRGFEKVALSPGVSAPVRFELTRRDFSIWDVVAQKWVVQEGSYSVHVGASSRDIRLSDDIKI,30.2121,G4N7Z0
Cellobiose,OC[C@H]1O[C@@H](O[C@H]2[C@H](O)[C@@H](O)[C@H](O)O[C@@H]2CO)[C@H](O)[C@@H](O)[C@@H]1O,LLSITTTHIHAFKPLPISFDDFSDLNRSCFAPGFVFGTASSAFQYEGAAFEDGKGPSIWDTFTHKYPEKIKDRTNGDVAIDEYHRYKEDIGIMKDMNLDAYRFSISWPRVLPKGKLSGGVNREGINYYNNLINEVLANGMQPYVTLFHWDVPQALEDEYRGFLGRNIVDDFRDYAELCFKEFGDRVKHWITLNEPWGVSMNAYAYGTFAPGRCSDWLKLNCTGGDSGREPYLAAHYQLLAHAAAARLYKTKYQASQNGIIGITLVSHWFEPASKEKADVDAAKRGLDFMLGWFMHPLTKGRYPESMRYLVRKRLPKFSTEESKELTGSFDFLGLNYYSSYYAAKAPRIPNARPAIQTDSLINATFEHNGKPLGPMAASSWLCIYPQGIRKLLLYVKNHYNNPVIYITENGRNSSTINTVTSRIPF,24.7765,P26205
Cellobiose,OC[C@H]1O[C@@H](O[C@H]2[C@H](O)[C@@H](O)[C@H](O)O[C@@H]2CO)[C@H](O)[C@@H](O)[C@@H]1O,MAGTLLSWTPLALALMARALSQLPLTDCPGYRVINVEERPRGLTADLTLAGTPCNVYGVDIENLRLETDYDTNQRLHVKIYDADENVYQVPDSVFPRPVVNDQACADENTPELRFSYAEDPFSFAVSRASNDETLFNTTGHNLIFQSQYVNLRTSLPQNPNLYGLGEHSDPLRLNTINYTRTLWNRDAYTIPAGTNLYGAHPMYIDHRGEAGTHGVFLLNSNGMDIKIDKNSDNIQFLEYNILGGVLDFYFFAGPSPKDVSVQYAEVAGLPAMVPYWGLGFHQCRYGYRDIFEVAAVVHNYSEARIPLETMWTDIDYMDHRKVFTLDRERFPLDTVRALVQYLHQRDQHYIVMVDPAVAHSENGAFTRGLEKDVFMRKQDGTLYQGAVWPGATVFPDWFHPNTSDYWINEFALFFNAESGVDIDALWIDMNEAANFCDWPCTDPVAYAEENNLPPEPPAVRPNPSSLPGFPAEFQPVNSNNNNSSRKRETQVVIAARQGFVKVGNDNGNGRRLGLQGRELIDPPYKIANAAGSLSNKTMNTDIFHANGLAEYDTHNLYGTMMSSLSRDAMLYRRPEKRPLVITRSTFAGAGSYVGHWLGDNASTWTKYRISIAQMLAFASIFQIPMVGSDACGFTGNTTEELCSRWATLAAFNPFFRNHNEYGMVSQEFYRWNSVAEAARKAISIRYSLLDYLYTEFHEQTVTGEPFLLPLFFVYPNDPNVVGIDSQFFYGDAILVSPVIEEGKTEVHAYFPGDLFYDWYTGLPLRGNGEVITLTDIGYTDIPLHVRGGKIVPVRTGSAGMNTTTEVRKSGFRLVIAPGLDGRAAGRLYIDDGESLEQTAMVDVVFTYEDGRVSVDGVFTLQTDLRVEAVTVFGDNVVERTIDLPLSGPGGVEL,14.1491,Q5AWI5
Cellobiose,OC[C@H]1O[C@@H](O[C@H]2[C@H](O)[C@@H](O)[C@H](O)O[C@@H]2CO)[C@H](O)[C@@H](O)[C@@H]1O,MSASAAPPNKLPADFLWGFATASFQIEGATDVDGRGKSIWDDFSKIPGKTLDGKNGDVATDSYNRWREDVDLLVQYGVKSYRFSISWSRIIPLGGRNDPVNEAGIKFYSDLIDALLERGIVPFVTLYHWDLPQALHDRYLGWLNKDEIVQDYVRYAGVCFERFGDRVKHWLTMNEPWCISILGYGRGVFAPGRSSDRMRSPEGDSSTEPWIVGHSVILAHAYAVKLYREQFKANRGGQIGITLNGDWAMPYDDSPQNIEAAQHALDVAIGWFADPIYLGQYPAYMKEMLGDRLPEFTPEELAVVKGSSDFYGMNTYTTNLCKAGGEDEFQGNVEYTFTRPDGTQLGTAAHCSWLQDYAPGFRDLLNYLYKRYRKPIYVTENGFAVKDENSKPLEEALKDDDRVHYYQGVTDSLLAAVKEDGVDVRGYFGWSLLDNFEWADGYITRFGVTYVDYDTQKRYPKDSGKFLSQWFPAHIAESPKPAAETKKAATPSPLKPHGAISNGVSKKSSATKEPKSASRKKGRKAPFARFTAYISAFLGL,142.7861,Q25BW4
Cellobiose,OC[C@H]1O[C@@H](O[C@H]2[C@H](O)[C@@H](O)[C@H](O)O[C@@H]2CO)[C@H](O)[C@@H](O)[C@@H]1O,MAWLGIGMGRQIVPVLVFVAVLCSGVDASFNRYSFPKDFIFGTGSAAYQYEGAAKEGGKILNGDTGDVADDFYHRYKEDVNLLKDMNMDAFRFSISWSRILPNGTLSGGVNKEGVAFYNNLINEIIAKGMKPFVTIFHWDTPQALESKYGGFLSENIIKDYVDFAEVCFREFGDRVKFWATFNEPWTYCSQGYGTGIHALGRCSPYVSTSCAGGDSSREPYLAAHHVILAHATAVHLYRTKYQPTQHGQIGITAVSHWFVPYNDTAADRRVVQRSLDFMYGWFLDPIVHGDYPGTMRGWLGARLPAFTAEQAAAVRGSYDFIGVNYYTTYYAKSVPLPSSNRLSYDTDIRANTTGFRNGKPIGPQEFTPIFFNYPPGLRELLLYTKRRYNNPIIYVTENGIAEGNNKSLPITEALKDGHRIEFHSKHLQFVNHAIKNGVNVKGYFTWTFMDCFEWGDGYLDRFGLIYIDRLNNLKRYHKQSSYWIANFLKRKKY,37.5676,A3C053
Cellobiose,OC[C@H]1O[C@@H](O[C@H]2[C@H](O)[C@@H](O)[C@H](O)O[C@@H]2CO)[C@H](O)[C@@H](O)[C@@H]1O,MAVAGAVAMSGGILLLLLLLLLLLAAACVEAGELPPISRRSFPKGFIFGTSSASYQCEGGAAEGGRGPSIWDTFTYQHPDKIADKSNGDVADNTYHLYKEDVHMMKEMGMDAYRFSISWSRILPNGSLNGGVNIEGINYYNNLINELLLKGVQSFVTLFHYDTPQALEDKYNGFLSPNIINDYKDYAEICFKEFGDRVKHWITFNEPWIFCSKAYASGTYAPGRCSPWEMGKCSVGDSGREPYTACHHQLLAHAETVRLYREKYQFTEEVVRQSQFIHDNDLHRRSAKLSFIIQNYLLLGIHFQPGPGGRVCQYRH,34.6698,B7ECS8
Cellobiose,OC[C@H]1O[C@@H](O[C@H]2[C@H](O)[C@@H](O)[C@H](O)O[C@@H]2CO)[C@H](O)[C@@H](O)[C@@H]1O,MAAGARALVPSPFIVVVFLLLAAAARDASALTRHDFPEGFVFGAGTSAFQVEGAAAEDGRKPSIWDTFTHQGYSPGGAIADVSADQYHHYKEDVKLMYDMGLDAYRFSIAWPRLIPDGRGEINPKGLEYYNNLIDELIMHGIQPHVTIYHFDLPQALQDEYGGILSPRFIEDYTAYAEVCFKNFGDRVKHWVTVNEPNIEPIGGYDAGVQPPRRCSYPFGTNCTGGDSSTEPYIVAHHLLLAHASAVSIYRQKYQAIQGGQIGITLLGWWYEPYTDAVADAAAAIRMNEFHIGWFMNPLVHGDYPPVMRSRVGARLPSITASDSEKIRGSFDFIGINHYFVIFVQSSDANHDQKLRDYYVDAGVQENGGGGFDKEHYQLHPWALGKMLHHLKLKYGNPPVMIHENGDADSPETPGKIDYDDDFRSDFLQSYLEVLHLSIRNGSNTRGYFVWSLLDGFEFLSGYGNRFGLCCVDFTAPARTRYVRSSARWYSDFLNGGELRPVKPFVAL,3.1206,Q0J0G2
Cellobiose,OC[C@H]1O[C@@H](O[C@H]2[C@H](O)[C@@H](O)[C@H](O)O[C@@H]2CO)[C@H](O)[C@@H](O)[C@@H]1O,MGSTGRDAEVTRGDFPDGFVFGVATSAYQIEGARREGGKGDNIWDVFTENKERILDGSSGEVAVDHYHRYKEDIELMASLGFRAYRFSISWPRIFPDGLGKNVNEQGVAFYNDLINFMIEKGIEPYATLYHWDLPHNLQQTVGGWLSDKIVEYFALYAEACFANFGDRVKHWITINEPLQTAVNGYGIGHFAPGGCEGETARCYLAAHYQILAHAAAVDVYRRKFKAVQGGEVGLVVDCEWAEPFSEKTEDQVAAERRLDFQLGWYLDPIYFGDYPESMRQRLGDDLPTFSEKDKEFIRNKIDFVGINHYTSRFIAHHQDPEDIYFYRVQQVERIEKWNTGEKIGERAASEWLFIVPWGLRKLLNYAAKRYGNPVIYVTENGMDEEDDQSATLDQVLNDTTRVGYFKGYLASVAQAIKDGADVRGYFAWSFLDNFEWAMGYTKRFGIVYVDYKNGLSRHPKASARWFSRFLKGDDAENKADMN,4.1839,Q5N863
Cellobiose,OC[C@H]1O[C@@H](O[C@H]2[C@H](O)[C@@H](O)[C@H](O)O[C@@H]2CO)[C@H](O)[C@@H](O)[C@@H]1O,MAVSSSTSTCSSFSLLLLLLLLAAAPWRSGEAAAAAARALNFTRQDFPGEFVFGAGTSAYQYEGATDEDGRSPSIWDTFTHAGKMPDKSTGDMGAGGYHKYKEDVKLMSDTSLEAYRFSISWSRLIPRGRGPVNPKGLEYYNSLIDELVERGIEIHVTLYHLDFPQILEDEYHGWLSPRVIDDFTAYADVCFREFGDRVRHWTTMDEPNVLSIAAYDSGAFPPCRCSPPFGANCTAGNSTVEPYVVAHNSILAHASVTRLYRDKYQATQEGFVGMNIYSFWNYPFSSSSADIAATQRALDFMVGWILDPLVYGDYPEIMKKKAGSRIPSFTEEQSELIRGSADFIGINHYTSVYISDASNGETVGPRDYSADMAATFRISRNDTPSGQFVPTRLPRDPKGLQCMLEYLRDTYQGIPVYIQENGFGHFGKDDDSLNDTDRVDYLSSYMGSTLAALRNGANVKGYFVWSFLDVFELLAGYHSPFGLHYVDFEDPNLPRQPKLSAHWYSKFLRGEIGINIESTISPDEHEHEHADQ,37.3141,Q60DX8
Cellobiose,OC[C@H]1O[C@@H](O[C@H]2[C@H](O)[C@@H](O)[C@H](O)O[C@@H]2CO)[C@H](O)[C@@H](O)[C@@H]1O,MYRKLAVISAFLATARAQSACTLQSETHPPLTWQKCSSGGTCTQQTGSVVIDANWRWTHATNSSTNCYDGNTWSSTLCPDNETCAKNCCLDGAAYASTYGVTTSGNSLSIGFVTQSAQKNVGARLYLMASDTTYQEFTLLGNEFSFDVDVSQLPCGLNGALYFVSMDADGGVSKYPTNTAGAKYGTGYCDSQCPRDLKFINGQANVEGWEPSSNNANTGIGGHGSCCSEMDIWEANSISEALTPHPCTTVGQEICEGDGCGGTYSDNRYGGTCDPDGCDWNPYRLGNTSFYGPGSSFTLDTTKKLTVVTQFETSGAINRYYVQNGVTFQQPNAELGSYSGNELNDDYCTAEEAEFGGSSFSDKGGLTQFKKATSGGMVLVMSLWDDYYANMLWLDSTYPTNETSSTPGAVRGSCSTSSGVPAQVESQSPNAKVTFSNIKFGPIGSTGNPSGGNPPGGNPPGTTTTRRPATTTGSSPGPTQSHYGQCGGIGYSGPTVCASGTTCQVLNPYYSQCL,42.8677,A0A024RXP8
Cellobiose,OC[C@H]1O[C@@H](O[C@H]2[C@H](O)[C@@H](O)[C@H](O)O[C@@H]2CO)[C@H](O)[C@@H](O)[C@@H]1O,MIVGILTTLATLATLAASVPLEERQACSSVWGQCGGQNWSGPTCCASGSTCVYSNDYYSQCLPGAASSSSSTRAASTTSRVSPTTSRSSSATPPPGSTTTRVPPVGSGTATYSGNPFVGVTPWANAYYASEVSSLAIPSLTGAMATAAAAVAKVPSFMWLDTLDKTPLMEQTLADIRTANKNGGNYAGQFVVYDLPDRDCAALASNGEYSIADGGVAKYKNYIDTIRQIVVEYSDIRTLLVIEPDSLANLVTNLGTPKCANAQSAYLECINYAVTQLNLPNVAMYLDAGHAGWLGWPANQDPAAQLFANVYKNASSPRALRGLATNVANYNGWNITSPPSYTQGNAVYNEKLYIHAIGPLLANHGWSNAFFITDQGRSGKQPTGQQQWGDWCNVIGTGFGIRPSANTGDSLLDSFVWVKPGGECDGTSDSSAPRFDSHCALPDALQPAPQAGAWFQAYFVQLLTNANPSFL,29.1967,A0A024SH76
Cellobiose,OC[C@H]1O[C@@H](O[C@H]2[C@H](O)[C@@H](O)[C@H](O)O[C@@H]2CO)[C@H](O)[C@@H](O)[C@@H]1O,MYRKLAVISAFLATARAQSACTLQSETHPPLTWQKCSSGGTCTQQTGSVVIDANWRWTHATNSSTNCYDGNTWSSTLCPDNETCAKNCCLDGAAYASTYGVTTSGNSLSIGFVTQSAQKNVGARLYLMASDTTYQEFTLLGNEFSFDVDVSQLPCGLNGALYFVSMDADGGVSKYPTNTAGAKYGTGYCDSQCPRDLKFINGQANVEGWEPSSNNANTGIGGHGSCCSEMDIWEANSISEALTPHPCTTVGQEICEGDGCGGTYSDNRYGGTCDPDGCDWNPYRLGNTSFYGPGSSFTLDTTKKLTVVTQFETSGAINRYYVQNGVTFQQPNAELGSYSGNELNDDYCTAEEAEFGGSSFSDKGGLTQFKKATSGGMVLVMSLWDDYYANMLWLDSTYPTNETSSTPGAVRGSCSTSSGVPAQVESQSPNAKVTFSNIKFGPIGSTGNPSGGNPPGGNRGTTTTRRPATTTGSSPGPTQSHYGQCGGIGYSGPTVCASGTTCQVLNPYYSQCL,43.9703,P62694
Cellobiose,OC[C@H]1O[C@@H](O[C@H]2[C@H](O)[C@@H](O)[C@H](O)O[C@@H]2CO)[C@H](O)[C@@H](O)[C@@H]1O,MAKFFLTAAFAAAALAAPVVEERQNCAPTWGQCGGIGFNGPTCCQSGSTCVKQNDWYSQCLPGSQVTTTSTTSTSSSSTTSRATSTTRTGGVTSITTAPTRTVTIPGGATTTASYNGNPFEGVQLWANNYYRSEVHTLAIPQITDPALRAAASAVAEVPSFQWLDRNVTVDTLLVETLSEIRAANQAGANPPYAAQIVVYDLPDRDCAAAASNGEWAIANNGANNYKGYINRIREILISFSDVRTILVIEPDSLANMVTNMNVAKCSGAASTYRELTIYALKQLDLPHVAMYMDAGHAGWLGWPANIQPAAELFAKIYEDAGKPRAVRGLATNVANYNAWSISSPPPYTSPNPNYDEKHYIEAFRPLLEARGFPAQFIVDQGRSGKQPTGQKEWGHWCNAIGTGFGMRPTANTGHQYVDAFVWVKPGGECDGTSDTTAARYDYHCGLEDALKPAPEAGQWFQAYFEQLLRNANPPF,1.0316,Q9C1S9
Cellobiose,OC[C@H]1O[C@@H](O[C@H]2[C@H](O)[C@@H](O)[C@H](O)O[C@@H]2CO)[C@H](O)[C@@H](O)[C@@H]1O,MYRKLAVISAFLAAARAQQVCTQQAETHPPLTWQKCTASGCTPQQGSVVLDANWRWTHDTKSTTNCYDGNTWSSTLCPDDATCAKNCCLDGANYSGTYGVTTSGDALTLQFVTASNVGSRLYLMANDSTYQEFTLSGNEFSFDVDVSQLPCGLNGALYFVSMDADGGQSKYPGNAAGAKYGTGYCDSQCPRDLKFINGQANVEGWEPSSNNANTGVGGHGSCCSEMDIWEANSISEALTPHPCETVGQTMCSGDSCGGTYSNDRYGGTCDPDGCDWNPYRLGNTSFYGPGSSFALDTTKKLTVVTQFATDGSISRYYVQNGVKFQQPNAQVGSYSGNTINTDYCAAEQTAFGGTSFTDKGGLAQINKAFQGGMVLVMSLWDDYAVNMLWLDSTYPTNATASTPGAKRGSCSTSSGVPAQVEAQSPNSKVIYSNIRFGPIGSTGGNTGSNPPGTSTTRAPPSSTGSSPTATQTHYGQCGGTGWTGPTRCASGYTCQVLNPFYSQCL,19.2556,Q9P8P3
Cellobiose,OC[C@H]1O[C@@H](O[C@H]2[C@H](O)[C@@H](O)[C@H](O)O[C@@H]2CO)[C@H](O)[C@@H](O)[C@@H]1O,MIVGILTTLATLATLAASVPLEERQACSSVWGQCGGQNWSGPTCCASGSTCVYSNDYYSQCLPGAASSSSSTRAASTTSRVSPTTSRSSSATPPPGSTTTRVPPVGSGTATYSGNPFVGVTPWANAYYASEVSSLAIPSLTGAMATAAAAVAKVPSFMWLDTLDKTPLMEQTLADIRTANKNGGNYAGQFVVYDLPDRDCAALASNGEYSIADGGVAKYKNYIDTIRQIVVEYSDIRTLLVIEPDSLANLVTNLGTPKCANAQSAYLECINYAVTQLNLPNVAMYLDAGHAGWLGWPANQDPAAQLFANVYKNASSPRALRGLATNVANYNGWNITSPPSYTQGNAVYNEKLYIHAIGPLLANHGWSNAFFITDQGRSGKQPTGQQQWGDWCNVIGTGFGIRPSANTGDSLLDSFVWVKPGGECDGTSDSSAPRFDSHCALPDALQPAPQAGAWFQAYFVQLLTNANPSFL,29.1967,P07987
Cellobiose,OC[C@H]1O[C@@H](O[C@H]2[C@H](O)[C@@H](O)[C@H](O)O[C@@H]2CO)[C@H](O)[C@@H](O)[C@@H]1O,MSLAVVFLLGFLAVSHGQQAGTETEEYHLPLTWERDGSSVSASVVIDSNWRWTHSTEDTTNCYDGNEWDSTLCPDADTCTENCAIDGVDQGTWGDTYGITASGSKLTLSFVTEGEYSTDIGSRVFLMADDDNYEIFNLLDKEFSFDVDASNLPCGLNGALYFVSMDEDGGTSKYSTNTAGAKYGTGYCDAQCPHDMKFIAGKANSDGWTPSDNDQNAGTGEMGACCHEMDIWEANSQAQSYTAHVCSVDGYTPCTGTDCGDNGDDRYKGVCDKDGCDYAAYRLGQHDFYGEGGTVDSGSTLTVITQFITGGGGLNEIRRIYQQGGQTIQNAAVNFPGDVDPYDSITEDFCVDIKRYFGDTNDFDAKGGMSGMSNALKKGMVLVMSLWDDHYANMLWLDATYPVDSTEPGALRGPCSTDSGDPADVEANFPGSTVTFSNIKIGPIQSYD,9.2524,D4HRL0
Cellobiose,OC[C@H]1O[C@@H](O[C@H]2[C@H](O)[C@@H](O)[C@H](O)O[C@@H]2CO)[C@H](O)[C@@H](O)[C@@H]1O,MSFPKGFLWGAATASYQIEGAWNEDGKGESIWDRFTHQKGNILYGHNGDVACDHYHRHEEDVSLMKELGIKAYRFSTAWARIFPDGFGNINQKGLEFYDKLINELVENGIEPVVTLYHWDLPQKLQDIGGWANPEIVNYYFEYAMLIINRYKDKVKKWITFNEPYCIAFLGHWHGIHAPGIKNFKVAMDVVHNIMLSHFKVVKAVKENNIDVEIGITLNLTPVYLQTERLGYKVSEIEREMVNLSSQLDNELFLDPVLKGSYPQKLLDYLVQKDLLDSQKVNNMQQEVKENFIFPDFLGINYYTRSVRLYDENSGWIFPIRWEHPAGEYTEMGWEVFPQGLFDLLIWIKESYPQIPIYITENGAAYNDKVEDGRVHDQKRVEYLKQHFEAARKAIKNGVDLRGYFVWSLIDNFEWAMGYTKRFGIIYVDYETQKRIKKDSFYFYQQYIKENS,47.3107,E4Q361
Cellobiose,OC[C@H]1O[C@@H](O[C@H]2[C@H](O)[C@@H](O)[C@H](O)O[C@@H]2CO)[C@H](O)[C@@H](O)[C@@H]1O,MSALNSFNMYKSALILGSLLATAGAQQIGTYTAETHPSLSWSTCKSGGSCTTNSGAITLDANWRWVHGVNTSTNCYTGNTWNTAICDTDASCAQDCALDGADYSGTYGITTSGNSLRLNFVTGSNVGSRTYLMADNTHYQIFDLLNQEFTFTVDVSNLPCGLNGALYFVTMDADGGVSKYPNNKAGAQYGVGYCDSQCPRDLKFIAGQANVEGWTPSTNNSNTGIGNHGSCCAELDIWEANSISEALTPHPCDTPGLTVCTADDCGGTYSSNRYAGTCDPDGCDFNPYRLGVTDFYGSGKTVDTTKPFTVVTQFVTDDGTSSGSLSEIRRYYVQNGVVIPQPSSKISGISGNVINSDFCAAELSAFGETASFTNHGGLKNMGSALEAGMVLVMSLWDDYSVNMLWLDSTYPANETGTPGAARGSCPTTSGNPKTVESQSGSSYVVFSDIKVGPFNSTFSGGTSTGGSTTTTASGTTSTKASTTSTSSTSTGTGVAAHWGQCGGQGWTGPTTCASGTTCTVVNPYYSQCL,15.0052,Q8WZJ4
Cellobiose,OC[C@H]1O[C@@H](O[C@H]2[C@H](O)[C@@H](O)[C@H](O)O[C@@H]2CO)[C@H](O)[C@@H](O)[C@@H]1O,MPRTTPAPGHPARGARTALRTTRRRAATLVVGATVVLPAQAATTLKEAADGAGRDFGFALDPNRLSEAQYKAIADSEFNLVVAENAMKWDATEPSQNSFSFGAGDRVASYAADTGKELYGHTLVWHSQLPDWAKNLNGSAFESAMVNHVTKVADHFEGKVASWDVVNEAFADGDGPPQDSAFQQKLGNGYIETAFRAARAADPTAKLCINDYNVEGINAKSNSLYDLVKDFKARGVPLDCVGFQSHLIVGQVPGDFRQNLQRFADLGVDVRITELDIRMRTPSDATKLATQAADYKKVVQACMQVTRCQGVTVWGITDKYSWVPDVFPGEGAALVWDASYAKKPAYAAVMEAFGASPTPTPTTPTPTPTTPTPTPTSGPAGCQVLWGVNQWNTGFTANVTVKNTSSAPVDGWTLTFSFPSGQQVTQAWSSTVTQSGSAVTVRNAPWNGSIPAGGTAQFGFNGSHTGTNAAPTAFSLNGTPCTVG,5.8302,P07986
Cellobiose,OC[C@H]1O[C@@H](O[C@H]2[C@H](O)[C@@H](O)[C@H](O)O[C@@H]2CO)[C@H](O)[C@@H](O)[C@@H]1O,MAKRLLLTAALAATTLAAPVIEERQNCGSVWSQCGGQGWTGATCCASGSTCVAQNQWYSQCLPGSQVTTTAQAPSSTRTTTSSSSRPTSSSISTSAVNVPTTTTSAGASVTVPPGGGASSTASYSGNPFLGVQQWANSYYSSEVHTLAIPSLTGPMATKAAAVAKVPSFQWMDRNVTVDTLFSGTLADIRAANRAGANPPYAGIFVVYDLPDRDCAAAASNGEWAIADGGAAKYKAYIDRIRHHLVQYSDIRTILVIEPDSLANMVTNMNVPKCQGAANTYKELTVYALKQLNLPNVAMYLDAGHAGWLGWPANIGPAAELFAGIYKDAGRPTSLRGLATNVANYNGWSLSSAPSYTTPNPNFDEKRFVQAFSPLLTAAGFPAHFITDTGRSGKQPTGQLEWGHWCNAIGTGFGPRPTTDTGLDIEDAFVWIKPGGECDGTSDTTAARYDHHCGFADALKPAPEAGQWFQAYFEQLLTNANPPF,1.459,B2ABX7
Cellobiose,OC[C@H]1O[C@@H](O[C@H]2[C@H](O)[C@@H](O)[C@H](O)O[C@@H]2CO)[C@H](O)[C@@H](O)[C@@H]1O,MHYSASGLALAFLLPAIQAQQTLYGQCGGSGWTGATSCVAGAACSTLNQWYAQCLPAATTTSTTLTTTTSSVTTTSNPGSTTTTSSVTVTATASGNPFSGYQLYVNPYYSSEVQSIAIPSLTGTLSSLAPAATAAAKVPSFVWLDVAAKVPTMATYLADIRSQNAAGANPPIAGQFVVYDLPDRDCAALASNGEFAISDGGVQHYKDYIDSIREILVEYSDVHVILVIEPDSLANLVTNLNVAKCANAQSAYLECTNYAVTQLNLPNVAMYLDAGHAGWLGWPANLQPAANLYAGVYSDAGSPAALRGLATNVANYNAWAIDTCPSYTQGNSVCDEKDYINALAPLLRAQGFDAHFITDTGRNGKQPTGQQAWGDWCNVIGTGFGARPSTNTGDSLLDAFVWVKPGGESDGTSDTSAARYDAHCGYSDALQPAPEAGTWFQAYFVQLLQNANPSF,8.8168,Q5B2E8
Cellobiose,OC[C@H]1O[C@@H](O[C@H]2[C@H](O)[C@@H](O)[C@H](O)O[C@@H]2CO)[C@H](O)[C@@H](O)[C@@H]1O,MSSFQIYRAALLLSILATANAQQVGTYTTETHPSLTWQTCTSDGSCTTNDGEVVIDANWRWVHSTSSATNCYTGNEWDTSICTDDVTCAANCALDGATYEATYGVTTSGSELRLNFVTQGSSKNIGSRLYLMSDDSNYELFKLLGQEFTFDVDVSNLPCGLNGALYFVAMDADGGTSEYSGNKAGAKYGTGYCDSQCPRDLKFINGEANCDGWEPSSNNVNTGVGDHGSCCAEMDVWEANSISNAFTAHPCDSVSQTMCDGDSCGGTYSASGDRYSGTCDPDGCDYNPYRLGNTDFYGPGLTVDTNSPFTVVTQFITDDGTSSGTLTEIKRLYVQNGEVIANGASTYSSVNGSSITSAFCESEKTLFGDENVFDKHGGLEGMGEAMAKGMVLVLSLWDDYAADMLWLDSDYPVNSSASTPGVARGTCSTDSGVPATVEAESPNAYVTYSNIKFGPIGSTYSSGSSSGSGSSSSSSSTTTKATSTTLKTTSTTSSGSSSTSAAQAYGQCGGQGWTGPTTCVSGYTCTYENAYYSQCL,5.1194,Q9UVS8
Cellobiose,OC[C@H]1O[C@@H](O[C@H]2[C@H](O)[C@@H](O)[C@H](O)O[C@@H]2CO)[C@H](O)[C@@H](O)[C@@H]1O,MLASTFSYRMYKTALILAALLGSGQAQQVGTSQAEVHPSMTWQSCTAGGSCTTNNGKVVIDANWRWVHKVGDYTNCYTGNTWDTTICPDDATCASNCALEGANYESTYGVTASGNSLRLNFVTTSQQKNIGSRLYMMKDDSTYEMFKLLNQEFTFDVDVSNLPCGLNGALYFVAMDADGGMSKYPTNKAGAKYGTGYCDSQCPRDLKFINGQANVEGWQPSSNDANAGTGNHGSCCAEMDIWEANSISTAFTPHPCDTPGQVMCTGDACGGTYSSDRYGGTCDPDGCDFNSFRQGNKTFYGPGMTVDTKSKFTVVTQFITDDGTSSGTLKEIKRFYVQNGKVIPNSESTWTGVSGNSITTEYCTAQKSLFQDQNVFEKHGGLEGMGAALAQGMVLVMSLWDDHSANMLWLDSNYPTTASSTTPGVARGTCDISSGVPADVEANHPDAYVVYSNIKVGPIGSTFNSGGSNPGGGTTTTTTTQPTTTTTTAGNPGGTGVAQHYGQCGGIGWTGPTTCASPYTCQKLNDYYSQCL,42.3022,B0Y8K2
Cellobiose,OC[C@H]1O[C@@H](O[C@H]2[C@H](O)[C@@H](O)[C@H](O)O[C@@H]2CO)[C@H](O)[C@@H](O)[C@@H]1O,MKITSSAAALALVASAVAAPSPTTQDKPTKRQAGCASAVSLNAQTNVFKQYTLHANNFYRKEIEELAIPNLSDPSLEAAARKVADTGSFVWLDTIANVDRLEPALAEVPCNEILGVVVYDLPGRDCAAKASNGELKVGELNRYKTEFIDRIASILKAHPNTAVALVIEPDSLPNLVTNSDVQACRNSAAGYRDGVAYALKTLNLPNVVQYIDAGHGGWLGWDANLKPGAEELAKAYKAAGSPKQFRGIATNVAGWNAWDLSPGEFSSASDAKYNSCQNERTYVNTFGQRLKAAGMPNHAIVDTGRNGVQGLREEWGNWCNVDGAGFGRPPSADTGLELADAFVWVKPGGESDGTSDSSAVRYDSFCGKPDAFQPSPEAGAWHQEYFEMLLRNSNPSLL,9.7378,B2AE04
Cellobiose,OC[C@H]1O[C@@H](O[C@H]2[C@H](O)[C@@H](O)[C@H](O)O[C@@H]2CO)[C@H](O)[C@@H](O)[C@@H]1O,MASKLFLAAALLQGALSSPLAVEERQACAAQWGQCGGQDYTGPTCCQSGSTCVVSNQWYSQCLPGSSNPTTTSRTSTSSSSSTSRTSSSTSRPPSSVPTTPTSVPPTITTTPTTTPTGGSGPGTTASFTGNPFAGVNLFPNKFYSSEVHTLAIPSLTGSLVAKASAVAQVPSFQWLDIAAKVETLMPGALADVRAANAAGGNYAAQLVVYDLPDRDCAAAASNGEFSIADGGVVKYKAYIDAIRKQLLAYSDVRTILVIEPDSLANMVTNMGVPKCAGAKDAYLECTIYAVKQLNLPHVAMYLDGGHAGWLGWPANLQPAADLFGKLYADAGKPSQLRGMATNVANYNAWDLTTAPSYTTPNPNFDEKKYISAFAPLLAAKGWSAHFIIDQGRSGKQPTGQKEWGHWCNQQGVGFGRRPSANTGSELADAFVWIKPGGECDGVSDPTAPRFDHFCGTDYGAMSDAPQAGQWFQKYFEMLLTNANPPL,4.8873,G4MM92
Cellobiose,OC[C@H]1O[C@@H](O[C@H]2[C@H](O)[C@@H](O)[C@H](O)O[C@@H]2CO)[C@H](O)[C@@H](O)[C@@H]1O,MVDSFSIYKTALLLSMLATSNAQQVGTYTAETHPSLTWQTCSGSGSCTTTSGSVVIDANWRWVHEVGGYTNCYSGNTWDSSICSTDTTCASECALEGATYESTYGVTTSGSSLRLNFVTTASQKNIGSRLYLLADDSTYETFKLFNREFTFDVDVSNLPCGLNGALYFVSMDADGGVSRFPTNKAGAKYGTGYCDSQCPRDLKFIDGQANIEGWEPSSTDVNAGTGNHGSCCPEMDIWEANSISSAFTAHPCDSVQQTMCTGDTCGGTYSDTTDRYSGTCDPDGCDFNPYRFGNTNFYGPGKTVDNSKPFTVVTQFITHDGTDTGTLTEIRRLYVQNGVVIGNGPSTYTAASGNSITESFCKAEKTLFGDTNVFETHGGLSAMGDALGDGMVLVLSLWDDHAADMLWLDSDYPTTSCASSPGVARGTCPTTTGNATYVEANYPNSYVTYSNIKFGTLNSTYSGTSSGGSSSSSTTLTTKASTSTTSSKTTTTTSKTSTTSSSSTNVAQLYGQCGGQGWTGPTTCASGTCTKQNDYYSQCL,51.6211,O59843
Cellobiose,OC[C@H]1O[C@@H](O[C@H]2[C@H](O)[C@@H](O)[C@H](O)O[C@@H]2CO)[C@H](O)[C@@H](O)[C@@H]1O,MSSTTRRRSAWVAAATVGVSSFLAVAGITPAIAAAGAGQPATVTVPAASPVRAAVDGEYAQRFLAQYDKIKDPANGYFSAQGIPYHAVETLMVEAPDYGHETTSEAYSYWLWLEALYGQVTQDWAPLNHAWDTMEKYMIPQSVDQPTNSFYNPNSPATYAPEFNHPSSYPSQLNSGISGGTDPIGAELKATYGNADVYQMHWLADVDNIYGFGATPGAGCTLGPTATGTSFINTFQRGPQESVWETVPQPSCEEFKYGGKNGYLDLFTKDASYAKQWKYTSASDADARAVEAVYWANQWATEQGKAADVAATVAKAAKMGDYLRYTLFDKYFKKIGCTSPTCAAGQGREAAHYLLSWYMAWGGATDTSSGWAWRIGSSHAHFGYQNPLAAWALSTDPKLTPKSPTAKADWAASMQRQLEFYTWLQASNGGIAGGATNSWDGAYAQPPAGTPTFYGMGYTEAPVYVDPPSNRWFGMQAWGVQRVAELYYASGNAQAKKILDKWVPWVVANISTDGASWKVPSELKWTGKPDTWNAAAPTGNPGLTVEVTSYGQDVGVAADTARALLFYAAKSGDTASRDKAKALLDAIWANNQDPLGVSAVETRGDYKRFDDTYVANGDGIYIPSGWTGTMPNGDVIKPGVSFLDIRSFYKKDPNWSKVQTFLDGGAEPQFRYHRFWAQTAVAGALADYARLFDDGTTTPDTTAPTVPTGLQAGVVTSTEATISWTASTDDTRVTGYDVYRGATKVGTATTTSFTDTGLTASTAYAYTVRAFDAAGNVSAPSAALTVTTKATPSDTTAPSVPAITSSSSTANSVTIGWSASTDNAGGSGLAGYDVYRGATRVAQTTALTFTDTGLTASTAYEYTVRARDVAGNVSAPSTAVSVTTKSDTTPDTTAPSVPAGLAAMTVTETSVALTWNASTDTGGSGLKGYDVYRGATRVGSTTTASYTDTGLTAATAYQYTVRATDNAGNVSAASAALSVTTKTPQTGGSCSVAYNASSWNSGFTASVRITNTGTTTINGWSLGFDLTAGQKVQQGWSATWTQSGSTVTATNAPWNGTLAPGQTVDVGFNGSHTGQNPNPASFTLNGASCT,67.4551,P50899
Cellobiose,OC[C@H]1O[C@@H](O[C@H]2[C@H](O)[C@@H](O)[C@H](O)O[C@@H]2CO)[C@H](O)[C@@H](O)[C@@H]1O,MGESFLLLQPASPALSPTPSSLLLGPTITMRADVLIAALATGALVAAVPTSPKKPTPPKGDVSNPFVGKTQFVNPEWSNKLTQTYKSFLKKGDVKNAFRTLQAQKVSTFVWVSRLSELSRIDEAIATARRVQKTTGKKQIVGLVLYNLPDRDCSAGESAGELLSGENGFERYKEEFVKPYAQKVAAAKDLEFAIVLEPDSLGNLVTNLNIPLCAGAVDTYRDGIAHAITQLQQDHVHLYIDAAHGGWLGWNDNLPLAADEFAEVLKRADEASGKKNKIRGFATNVSNYNPLHAVVRENYTEWSNSWDESHYASSLAPHLEERGLPAHFIVDQGRVANPGARKEWGEWCNVAPSGFGPAPSTNTNNTVVDAIVWIKPGGESDGECGYFNAPRAGHWHDEFAQQLVQNAHPSVYENWWKFW,20.2927,B2AC20
Cellobiose,OC[C@H]1O[C@@H](O[C@H]2[C@H](O)[C@@H](O)[C@H](O)O[C@@H]2CO)[C@H](O)[C@@H](O)[C@@H]1O,MSTLGKRAGVRRRVRAVATAATATALVAVPLTTLATSASAAPVHVDNPYAGAVQYVNPTWAASVNAAAGRQSADPALAAKMRTVAGQPTAVWMDRISAITGNADGNGLKFHLDNAVAQQKAAGVPLVFNLVIYDLPGRDCFALASNGELPATDAGLARYKSEYIDPIADLLDNPEYESIRIAATIEPDSLPNLTTNISEPACQQAAPYYRQGVKYALDKLHAIPNVYNYIDIGHSGWLGWDSNAGPSATLFAEVAKSTTAGFASIDGFVSDVANTTPLEEPLLSDSSLTINNTPIRSSKFYEWNFDFDEIDYTAHMHRLLVAAGFPSSIGMLVDTSRNGWGGPNRPTSITASTDVNAYVDANRVDRRVHRGAWCNPLGAGIGRFPEATPSGYAASHLDAFVWIKPPGESDGASTDIPNDQGKRFDRMCDPTFVSPKLNNQLTGATPNAPLAGQWFEEQFVTLVKNAYPVIGGTTPVEDLVAPTVPTGLTAGTTTATSVPLSWTASTDNVAVTGYDVYRGTTLVGTTAATSYTVTGLTPATAYSFTVRAKDAAGNVSAASAAAAATTQSGTVTDTTAPSVPAGLTAGTTTTTTVPLSWTASTDNAGGSGVAGYEVLRGTTVVGTTTATSYTVTGLTAGTTYSFSVRAKDVAGNTSAASAAVSATTQTGTVVDTTAPSVPTGLTAGTTTTSSVPLTWTASTDNAGGSGVAGYEVFNGTTRVATVTSTSYTVTGLAADTAYSFTVKAKDVAGNVSAASAAVSARTQAATSGGCTVKYSASSWNTGFTGTVEVKNNGTAALNGWTLGFSFADGQKVSQGWSAEWSQSGTAVTAKNAPWNGTLAAGSSVSIGFNGTHNGTNTAPTAFTLNGVACTLG,16.7642,P50401
Cellobiose,OC[C@H]1O[C@@H](O[C@H]2[C@H](O)[C@@H](O)[C@H](O)O[C@@H]2CO)[C@H](O)[C@@H](O)[C@@H]1O,MYQRALLFSALLSVSRAQQAGTAQEEVHPSLTWQRCEASGSCTEVAGSVVLDSNWRWTHSVDGYTNCYTGNEWDATLCPDNESCAQNCAVDGADYEATYGITSNGDSLTLKFVTGSNVGSRVYLMEDDETYQMFDLLNNEFTFDVDVSNLPCGLNGALYFTSMDADGGLSKYEGNTAGAKYGTGYCDSQCPRDIKFINGLGNVEGWEPSDSDANAGVGGMGTCCPEMDIWEANSISTAYTPHPCDSVEQTMCEGDSCGGTYSDDRYGGTCDPDGCDFNSYRMGNTSFYGPGAIIDTSSKFTVVTQFIADGGSLSEIKRFYVQNGEVIPNSESNISGVEGNSITSEFCTAQKTAFGDEDIFAQHGGLSAMGDAASAMVLILSIWDDHHSSMMWLDSSYPTDADPSQPGVARGTCEQGAGDPDVVESEHADASVTFSNIKFGPIGSTF,30.3272,Q5B2Q4
Cellobiose,OC[C@H]1O[C@@H](O[C@H]2[C@H](O)[C@@H](O)[C@H](O)O[C@@H]2CO)[C@H](O)[C@@H](O)[C@@H]1O,MASSFQLYKALLFFSSLLSAVQAQKVGTQQAEVHPGLTWQTCTSSGSCTTVNGEVTIDANWRWLHTVNGYTNCYTGNEWDTSICTSNEVCAEQCAVDGANYASTYGITTSGSSLRLNFVTQSQQKNIGSRVYLMDDEDTYTMFYLLNKEFTFDVDVSELPCGLNGAVYFVSMDADGGKSRYATNEAGAKYGTGYCDSQCPRDLKFINGVANVEGWESSDTNPNGGVGNHGSCCAEMDIWEANSISTAFTPHPCDTPGQTLCTGDSCGGTYSNDRYGGTCDPDGCDFNSYRQGNKTFYGPGLTVDTNSPVTVVTQFLTDDNTDTGTLSEIKRFYVQNGVVIPNSESTYPANPGNSITTEFCESQKELFGDVDVFSAHGGMAGMGAALEQGMVLVLSLWDDNYSNMLWLDSNYPTDADPTQPGIARGTCPTDSGVPSEVEAQYPNAYVVYSNIKFGPIGSTFGNGGGSGPTTTVTTSTATSTTSSATSTATGQAQHWEQCGGNGWTGPTVCASPWACTVVNSWYSQCL,65.6047,Q8NK02
Cellobiose,OC[C@H]1O[C@@H](O[C@H]2[C@H](O)[C@@H](O)[C@H](O)O[C@@H]2CO)[C@H](O)[C@@H](O)[C@@H]1O,MLPSTISYRIYKNALFFAALFGAVQAQKVGTSKAEVHPSMAWQTCAADGTCTTKNGKVVIDANWRWVHDVKGYTNCYTGNTWNAELCPDNESCAENCALEGADYAATYGATTSGNALSLKFVTQSQQKNIGSRLYMMKDDNTYETFKLLNQEFTFDVDVSNLPCGLNGALYFVSMDADGGLSRYTGNEAGAKYGTGYCDSQCPRDLKFINGLANVEGWTPSSSDANAGNGGHGSCCAEMDIWEANSISTAYTPHPCDTPGQAMCNGDSCGGTYSSDRYGGTCDPDGCDFNSYRQGNKSFYGPGMTVDTKKKMTVVTQFLTNDGTATGTLSEIKRFYVQDGKVIANSESTWPNLGGNSLTNDFCKAQKTVFGDMDTFSKHGGMEGMGAALAEGMVLVMSLWDDHNSNMLWLDSNSPTTGTSTTPGVARGSCDISSGDPKDLEANHPDASVVYSNIKVGPIGSTFNSGGSNPGGSTTTTKPATSTTTTKATTTATTNTTGPTGTGVAQPWAQCGGIGYSGPTQCAAPYTCTKQNDYYSQCL,11.751,A1CU44
Cellobiose,OC[C@H]1O[C@@H](O[C@H]2[C@H](O)[C@@H](O)[C@H](O)O[C@@H]2CO)[C@H](O)[C@@H](O)[C@@H]1O,MLASTFSYRMYKTALILAALLGSGQAQQVGTSQAEVHPSMTWQSCTAGGSCTTNNGKVVIDANWRWVHKVGDYTNCYTGNTWDKTLCPDDATCASNCALEGANYQSTYGATTSGDSLRLNFVTTSQQKNIGSRLYMMKDDTTYEMFKLLNQEFTFDVDVSNLPCGLNGALYFVAMDADGGMSKYPTNKAGAKYGTGYCDSQCPRDLKFINGQANVEGWQPSSNDANAGTGNHGSCCAEMDIWEANSISTAFTPHPCDTPGQVMCTGDACGGTYSSDRYGGTCDPDGCDFNSFRQGNKTFYGPGMTVDTKSKFTVVTQFITDDGTASGTLKEIKRFYVQNGKVIPNSESTWSGVGGNSITNDYCTAQKSLFKDQNVFAKHGGMEGMGAALAQGMVLVMSLWDDHAANMLWLDSNYPTTASSSTPGVARGTCDISSGVPADVEANHPDASVVYSNIKVGPIGSTFNSGGSNPGGGTTTTAKPTTTTTTAGSPGGTGVAQHYGQCGGNGWQGPTTCASPYTCQKLNDFYSQCL,15.6881,A1DNL0
Cellobiose,OC[C@H]1O[C@@H](O[C@H]2[C@H](O)[C@@H](O)[C@H](O)O[C@@H]2CO)[C@H](O)[C@@H](O)[C@@H]1O,MRTAKFATLAALVASAAAQQACSLTTERHPSLSWNKCTAGGQCQTVQASITLDSNWRWTHQVSGSTNCYTGNKWDTSICTDAKSCAQNCCVDGADYTSTYGITTNGDSLSLKFVTKGQHSTNVGSRTYLMDGEDKYQTFELLGNEFTFDVDVSNIGCGLNGALYFVSMDADGGLSRYPGNKAGAKYGTGYCDAQCPRDIKFINGEANIEGWTGSTNDPNAGAGRYGTCCSEMDIWEANNMATAFTPHPCTIIGQSRCEGDSCGGTYSNERYAGVCDPDGCDFNSYRQGNKTFYGKGMTVDTTKKITVVTQFLKDANGDLGEIKRFYVQDGKIIPNSESTIPGVEGNSITQDWCDRQKVAFGDIDDFNRKGGMKQMGKALAGPMVLVMSIWDDHASNMLWLDSTFPVDAAGKPGAERGACPTTSGVPAEVEAEAPNSNVVFSNIRFGPIGSTVAGLPGAGNGGNNGGNPPPPTTTTSSAPATTTTASAGPKAGRWQQCGGIGFTGPTQCEEPYICTKLNDWYSQCL,2.9133,P15828
Cellobiose,OC[C@H]1O[C@@H](O[C@H]2[C@H](O)[C@@H](O)[C@H](O)O[C@@H]2CO)[C@H](O)[C@@H](O)[C@@H]1O,MYQKLALISAFLATARAQSACTLQAETHPPLTWQKCSSGGTCTQQTGSVVIDANWRWTHATNSSTNCYDGNTWSSTLCPDNETCAKNCCLDGAAYASTYGVTTSADSLSIGFVTQSAQKNVGARLYLMASDTTYQEFTLLGNEFSFDVDVSQLPCGLNGALYFVSMDADGGVSKYPTNTAGAKYGTGYCDSQCPRDLKFINGQANVEGWEPSSNNANTGIGGHGSCCSEMDIWEANSISEALTPHPCTTVGQEICDGDSCGGTYSGDRYGGTCDPDGCDWNPYRLGNTSFYGPGSSFTLDTTKKLTVVTQFETSGAINRYYVQNGVTFQQPNAELGDYSGNSLDDDYCAAEEAEFGGSSFSDKGGLTQFKKATSGGMVLVMSLWDDYYANMLWLDSTYPTNETSSTPGAVRGSCSTSSGVPAQLESNSPNAKVVYSNIKFGPIGSTGNSSGGNPPGGNPPGTTTTRRPATSTGSSPGPTQTHYGQCGGIGYSGPTVCASGSTCQVLNPYYSQCL,130.8579,P19355
Cellobiose,OC[C@H]1O[C@@H](O[C@H]2[C@H](O)[C@@H](O)[C@H](O)O[C@@H]2CO)[C@H](O)[C@@H](O)[C@@H]1O,MFKFAALLALASLVPGFVQAQSPVWGQCGGNGWTGPTTCASGSTCVKQNDFYSQCLPNNQAPPSTTTQPGTTPPATTTSGGTGPTSGAGNPYTGKTVWLSPFYADEVAQAAADISNPSLATKAASVAKIPTFVWFDTVAKVPDLGGYLADARSKNQLVQIVVYDLPDRDCAALASNGEFSLANDGLNKYKNYVDQIAAQIKQFPDVSVVAVIEPDSLANLVTNLNVQKCANAQSAYKEGVIYAVQKLNAVGVTMYIDAGHAGWLGWPANLSPAAQLFAQIYRDAGSPRNLRGIATNVANFNALRASSPDPITQGNSNYDEIHYIEALAPMLSNAGFPAHFIVDQGRSGVQNIRDQWGDWCNVKGAGFGQRPTTNTGSSLIDAIVWVKPGGECDGTSDNSSPRFDSHCSLSDAHQPAPEAGTWFQAYFETLVANANPAL,358.5735,P49075
Cellobiose,OC[C@H]1O[C@@H](O[C@H]2[C@H](O)[C@@H](O)[C@H](O)O[C@@H]2CO)[C@H](O)[C@@H](O)[C@@H]1O,MYRKLAVISAFLATARAQSACTLQSETHPPLTWQKCSSGGTCTQQTGSVVIDANWRWTHATNSSTNCYDGNTWSSTLCPDNETCAKNCCLDGAAYASTYGVTTSGNSLSIGFVTQSAQKNVGARLYLMASDTTYQEFTLLGNEFSFDVDVSQLPCGLNGALYFVSMDADGGVSKYPTNTAGAKYGTGYCDSQCPRDLKFINGQANVEGWEPSSNNANTGIGGHGSCCSEMDIWEANSISEALTPHPCTTVGQEICEGDGCGGTYSDNRYGGTCDPDGCDWNPYRLGNTSFYGPGSSFTLDTTKKLTVVTQFETSGAINRYYVQNGVTFQQPNAELGSYSGNELNDDYCTAEEAEFGGSSFSDKGGLTQFKKATSGGMVLVMSLWDDYYANMLWLDSTYPTNETSSTPGAVRGSCSTSSGVPAQVESQSPNAKVTFSNIKFGPIGSTGNPSGGNPPGGNRGTTTTRRPATTTGSSPGPTQSHYGQCGGIGYSGPTVCASGTTCQVLNPYYSQCL,43.9703,P62695
Cellobiose,OC[C@H]1O[C@@H](O[C@H]2[C@H](O)[C@@H](O)[C@H](O)O[C@@H]2CO)[C@H](O)[C@@H](O)[C@@H]1O,MLASTFSYRMYKTALILAALLGSGQAQQVGTSQAEVHPSMTWQSCTAGGSCTTNNGKVVIDANWRWVHKVGDYTNCYTGNTWDTTICPDDATCASNCALEGANYESTYGVTASGNSLRLNFVTTSQQKNIGSRLYMMKDDSTYEMFKLLNQEFTFDVDVSNLPCGLNGALYFVAMDADGGMSKYPTNKAGAKYGTGYCDSQCPRDLKFINGQANVEGWQPSSNDANAGTGNHGSCCAEMDIWEANSISTAFTPHPCDTPGQVMCTGDACGGTYSSDRYGGTCDPDGCDFNSFRQGNKTFYGPGMTVDTKSKFTVVTQFITDDGTSSGTLKEIKRFYVQNGKVIPNSESTWTGVSGNSITTEYCTAQKSLFQDQNVFEKHGGLEGMGAALAQGMVLVMSLWDDHSANMLWLDSNYPTTASSTTPGVARGTCDISSGVPADVEANHPDAYVVYSNIKVGPIGSTFNSGGSNPGGGTTTTTTTQPTTTTTTAGNPGGTGVAQHYGQCGGIGWTGPTTCASPYTCQKLNDYYSQCL,42.3022,Q4WM08
Cellobiose,OC[C@H]1O[C@@H](O[C@H]2[C@H](O)[C@@H](O)[C@H](O)O[C@@H]2CO)[C@H](O)[C@@H](O)[C@@H]1O,MNFRRMLCAAIVLTIVLSIMLPSTVFALEDKSSKLPDYKNDLLYERTFDEGLCFPWHTCEDSGGKCDFAVVDVPGEPGNKAFRLTVIDKGQNKWSVQMRHRGITLEQGHTYTVRFTIWSDKSCRVYAKIGQMGEPYTEYWNNNWNPFNLTPGQKLTVEQNFTMNYPTDDTCEFTFHLGGELAAGTPYYVYLDDVSLYDPRFVKPVEYVLPQPDVRVNQVGYLPFAKKYATVVSSSTSPLKWQLLNSANQVVLEGNTIPKGLDKDSQDYVHWIDFSNFKTEGKGYYFKLPTVNSDTNYSHPFDISADIYSKMKFDALAFFYHKRSGIPIEMPYAGGEQWTRPAGHIGIEPNKGDTNVPTWPQDDEYAGRPQKYYTKDVTGGWYDAGDHGKYVVNGGIAVWTLMNMYERAKIRGIANQGAYKDGGMNIPERNNGYPDILDEARWEIEFFKKMQVTEKEDPSIAGMVHHKIHDFRWTALGMLPHEDPQPRYLRPVSTAATLNFAATLAQSARLWKDYDPTFAADCLEKAEIAWQAALKHPDIYAEYTPGSGGPGGGPYNDDYVGDEFYWAACELYVTTGKDEYKNYLMNSPHYLEMPAKMGENGGANGEDNGLWGCFTWGTTQGLGTITLALVENGLPATDIQKARNNIAKAADRWLENIEEQGYRLPIKQAEDERGGYPWGSNSFILNQMIVMGYAYDFTGNSKYLDGMQDGMSYLLGRNGLDQSYVTGYGERPLQNPHDRFWTPQTSKKFPAPPPGIIAGGPNSRFEDPTITAAVKKDTPPQKCYIDHTDSWSTNEITVNWNAPFAWVTAYLDEIDLITPPGGVDPEEPEVIYGDCNGDGKVNSTDAVALKRYILRSGISINTDNADVNADGRVNSTDLAILKRYILKEIDVLPHK,57.6311,P0C2S1
Cellobiose,OC[C@H]1O[C@@H](O[C@H]2[C@H](O)[C@@H](O)[C@H](O)O[C@@H]2CO)[C@H](O)[C@@H](O)[C@@H]1O,MVKSRKISILLAVAMLVSIMIPTTAFAGPTKAPTKDGTSYKDLFLELYGKIKDPKNGYFSPDEGIPYHSIETLIVEAPDYGHVTTSEAFSYYVWLEAMYGNLTGNWSGVETAWKVMEDWIIPDSTEQPGMSSYNPNSPATYADEYEDPSYYPSELKFDTVRVGSDPVHNDLVSAYGPNMYLMHWLMDVDNWYGFGTGTRATFINTFQRGEQESTWETIPHPSIEEFKYGGPNGFLDLFTKDRSYAKQWRYTNAPDAEGRAIQAVYWANKWAKEQGKGSAVASVVSKAAKMGDFLRNDMFDKYFMKIGAQDKTPATGYDSAHYLMAWYTAWGGGIGASWAWKIGCSHAHFGYQNPFQGWVSATQSDFAPKSSNGKRDWTTSYKRQLEFYQWLQSAEGGIAGGATNSWNGRYEKYPAGTSTFYGMAYVPHPVYADPGSNQWFGFQAWSMQRVMEYYLETGDSSVKNLIKKWVDWVMSEIKLYDDGTFAIPSDLEWSGQPDTWTGTYTGNPNLHVRVTSYGTDLGVAGSLANALATYAAATERWEGKLDTKARDMAAELVNRAWYNFYCSEGKGVVTEEARADYKRFFEQEVYVPAGWSGTMPNGDKIQPGIKFIDIRTKYRQDPYYDIVYQAYLRGEAPVLNYHRFWHEVDLAVAMGVLATYFPDMTYKVPGTPSTKLYGDVNDDGKVNSTDAVALKRYVLRSGISINTDNADLNEDGRVNSTDLGILKRYILKEIDTLPYKN,19.8225,P0C2S5
Cellobiose,OC[C@H]1O[C@@H](O[C@H]2[C@H](O)[C@@H](O)[C@H](O)O[C@@H]2CO)[C@H](O)[C@@H](O)[C@@H]1O,MVKSRKISILLAVAMLVSIMIPTTAFAGPTKAPTKDGTSYKDLFLELYGKIKDPKNGYFSPDEGIPYHSIETLIVEAPDYGHVTTSEAFSYYVWLEAMYGNLTGNWSGVETAWKVMEDWIIPDSTEQPGMSSYNPNSPATYADEYEDPSYYPSELKFDTVRVGSDPVHNDLVSAYGPNMYLMHWLMDVDNWYGFGTGTRATFINTFQRGEQESTWETIPHPSIEEFKYGGPNGFLDLFTKDRSYAKQWRYTNAPDAEGRAIQAVYWANKWAKEQGKGSAVASVVSKAAKMGDFLRNDMFDKYFMKIGAQDKTPATGYDSAHYLMAWYTAWGGGIGASWAWKIGCSHAHFGYQNPFQGWVSATQSDFAPKSSNGKRDWTTSYKRQLEFYQWLQSAEGGIAGGATNSWNGRYEKYPAGTSTFYGMAYVPHPVYADPGSNQWFGFQAWSMQRVMEYYLETGDSSVKNLIKKWVDWVMSEIKLYDDGTFAIPSDLEWSGQPDTWTGTYTGNPNLHVRVTSYGTDLGVAGSLANALATYAAATERWEGKLDTKARDMAAELVNRAWYNFYCSEGKGVVTEEARADYKRFFEQEVYVPAGWSGTMPNGDKIQPGIKFIDIRTKYRQDPYYDIVYQAYLRGEAPVLNYHRFWHEVDLAVAMGVLATYFPDMTYKVPGTPSTKLYGDVNDDGKVNSTDAVALKRYVLRSGISINTDNADLNEDGRVNSTDLGILKRYILKEIDTLPYKN,19.8225,A3DH67
