accession,id,organism,name,sequence,ec_number,source
Q38890,GUN25_ARATH,Arabidopsis thaliana (Mouse-ear cress),"Endoglucanase 25 (EC 3.2.1.4) (Cellulase homolog OR16pep) (Endo-1,4-beta glucanase 25) (Protein KORRIGAN) (Protein RADIALLY SWOLLEN 2)",MYGRDPWGGPLEINTADSATDDDRSRNLNDLDRAALSRPLDETQQSWLLGPTEQKKKKYVDLGCIIVSRKIFVWTVGTLVAAALLAGFITLIVKTVPRHHPKTPPPDNYTIALHKALKFFNAQKSGKLPKHNNVSWRGNSGLQDGKGETGSFYKDLVGGYYDAGDAIKFNFPMAYAMTMLSWSVIEYSAKYEAAGELTHVKELIKWGTDYFLKTFNSTADSIDDLVSQVGSGNTDDGNTDPNDHYCWMRPEDMDYKRPVTTCNGGCSDLAAEMAAALASASIVFKDNKEYSKKLVHGAKVVYQFGRTRRGRYSAGTAESSKFYNSSMYWDEFIWGGAWMYYATGNVTYLNLITQPTMAKHAGAFWGGPYYGVFSWDNKLAGAQLLLSRLRLFLSPGYPYEEILRTFHNQTSIVMCSYLPIFNKFNRTNGGLIELNHGAPQPLQYSVNAAFLATLYSDYLDAADTPGWYCGPNFYSTSVLRDFARSQIDYILGKNPRKMSYVVGFGTKYPRHVHHRGASIPKNKVKYNCKGGWKWRDSKKPNPNTIEGAMVAGPDKRDGYRDVRMNYNYTEPTLAGNAGLVAALVALSGEEEATGKIDKNTIFSAVPPLFPTPPPPPAPWKP,3.2.1.4,UniProt_Real
D3GDK4,GUN_CRYAT,Cryptopygus antarcticus (Antarctic springtail),"Endoglucanase (EC 3.2.1.4) (CaCel) (Cellulase) (Endo-beta-1,4-glucanase)",MKVFVVLAAIVAIANGLTSGSGVTTRYWDCCKPSCSWGGKASVTKPVRTCKANGNTTIDSNTQSGCNGGSSYVCNDQQPFTQGNVGYGFAAASISGQPESQTCCACYEMTFTNTAISGQKMIVQVTNTGSDLNGNHFDLMIPGGGVGIFNGCQSQWGAPSNGWGQRYGGISSQSECNQLPTSLRAGCNWRFGWFKNADNPSMKFTQVRCPTILTQKSQCVRTPGP,3.2.1.4,UniProt_Real
P07103,GUNZ_DICD3,Dickeya dadantii (strain 3937) (Erwinia chrysanthemi (strain 3937)),"Endoglucanase Z (EC 3.2.1.4) (Cellulase Z) (Endo-1,4-beta-glucanase Z) (EGZ)",MPLSYLDKNPVIDSKKHALRKKLFLSCAYFGLSLACLSSNAWASVEPLSVNGNKIYAGEKAKSFAGNSLFWSNNGWGGEKFYTADTVASLKKDWKSSIVRAAMGVQESGGYLQDPAGNKAKVERVVDAAIANDMYAIIGWHSHSAENNRSEAIRFFQEMARKYGNKPNVIYEIYNEPLQVSWSNTIKPYAEAVISAIRAIDPDNLIIVGTPSWSQNVDEASRDPINAKNIAYTLHFYAGTHGESLRNKARQALNNGIALFVTEWGTVNADGNGGVNQTETDAWVTFMRDNNISNANWALNDKNEGASTYYPDSKNLTESGKKVKSIIQSWPYKAGSAASATTDPSTDTTTDTTVDEPTTTDTPATADCANANVYPNWVSKDWAGGQPTHNEAGQSIVYKGNLYTANWYTASVPGSDSSWTQVGSCN,3.2.1.4,UniProt_Real
P07981,GUN1_HYPJE,Hypocrea jecorina (Trichoderma reesei),"Endoglucanase EG-1 (EC 3.2.1.4) (Cellulase) (Endo-1,4-beta-glucanase)",MAPSVTLPLTTAILAIARLVAAQQPGTSTPEVHPKLTTYKCTKSGGCVAQDTSVVLDWNYRWMHDANYNSCTVNGGVNTTLCPDEATCGKNCFIEGVDYAASGVTTSGSSLTMNQYMPSSSGGYSSVSPRLYLLDSDGEYVMLKLNGQELSFDVDLSALPCGENGSLYLSQMDENGGANQYNTAGANYGSGYCDAQCPVQTWRNGTLNTSHQGFCCNEMDILEGNSRANALTPHSCTATACDSAGCGFNPYGSGYKSYYGPGDTVDTSKTFTIITQFNTDNGSPSGNLVSITRKYQQNGVDIPSAQPGGDTISSCPSASAYGGLATMGKALSSGMVLVFSIWNDNSQYMNWLDSGNAGPCSSTEGNPSNILANNPNTHVVFSNIRWGDIGSTTNSTAPPPPPASSTTFSTTRRSSTTSSSPSCTQTHWGQCGGIGYSGCKTCTSGTTCQYSNDYYSQCL,3.2.1.4,UniProt_Real
P26222,GUN2_THEFU,Thermobifida fusca (Thermomonospora fusca),"Endoglucanase E-2 (EC 3.2.1.4) (Cellulase E-2) (Cellulase E2) (Endo-1,4-beta-glucanase E-2)",MSPRPLRALLGAAAAALVSAAALAFPSQAAANDSPFYVNPNMSSAEWVRNNPNDPRTPVIRDRIASVPQGTWFAHHNPGQITGQVDALMSAAQAAGKIPILVVYNAPGRDCGNHSSGGAPSHSAYRSWIDEFAAGLKNRPAYIIVEPDLISLMSSCMQHVQQEVLETMAYAGKALKAGSSQARIYFDAGHSAWHSPAQMASWLQQADISNSAHGIATNTSNYRWTADEVAYAKAVLSAIGNPSLRAVIDTSRNGNGPAGNEWCDPSGRAIGTPSTTNTGDPMIDAFLWIKLPGEADGCIAGAGQFVPQAAYEMAIAAGGTNPNPNPNPTPTPTPTPTPPPGSSGACTATYTIANEWNDGFQATVTVTANQNITGWTVTWTFTDGQTITNAWNADVSTSGSSVTARNVGHNGTLSQGASTEFGFVGSKGNSNSVPTLTCAAS,3.2.1.4,UniProt_Real
P07982,GUN2_HYPJE,Hypocrea jecorina (Trichoderma reesei),"Endoglucanase EG-II (EGII) (EC 3.2.1.4) (Cellulase) (Endo-1,4-beta-glucanase)",MNKSVAPLLLAASILYGGAVAQQTVWGQCGGIGWSGPTNCAPGSACSTLNPYYAQCIPGATTITTSTRPPSGPTTTTRATSTSSSTPPTSSGVRFAGVNIAGFDFGCTTDGTCVTSKVYPPLKNFTGSNNYPDGIGQMQHFVNEDGMTIFRLPVGWQYLVNNNLGGNLDSTSISKYDQLVQGCLSLGAYCIVDIHNYARWNGGIIGQGGPTNAQFTSLWSQLASKYASQSRVWFGIMNEPHDVNINTWAATVQEVVTAIRNAGATSQFISLPGNDWQSAGAFISDGSAAALSQVTNPDGSTTNLIFDVHKYLDSDNSGTHAECTTNNIDGAFSPLATWLRQNNRQAILTETGGGNVQSCIQDMCQQIQYLNQNSDVYLGYVGWGAGSFDSTYVLTETPTSSGNSWTDTSLVSSCLARK,3.2.1.4,UniProt_Real
P56680,GUN1A_HUMIN,Humicola insolens (Soft-rot fungus),"Endoglucanase 1 (EC 3.2.1.4) (Cellulase 1) (Endo-1,4-beta-glucanase 1) (Endoglucanase I)",QKPGETKEVHPQLTTFRCTKRGGCKPATNFIVLDSLSHPIHRAEGLGPGGCGDWGNPPPKDVCPDVESCAKNCIMEGIPDYSQYGVTTNGTSLRLQHILPDGRVPSPRVYLLDKTKRRYEMLHLTGFEFTFDVDATKLPCGMNSALYLSEMHPTGAKSKYNPGGAYYGTGYCDAQCFVTPFINGLGNIEGKGSCCNEMDIWEANSRASHVAPHTCNKKGLYLCEGEECAFEGVCDKNGCGWNNYRVNVTDYYGRGEEFKVNTLKPFTVVTQFLANRRGKLEKIHRFYVQDGKVIESFYTNKEGVPYTNMIDDEFCEATGSRKYMELGATQGMGEALTRGMVLAMSIWWDQGGNMEWLDHGEAGPCAKGEGAPSNIVQVEPFPEVTYTNLRWGEIGSTYQELQ,3.2.1.4,UniProt_Real
P0C2S4,GUND_ACETH,Acetivibrio thermocellus (Hungateiclostridium thermocellum) (Clostridium thermocellum),"Endoglucanase D (EGD) (EC 3.2.1.4) (Cellulase D) (Endo-1,4-beta-glucanase)",SLTGVFPSGLIETKVSAAKITENYQFDSRIRLNSIGFIPNHSKKATIAANCSTFYVVKEDGTIVYTGTATSMFDNDTKETVYIADFSSVNEEGTYYLAVPGVGKSVNFKIAMNVYEDAFKTAMLGMYLLRCGTSVSATYNGIHYSHGPCHTNDAYLDYINGQHTKKDSTKGWHDAGDYNKYVVNAGITVGSMFLAWEHFKDQLEPVALEIPEKNNSIPDFLDELKYEIDWILTMQYPDGSGRVAHKVSTRNFGGFIMPENEHDERFFVPWSSAATADFVAMTAMAARIFRPYDPQYAEKCINAAKVSYEFLKNNPANVFANQSGFSTGEYATVSDADDRLWAAAEMWETLGDEEYLRDFENRAAQFSKKIEADFDWDNVANLGMFTYLLSERPGKNPALVQSIKDSLLSTADSIVRTSQNHGYGRTLGTTYYWGCNGTVVRQTMILQVANKISPNNDYVNAALDAISHVFGRNYYNRSYVTGLGINPPMNPHDRRSGADGIWEPWPGYLVGGGWPGPKDWVDIQDSYQTNEIAINWNAALIYALAGFVNYNSPQNEVLYGDVNDDGKVNSTDLTLLKRYVLKAVSTLPSSKAEKNADVNRDGRVNSSDVTILSRYLIRVIEKLPI,3.2.1.4,UniProt_Real
P10477,CELE_ACET2,Acetivibrio thermocellus (strain ATCC 27405 / DSM 1237 / JCM 9322 / NBRC 103400 / NCIMB 10682 / NRRL B-4536 / VPI 7372) (Clostridium thermocellum),"Cellulase/esterase CelE (CtCel5C-CE2) [Includes: Cellulase E (EC 3.2.1.4) (CtCel5C) (Endo-1,4-beta-glucanase E) (EGE) (Endoglucanase E); Acetylxylan esterase / glucomannan deacetylase (EC 3.1.1.-) (EC 3.1.1.72) (CtCE2)]",MKKIVSLVCVLVMLVSILGSFSVVAASPVKGFQVSGTKLLDASGNELVMRGMRDISAIDLVKEIKIGWNLGNTLDAPTETAWGNPRTTKAMIEKVREMGFNAVRVPVTWDTHIGPAPDYKIDEAWLNRVEEVVNYVLDCGMYAIINVHHDNTWIIPTYANEQRSKEKLVKVWEQIATRFKDYDDHLLFETMNEPREVGSPMEWMGGTYENRDVINRFNLAVVNTIRASGGNNDKRFILVPTNAATGLDVALNDLVIPNNDSRVIVSIHAYSPYFFAMDVNGTSYWGSDYDKASLTSELDAIYNRFVKNGRAVIIGEFGTIDKNNLSSRVAHAEHYAREAVSRGIAVFWWDNGYYNPGDAETYALLNRKTLSWYYPEIVQALMRGAGVEPLVSPTPTPTLMPTPSPTVTANILYGDVNGDGKINSTDCTMLKRYILRGIEEFPSPSGIIAADVNADLKINSTDLVLMKKYLLRSIDKFPAEDSQTPDEDNPGILYNGRFDFSDPNGPKCAWSGSNVELNFYGTEASVTIKSGGENWFQAIVDGNPLPPFSVNATTSTVKLVSGLAEGAHHLVLWKRTEASLGEVQFLGFDFGSGKLLAAPKPLERKIEFIGDSITCAYGNEGTSKEQSFTPKNENSYMSYAAITARNLNASANMIAWSGIGLTMNYGGAPGPLIMDRYPYTLPYSGVRWDFSKYVPQVVVINLGTNDFSTSFADKTKFVTAYKNLISEVRRNYPDAHIFCCVGPMLWGTGLDLCRSYVTEVVNDCNRSGDLKVYFVEFPQQDGSTGYGEDWHPSIATHQLMAERLTAEIKNKLGW,3.1.1.-; 3.1.1.72; 3.2.1.4,UniProt_Real
P14250,GUN3_FIBSS,Fibrobacter succinogenes (strain ATCC 19169 / S85),"Endoglucanase 3 (EC 3.2.1.4) (Cellulase 3) (Endo-1,4-beta-glucanase 3) (EG3)",MQLKNFYPKMSVLGIATVMALTACGDENTQALFANNPVPGAENQVPVSSSDMSPTSSDAVIDPTSSSAAVVDPSTLPAEGPITMPEGLGTLVDDFEDGDNLSKIGDYWYTYNDNDNGGASIITTPLNEEENIIPGRVNNGSNYALQVNYTLDRGDYEYDPYVGWGVQVAPDEANGHFGGLTYWYKGGAHEVHIEITDVEDYDVHLAKFPASRTWKQAVVRFKDLVQGGWGKEIPFDAKHIMAISFQAKGNKSKLVTDSLFIDNIYLQDSSEVEKDQPDMEIKDPVIPVVEFTEAEITVTNPLQEKAMKYLNKGVNFTNWLENADGKFKSFELGESDVKILADNGFKSLRLPIDLDLYATNRDAFIAGTDTELKFDDDTLFLVLDSFVEWTAKYNMSFVIDYHEYDNSYNTTSAKDPNYIKMMAETWKHVAAHYAESPREDLFFELLNEPDMSDGKVTAATWTTAAQAMIDAIRTVDTKHTILFGDAQWYSITLLAKRTPFTDDNIIYVIHTYEPFAFTHQGGSWTDYATIHDIPFPYDPAKWSTVSGDFGVNKSTKSYVKTNIKNYYKTGSKEAILEQILKAKKWAATNNVPVIINEFGALNLRSTAESRLNYLTAMREICDTLQIPWTHWGYTGNFSVIENGKLIEGLDKALGVGSK,3.2.1.4,UniProt_Real
P22699,GUN6_DICDI,Dictyostelium discoideum (Social amoeba),"Endoglucanase (EC 3.2.1.4) (Cellulase) (Endo-1,4-beta-glucanase) (Spore germination protein 270-6)",MKILKNCILLIIFGLLSTQLINADTDYCSLLENALMFYKMNRAGRLPDNDIPWRGNSALNDASPNSAKDANGDGNLSGGYFDAGDGVKFGLPMAYSMTMLGWSFIEYESNIAQCGLTSLYLDTIKYGTDWLIAAHTADNEFAGQVGDGNVDHSWWGPPEDMTMARPTYMLTTEAPGTEIAMEAASALAAASIAFKSSNPTYAATCLAHAKTLHNFGYTYRGVYSDSITNAQAFYNSWSGYKDDLVWGSIWLYKATQDSDYLTKAVADYASGGVGGMAQGNSHDWDNKAPGCCLLLSKLVPTTSTYKTDFEGWLNYWLPGGGVTYTPGGLAWIRQWGPARYAATAAFLGSLAGTEKGTDFTQKQVDYLIGNNPNQQSFVVGMGPNYPINPHHRAAHHSTTNDINNPVNNLYLLKGALVGGPGSNDEYTDDRTDYISNEVATDYNAGFVGALASLVNPSSTSVPTTTPTVTETPTETPTETPTETPTETPTETPTETPTETPTETPTETPTETPTETPTETPTETPTETPTETPTETPTETVTPTPTVTPTETPSSGESLSIYKSGLKNDFQDWSWGEHSLTDTTNVESGETNSISFTPKAYGAVFLGCFECIDTDTYNNIEFDINGGSSGAQLLRITVVKNSKSVGSKLITDLNGGTPIEANSWTKIKASFIDDFKVSGKVDGIWIQDIKGDTQSTVYISNIIATA,3.2.1.4,UniProt_Real
Q5NAT0,GUN2_ORYSJ,Oryza sativa subsp. japonica (Rice),"Endoglucanase 2 (EC 3.2.1.4) (Endo-1,4-beta glucanase 2) (OsCel9A) (OsGLU5)",MARGGGAAGVSMAHHLGIALVVLVFAAMAQVARGGGGGHDYGMALSKSILYFEAQRSGVLPGSQRIAWRANSGLADGKANGVDLVGGYYDAGDNVKFGLPMAFTVTMMAWSVIEYGEEMAAAGELGHAVEAIKWGTDYFAKAHPEPNVLYAEVGDGDSDHNCWQRPEDMTTSRQAYRLDPQNPGSDLAGETAAAMAAASLVFRSSNPGYADQLLQHSKQLFDFADKYRGRYDNSITVARNYYGSFSGYGDELLWASAWLYQASDDRRYLDYLANNADALGGTGWSINQFGWDVKYPGVQILAAKFLLQGKAGEHAGVLQGYRRKADFFACSCLGKDAADNVGRTPGGMLYHQRWNNIQFVTSASFLLAVYSDHLAGGAVRCSGGGGAVAGAAELLAFAKSQVDYILGSNPRGTSYMVGYGAVYPRQAHHRGSSIASIRASPSFVSCREGYASWYGRRGGNPNLLDGAVVGGPDEHDDFADERNNYEQTEAATYNNAPLMGILARLAAGHGARARGRLGQSLQHGIAANHTSLPHGANHQHASPVEIEQKATASWEKDGRTYHRYAVTVSNRSPAGGKTVEELHIGIGKLYGPVWGLEKAARYGYVLPSWTPSLPAGESAAFVYVHAAPPADVWVTGYKLV,3.2.1.4,UniProt_Real
Q9C9H5,GUN9_ARATH,Arabidopsis thaliana (Mouse-ear cress),"Endoglucanase 9 (EC 3.2.1.4) (Cellulase 3) (AtCEL3) (Endo-1,4-beta glucanase 9)",MTSLFFFVLLFSSLLISNGDANPNYKEALSKSLLFFQGQRSGPLPRGQQISWRASSGLSDGSAAHVDLTGGYYDAGDNVKFNLPMAFTTTMLSWSALEYGKRMGPELENARVNIRWATDYLLKCARATPGKLYVGVGDPNVDHKCWERPEDMDTPRTVYSVSASNPGSDVAAETAAALAAASMVFRKVDSKYSRLLLATAKDVMQFAIQYQGAYSDSLSSSVCPFYCSYSGYKDELMWGASWLLRATNNPYYANFIKSLGGGDQPDIFSWDNKYAGAYVLLSRRALLNKDSNFEQYKQAAENFICKILPDSPSSSTQYTQGGLMYKLPQSNLQYVTSITFLLTTYAKYMKATKHTFNCGSSVIVPNALISLSKRQVDYILGDNPIKMSYMVGFSSNFPKRIHHRASSLPSHALRSQSLGCNGGFQSFYTQNPNPNILTGAIVGGPNQNDGYPDQRDDYSHAEPATYINAAFVGPLAYFAAGRST,3.2.1.4,UniProt_Real
P0C1U4,GUN9_ORYSJ,Oryza sativa subsp. japonica (Rice),"Endoglucanase 9 (EC 3.2.1.4) (Endo-1,4-beta glucanase 9) (OsCel9D) (OsGLU1)",MSMYGRDPWGGPLEICHDSATDDDRSRNLDLDRGALSRTLDETQQSWLLAGPGDQGRKKKKYVDLGCLVVSRKLFVWTVGVLLAAAVFAGLVAGIAKAIPRHHRPPPPPDDFTVALRKALMFFNAQKSGKLPKNNNVHWRGNSCMKDGLSDPAVGRSLVGGYYDAGDAVKFNFPAAFSMTLLSWSVIEYSAKYEAVGELGHIRDTIKWGADYFLKTFNSTADTIDRVVMQVGSGATSPGSTQPNDHYCWMRPEDIDYPRPVVECHACSDLAAEMAASLAAASIVFKDNKAYSQKLVHGATTLFKFARQNRGRYSAGGSDAAKFYNSTSYWDEFVWGGSWMYLATGNSSYLQLATHPKLAKHAGAYWGGPDYGVFSWDNKLTGAQVLLSRLRLFLSPGYPYEEILRTFHNQTSIIMCSYLPIFKSFNRTKGGLIQLNHGRPQPLQYVVNAAFLASLYGDYLEAADTPGWYCGPHFYPIETLRNFARTQIEYILGKNPLKMSYVVGYGNRYPKRVHHRGASIPKNGVHYGCKGGWKWRETKKPNPNIIVGAMVAGPDRHDGFKDVRKNYNYTEATLAGNAGLVAALVALSGEGHGVDKNTMFSAVPPMFPSPPPPPAPWKP,3.2.1.4,UniProt_Real
Q2V4L8,GUN3_ARATH,Arabidopsis thaliana (Mouse-ear cress),"Endoglucanase 3 (EC 3.2.1.4) (Cellulase 5) (AtCEL5) (Endo-1,4-beta glucanase 3)",MASPFFFVFLLSALSLENTYASPNYREALSKSLLFFQGQRSGRLPSDQQLSWRSSSGLSDGSSAHVDLTGGYYDAGDNVKFNFPMAFTTTMLSWSSLEYGKKMGPELQNSRVAIRWATDYLLKCARATPGKLYVGVGDPNGDHKCWERPEDMDTPRTVYSVSPSNPGSDVAAETAAALAASSMVFRKVDPKYSRLLLATAKKVMQFAIQYRGAYSNSLSSSVCPFYCSYSGYKDELLWGAAWLHRATNDPYYTNFIKSLGGGDQPDIFSWDNKYAGAYVLLSRRAVLNKDNNFELYKQAAENFMCKILPNSPSSSTKYTKGGLMYKLPQSNLQYVTSITFLLTTYAKYMKSTKQTFNCGNSLIVPNALINLSKRQVDYVLGVNPMKMSYMVGFSSNFPKRIHHRGSSLPSRAVRSNSLGCNGGFQSFRTQNPNPNILTGAIVGGPNQNDEYPDQRDDYTRSEPATYINAAFVGPLAYFAASRSP,3.2.1.4,UniProt_Real
P37651,GUN_ECOLI,Escherichia coli (strain K12),"Endoglucanase (EC 3.2.1.4) (Carboxymethylcellulase) (CMCase) (Cellulase) (Endo-1,4-beta-glucanase)",MNVLRSGIVTMLLLAAFSVQAACTWPAWEQFKKDYISQEGRVIDPSDARKITTSEGQSYGMFSALAANDRAAFDNILDWTQNNLAQGSLKERLPAWLWGKKENSKWEVLDSNSASDGDVWMAWSLLEAGRLWKEQRYTDIGSALLKRIAREEVVTVPGLGSMLLPGKVGFAEDNSWRFNPSYLPPTLAQYFTRFGAPWTTLRETNQRLLLETAPKGFSPDWVRYEKDKGWQLKAEKTLISSYDAIRVYMWVGMMPDSDPQKARMLNRFKPMATFTEKNGYPPEKVDVATGKAQGKGPVGFSAAMLPFLQNRDAQAVQRQRVADNFPGSDAYYNYVLTLFGQGWDQHRFRFSTKGELLPDWGQECANSH,3.2.1.4,UniProt_Real
Q9CAC1,GUN8_ARATH,Arabidopsis thaliana (Mouse-ear cress),"Endoglucanase 8 (EC 3.2.1.4) (Cellulase 1) (AtCEL1) (Endo-1,4-beta glucanase 8)",MARKSLIFPVILLAVLLFSPPIYSAGHDYRDALRKSILFFEGQRSGKLPPDQRLKWRRDSALRDGSSAGVDLSGGYYDAGDNIKFGFPMAFTTTMLSWSIIDFGKTMGPELRNAVKAVKWGTDYLLKATAIPGVVFVQVGDAYSDHNCWERPEDMDTLRTVYKIDRAHPGSDVAGETAAALAAASIVFRKRDPAYSRLLLDRATRVFAFANRYRGAYSNSLYHAVCPFYCDFNGYQDELLWGAAWLHKASRKRAYREFIVKNEVILKAGDTINEFGWDNKHAGINVLISKEVLMGKAEYFESFKQNADGFICSILPGISHPQVQYSRGGLLVKTGGSNMQHVTSLSFLLLAYSNYLSHAKKVVPCGELTASPSLLRQIAKRQVDYILGDNPMGLSYMVGYGQKFPRRIHHRGSSVPSVSAHPSHIGCKEGSRYFLSPNPNPNLLVGAVVGGPNVTDAFPDSRPYFQQSEPTTYINAPLVGLLGYFSAHSTWR,3.2.1.4,UniProt_Real
A0A024SH20,GUN2_HYPJR,Hypocrea jecorina (strain ATCC 56765 / BCRC 32924 / NRRL 11460 / Rut C-30) (Trichoderma reesei),"Endoglucanase EG-II (EGII) (EC 3.2.1.4) (Cellulase) (Endo-1,4-beta-glucanase)",MNKSVAPLLLAASILYGGAAAQQTVWGQCGGIGWSGPTNCAPGSACSTLNPYYAQCIPGATTITTSTRPPSGPTTTTRATSTSSSTPPTSSGVRFAGVNIAGFDFGCTTDGTCVTSKVYPPLKNFTGSNNYPDGIGQMQHFVNDDGMTIFRLPVGWQYLVNNNLGGNLDSTSISKYDQLVQGCLSLGAYCIVDIHNYARWNGGIIGQGGPTNAQFTSLWSQLASKYASQSRVWFGIMNEPHDVNINTWAATVQEVVTAIRNAGATSQFISLPGNDWQSAGAFISDGSAAALSQVTNPDGSTTNLIFDVHKYLDSDNSGTHAECTTNNIDGAFSPLATWLRQNNRQAILTETGGGNVQSCIQDMCQQIQYLNQNSDVYLGYVGWGAGSFDSTYVLTETPTGSGNSWTDTSLVSSCLARK,3.2.1.4,UniProt_Real
A0A024SNB7,GUN1_HYPJR,Hypocrea jecorina (strain ATCC 56765 / BCRC 32924 / NRRL 11460 / Rut C-30) (Trichoderma reesei),"Endoglucanase EG-1 (EC 3.2.1.4) (Cellulase) (Endo-1,4-beta-glucanase)",MAPSVTLPLTTAILAIARLVAAQQPGTSTPEVHPKLTTYKCTKSGGCVAQDTSVVLDWNYRWMHDANYNSCTVNGGVNTTLCPDEATCGKNCFIEGVDYAASGVTTSGSSLTMNQYMPSSSGGYSSVSPRLYLLDSDGEYVMLKLNGQELSFDVDLSALPCGENGSLYLSQMDENGGANQYNTAGANYGSGYCDAQCPVQTWRNGTLNTSHQGFCCNEMDILEGNSRANALTPHSCTATACDSAGCGFNPYGSGYKSYYGPGDTVDTSKTFTIITQFNTDNGSPSGNLVSITRKYQQNGVDIPSAQPGGDTISSCPSASAYGGLATMGKALSSGMVLVFSIWNDNSQYMNWLDSGNAGPCSSTEGNPSNILANNPNTHVVFSNIRWGDIGSTTNSTAPPPPPASSTTFSTTRRSSTTSSSPSCTQTHWGQCGGIGYSGCKTCTSGTTCQYSNDYYSQCL,3.2.1.4,UniProt_Real
A0A8A1G1R1,GUN5_MICS2,Microbulbifer sp. (strain ALW1),"Endoglucanase MaCel5A (EC 3.2.1.4) (Endo-beta-1,4-glucanase)",MKRILFTAGGCLFYLLLAVKAYAYDCSATPAYQDGVNYQSGDLVSNTGAAYRCNVAGWCSTGGAYAPGTGWAWTEAWDELGSCDGGAGSSGSSSSSSSSSSSSSGSSSSSSGSGSSSGGTSCDGIEAWQVASIYTEGNVVQQNGERYIANWWNQGQSPEDNSGAYEVWSAAGSCSGAGSSSSSSGGTSSSGSSSSGVSSSGGSSGGDSPIARHGKLHVCGNGLCNADNVPVQLRGMSTHGLQWYGWGNCITGNSLDTLAEDWNADILRVSLYVQEGGYETDPAGYTAQVSHIIDEVTARGMYVLVDWHQLDPGDPNANLDNARQFFTDIAQAHGDKTNIIYDVANEPNNVSWDAIQRYAMEVIPVIRQYAPDAVVLVGTHGWASLGISDGGSAQDIFNNPVTIDNIMYTFHFYAASHGQVYRDELRSALERGMPVFVTEWGSQTYTGDDGNDFVSTQAYLDLLDQYQISWTNWNYSDDFRTGAVWNTGTCSADSWGVGNLKEAGAWVRDKIRNR,3.2.1.4,UniProt_Real
G4NK46,CEL7B_PYRO7,Pyricularia oryzae (strain 70-15 / ATCC MYA-4617 / FGSC 8958) (Rice blast fungus) (Magnaporthe oryzae),"Endoglucanase 1 (EC 3.2.1.4) (Cellulase 1) (Endo-1,4-beta-glucanase 1)",MAKFSALCSLALLGLATAQKPVGTETHEKLTTFRCTVAGGCVEKTNYIVLDSITGHRIYQPAAETLDCGARGAAPNVTACPTKEACAENCAMEGRTDYGSQGVSTDGASLRLQILHDGKKVAPRVYLLDETEAKYEMLRLTGNEFAFEVTMDKLPCGMNSALYLSEMEEDGGKSELNPGGAPWGTGYCDAQCYVTPFINGEGNIKGNGACCAEMDIWEANSRATHIAPHPCSKPGLYLCEGDECGSTGVCDKSGCAWNPNRIAQPHYYGNNDTFKVDTLKPMTVVTQFPTDASGKLAAIRRLYVQGGVVIKAETVHKAGLPEVDALTDPFCEAFGSQRYMALGATGGMGDALARGMVLVMSIWWDETGGNMQWLDGIASGSGPCNATEGAPANIPLVEPNPEVTFSNLKWGEIGSTFQGGARRL,3.2.1.4,UniProt_Real
O08342,GUNA_PAEBA,Paenibacillus barcinonensis,"Endoglucanase A (EC 3.2.1.4) (Cellulase A) (Endo-1,4-beta-D-glucanase A)",MTKTFKKFSIAGLALLFMATAAFAGWSTKASAADMRSLTAAQITAEMGAGWNLGNQLEATVNGTPNETSWGNPTITPELIKKVKAAGFKTIRIPVSYLNYIGSAPNYTVNASWLNRIQQVVDYAYNEGLYVVINMHGDGFHSIPGSWLHVNSSNQNVIRDKYQKVWQQVATRFSAYNERLIFESMNEVFDGNYNNPNTSYYGNLNAYNQIFVDTVRKTGGNNNARWLLVPGWNTNIDYTVGNYGFVVPTDNFRSSAIPSSQKRIMISAHYYSPWDFAGEENGNITQWGATATNPAKRSTWGQEDYLDSQFKSMYDKFVTQGYPVVMGEFGSIDKSSYDSSNNNYRAVYAKAVTATAKKYKLVPVYWDNGFNGQHGFALFNRFNNTVTQQNIINAIMQGMQ,3.2.1.4,UniProt_Real
Q47096,GUNV_PECCC,Pectobacterium carotovorum subsp. carotovorum (Erwinia carotovora subsp. carotovora),"Endoglucanase 5 (EC 3.2.1.4) (Cellulase V) (Endo-1,4-beta-glucanase V) (Endoglucanase V)",MWMRRNQIVRKLTLGVVTTVLGMSLSFSALSATPVETHGQLSIENGRLVDEQGKRVQLRGISSHGLQWFGDYVNKDSMKWLRDDWGINVFRVAMYTAADGYISNPSLANKVKEAVAAAQSLGVYIIIDWHILSDNDPNIYKAQAKTFFAEMAGLYGSSPNVIYEIANEPNGGVTWNGQIRPYALEVTDTIRSKDPDNLIIVGTGTWSQDIHDAADNQLPDPNTMYALHFYAGTHGQFLRDRIDYAQSRGAAIFVSEWGTSDASGNGGPFLPESQTWIDFLNNRGVSWVNWSLTDKSEASAALAPGASKSGGWTEQNLSTSGKFVREQIRAGANLGGGDTPTTPTEPTNPGNGTTGDVVLQYRNVDNNPSDDAIRMAVNIKNTGSTPIKLSDLQVRYYFHDDGKPGANLFVDWANVGPNNIVTSTGTPAASTDKANRYVLVTFSSGAGSLQPGAETGEVQVRIHAGDWSNVNETNDYSYGANVTSYANWDKITVHDKGTLVWGVEP,3.2.1.4,UniProt_Real
Q5BDU5,EGLA_EMENI,Emericella nidulans (strain FGSC A4 / ATCC 38163 / CBS 112.46 / NRRL 194 / M139) (Aspergillus nidulans),"Endo-beta-1,4-glucanase A (Endoglucanase A) (EC 3.2.1.4) (Carboxymethylcellulase A) (Cellulase A)",MRSLVLLSSVLALVAPSKGAFTWLGTNEAGAEFGEGSYPGELGTEYIWPDLGTIGTLRNEGMNIFRVAFSMERLVPDSLAGPVADEYFQDLVETVNGITALGAYAVLDPHNYGRYYGNIITSTDDFAAFWTILATEFASNELVIFDTNNEYHTMDQSLVLNLNQAAIDAIRASGATSQYIFAEGNSWTGAWTWVDVNDNMKALTDPQDKLIYEMHQYLDSDGSGTNTACVSSTIGSERVTAATNWLRENGKLGVLGEFAGANNQVCKDAVADLLEYLEENSDVWLGALWWAAGPWWGDYMFNMEPTSGIAYQEYSEILQPYFVGSQ,3.2.1.4,UniProt_Real
A0A0U4EBH5,CELDZ_THESZ,Thermoanaerobacterium sp,Cellulase CelDZ1 (EC 3.2.1.4),MNKWHINKWYFFVGMLVIFAVIISLILKDTSLTFSSYDREKFPHLIGNSMVKKPSLAGRLKIIEIDGRKTLGDQHGNPIQLRGMSTHGLQWFPQIINNNAFSALSKDWEANVIRLAMYVGEGGYSTDPSVKEKVIEGINLAIKNDMYVIVDWHILNPGDPNAKIYSGAKEFFKEIASKYPNDLHIIYELANEPNPTESDITNDIAGWEKVKKYAEPIIKMLRDMGNENIIIVGNPEWSTRPDLAVNDPIDDKNVMYSAHFYTGSASVWENGNKGHIARNIEKALENGLTVFVTEWGTSEASGDGGPYLNEADEWLEFLNSNNISWVNWSLANKNEASAAFLPTTSLDPGNGKVWAVNQLSLSGEYVRARIKGIPYKPISRETMGK,3.2.1.4,UniProt_Real
P14090,GUNC_CELFA,Cellulomonas fimi (strain ATCC 484 / DSM 20113 / JCM 1341 / CCUG 24087 / LMG 16345 / NBRC 15513 / NCIMB 8980 / NCTC 7547 / NRS-133),"Endoglucanase C (EC 3.2.1.4) (Cellulase C) (Endo-1,4-beta-glucanase C)",MVSRRSSQARGALTAVVATLALALAGSGTALAASPIGEGTFDDGPEGWVAYGTDGPLDTSTGALCVAVPAGSAQYGVGVVLNGVAIEEGTTYTLRYTATASTDVTVRALVGQNGAPYGTVLDTSPALTSEPRQVTETFTASATYPATPAADDPEGQIAFQLGGFSADAWTFCLDDVALDSEVELLPHTSFAESLGPWSLYGTSEPVFADGRMCVDLPGGQGNPWDAGLVYNGVPVGEGESYVLSFTASATPDMPVRVLVGEGGGAYRTAFEQGSAPLTGEPATREYAFTSNLTFPPDGDAPGQVAFHLGKAGAYEFCISQVSLTTSATPPPGYEPDTGPRVRVNQVGYLPFGPKRATLVTDAAEPVAWELRDADGVVVADGTSEPRGVEPSAAQAVHVLDFSDVTTQGAGYTLVADGETSRPFDIDGDLYQQLRYDALNYFYLARSGTEIEADVVGEEYAREAGHVGVAPNQGDTDVPCIGPRDYYDGWTCDYRLDVSGGWYDAGDHGKYVVNGGIAVGQLLQTYERALHAGTADALADGTLDVPEHGNDVPDVLDEARWELEWMLSMIVPEGEYAGMVHHKVHDEGWTGLPLLPADDPQARSLHRPSTAATLNLSAVAAQGARLLEPYDPQLAQTLLEAARTTWAAAQEHPALYAPGEAGADGGGAYNDSQVADEFYWAAAELYLTTGEDAFATAVTTSPLHTADVFTADGFGWGSVAALGRLDLATVPNELPGLDAVQSSVVEGAQEYLAAQAGQGFGSLYSPPGGEYVWGSSSQVANNLVVVATAYDLTGDERFRAATLEGLDYLFGRNALNQSYVTGWGEVASHQQHSRWFAHQLDPSLPSPPPGSLAGGPNSQAATWDPTTKAAFPDGCAPSACYVDEIQAWSTNELTVNWNSALSWVASWVADQGSAEPVPTAPVVTRQPVDATVALGADATFTAEASGVPAPTVRWQVRAGRGWKDVAGATGTTLTVRATARTDGTRYRAVFTNAAGSVESAVVRLTVERAAPVVTQHPADVRARVGTRAVFRAAADGYPTPCVVWQVRWGGGSWRPIPWATSTTLSVPVTVLAAGTEYRAVFTNAVGTAATEPAELAVQRPRS,3.2.1.4,UniProt_Real
P37699,GUNC_RUMCH,Ruminiclostridium cellulolyticum (strain ATCC 35319 / DSM 5812 / JCM 6584 / H10) (Clostridium cellulolyticum),"Endoglucanase C (EC 3.2.1.4) (Cellulase C) (EGCCC) (Endo-1,4-beta-glucanase C)",MIKGSSLKRFKSLVMAAIFSVSIISTAIASSAADQIPFPYDAKYPNGAYSCLADSQSIGNNLVRSEWEQWKSAHITSNGARGYKRVQRDASTNYDTVSEGLGYGLLLSVYFGEQQLFDDLYRYVKVFLNSNGLMSWRIDSSGNIMGKDSIGAATDADEDIAVSLVFAHKKWGTSGGFNYQTEAKNYINNIYNKMVEPGTYVIKAGDTWGGSNVTNPSYFAPAWYRIFADFTGNSGWINVANKCYEIADKARNSNTGLVPDWCTANGTPASGQGFDFYYDAIRYQWRAAIDYSWYGTAKAKTHCDAISNFFKNIGYANIKDGYTISGSQISSNHTATFVSCAAAAAMTGTDTTYAKNIYNECVKVKDSGNYTYFGNTLRMMVLLYTTGNFPNLYTYNSQPKPDLKGDVNNDGAIDALDIAALKKAILTQTTSNISLTNADMNNDGNIDAIDFAQLKVKLLN,3.2.1.4,UniProt_Real
P54937,GUNA_CLOLO,Clostridium longisporum,"Endoglucanase A (EC 3.2.1.4) (Cellulase A) (Endo-1,4-beta-glucanase A)",MKRSLLKTCSIIAGATIIFSSLSISRNPLEVQAASMRSASEIVQEMGVGWNLGNTLDAKITNLSYNTSPISFETGWGNPVTTKAMIDKIKNAGFKTIRIPTTWGEHLDGNNKLNEEWVKRVKEVVDYCIADDLYVILNTHHEGNWVIPTYAKESSVTPKLKTLWTQISEAFKDYDDHLIFETLNEPRLEGTPYEWTGGTSESRDVVNKYNAAALESIRKTGGNNLSRAVMMPTYAASGSSTTMNDFKVPDDKNVIASVHAYSPYFFAMDTSSNSVNTWGSSYDKYSLDVELDSYLNTFKSKGVPVVIGEFGSINKNNTSSRAELAEYYVTAAQKRGIPCVWWDNNYAETNKGETFGLLNRSTLNWYFSDIKDALIRGYKNVHPEATEDDKPSTDVTNPDSGNTKPDSGNTNPGTETTTPTDNEKISITSKINDWGGAYQADFTLKNNTSSDINNWSFKIKKNDIVFTNYWDVKITEENGYYVVTPQAWKTTILANSSIVISIQGTGKVISNFEYKFD,3.2.1.4,UniProt_Real
Q1HFS8,EGLB_EMENI,Emericella nidulans (strain FGSC A4 / ATCC 38163 / CBS 112.46 / NRRL 194 / M139) (Aspergillus nidulans),"Endo-beta-1,4-glucanase B (Endoglucanase B) (EC 3.2.1.4) (Carboxymethylcellulase B) (Cellulase B)",MKVNTLLVAVAAGTAMAAPQLKKRAGFTFFGVTEAGAEFGEKSIPGVWGTDYTFPDTESILTLISKGFNTFRIPFLMERLTPEMTGSFDEGYLKNLTSVVNAVTDAGAWAIVDAQNFGRFNGEIISSASDFQTWWKNVAAEFADNKNVIFDTNNEFHDMDQTLVLDLNQAAINGIRAAGATSQYIFVEGNSYTGAWTWTDNNDNLKSLTDPQDKIVYEMHQYLDTDGSGTHETCVSETIGAERVESATQWLKDNGKLGVIGEFAGGNNEICRAAVKSLLDALKENDDVWLGALWWAAGPWWEDYMFSMEPTDGIAYTGMLSTLEAYMN,3.2.1.4,UniProt_Real
Q5B6H0,LP9F_EMENI,Emericella nidulans (strain FGSC A4 / ATCC 38163 / CBS 112.46 / NRRL 194 / M139) (Aspergillus nidulans),"AA9 family lytic polysaccharide monooxygenase F (LPMO9F) (EC 3.2.1.4) (Cellulase LPMO9F) (Endo-beta-1,4-glucanase LPMO9F) (Endoglucanase LPMO9F) (Glycosyl hydrolase 61 family protein LPMO9F)",MAMSKIATLAGLLASAGLVAGHGYVTKMTIDGEEYGGWLADSYYYMDSPPDNYGWSTTVTDNGFVSPDAFGTDDITCHRGATPGALSAPVTAGSKIDITWNTWPESHKDNQGPIINYLAKCNGDCSSADKTSLEFVKIQAEAIVDASTNTWVTDELIENSFTTSVTIPASIAPGNYVLRHEIIALHSAGQQNGAQAYPQCLNLVVSGSGTDNPSGTPGTQLYSANDEGIVFDIYSNPTSYPMPGPELYSG,3.2.1.4,UniProt_Real
Q5YLG1,GUNA_BACPU,Bacillus pumilus (Bacillus mesentericus),"Endoglucanase A (EC 3.2.1.4) (Endo-1,4-beta-glucanase A)",MLIFETYLILFKTVQITKRRIERRRLRLLNQCFTKKEGVSNREMASYNYVEVLQKSMLFYEAQRSGRLPESNRLNWRGDSGLKDGKDVGHDLTGGWYDAGDHVKFGLPMAYSAAVLAWTVYEYREAYEEAELLDEILDQIKWATDYFLKAHTGPNEFWAQVGDGNADHAWWGPAEVMPMNRPAFKIDEHCPGTEVAAQTAAALAAGSIIFKETDASYAAKLLTHAKQLYAFADRYRGKYTDCVTNAQPFYNSWSGYVDELIWGGIWLYLATNEETYLNKALKAVEEWPQDWDYTFTMSWDNTFFASQILLARITKENRFIESTERNLDYWTTGLVQNGKVERITYTPGGLAWLDQWGSLRYAANAAFLAFVYADWVSDQEKKNRYQSFAIKQTHYMLGDNPLNRSYVVGFGQNSPKHPHHRTAHGSWSNQLTNPPSHRHTLYGALVGGPNAQDQYDDDISDYISNEVATDYNAAFTGNIAKMVQLFGEGQSKLPNFPPKEQVEDEFFVEAAVMHNDTTSTQVKAVLYNRSGWPARSSQTLSFRYYVNLSEVFAKGFTEKDIQVTAAYNEGASLSPLKVYDASSRVYFAEIDFTGVVISPRGESEHKKEIQFRLSAPNGSNIWDASNDYSYQGLTSNMQKTTKIPVFEDGVLVFGTLPDK,3.2.1.4,UniProt_Real
Q66NB7,EG5A_PHACH,Phanerodontia chrysosporium (White-rot fungus) (Sporotrichum pruinosum),"Manganese dependent endoglucanase Eg5A (EC 3.2.1.4) (Carboxymethyl-cellulase 5A) (CMCase 5A) (Cellulase 5A) (Endo-1,4-beta-glucanase Eg5A)",MLKYASIALALATLGVAQQQQWGQCGGIGWTGATTCVAGSVCSVLNPYYSQCIPGAATVTSSSAPSTPTPPAGALPRLGGVNTAGYDFSVATDGSFTGTGVSPPVSQFSHFSSQGANLYRIPFAWQLMTPTLGGTISQSFLSRYDQTVQAALNSGPNVFVIIDLHNYARWNGGIIAQGGPTDAQFQSIWTQLAQKYGSNQRVIFGIMNEPHDIPSISTWVNSVQGAVNAIRAAGATNYLLLPGSSWSSAQAFPTEAGPLLVKVTDPLGGTSKLIFDVHKYLDSDNSGTHPDCTTDNVQVLQTLVQFLQANGNRQAILSETGGGNTSSCESLLANELAYVKSAYPTLAGFSVWAAGAFDTTYVLTVTPNADGSDQPLWVDAVKPNLP,3.2.1.4,UniProt_Real
G2QCS4,CEL7A_THET4,Thermothelomyces thermophilus (strain ATCC 42464 / BCRC 31852 / DSM 1799) (Sporotrichum thermophile),"Endoglucanase 7a (EC 3.2.1.4) (Cellulase 7a) (Endo-1,4-beta-glucanase 7a)",MGQKTLQGLVAAAALAASVANAQQPGTFTPEVHPTLPTWKCTTSGGCVQQDTSVVLDWNYRWFHTEDGSKSCITSSGVDRTLCPDEATCAKNCFVEGVNYTSSGVETSGSSLTLRQFFKGSDGAINSVSPRVYLLGGDGNYVVLKLLGQELSFDVDVSSLPCGENAALYLSEMDATGGRNEYNTGGAEYGSGYCDAQCPVQNWNNGTLNTGRVGSCCNEMDILEANSKAEAFTPHPCIGNSCDKSGCGFNAYARGYHNYWAPGGTLDTSRPFTMITRFVTDDGTTSGKLARIERVYVQDGKKVPSAAPGGDVITADGCTSAQPYGGLSGMGDALGRGMVLALSIWNDASGYMNWLDAGSNGPCSDTEGNPSNILANHPDAHVVLSNIRWGDIGSTVDTGDGDNNGGGPNPSSTTTATATTTSSGPAEPTQTHYGQCGGKGWTGPTRCETPYTCKYQNDWYSQCL,3.2.1.4,UniProt_Real
P07984,GUNA_CELFI,Cellulomonas fimi,"Endoglucanase A (EC 3.2.1.4) (Cellulase A) (Endo-1,4-beta-glucanase A)",MSTRRTAAALLAAAAVAVGGLTALTTTAAQAAPGCRVDYAVTNQWPGGFGANVTITNLGDPVSSWKLDWTYTAGQRIQQLWNGTASTNGGQVSVTSLPWNGSIPTGGTASFGFNGSWAGSNPTPASFSLNGTTCTGTVPTTSPTPTPTPTTPTPTPTPTPTPTPTVTPQPTSGFYVDPTTQGYRAWQAASGTDKALLEKIALTPQAYWVGNWADASHAQAEVADYTGRAVAAGKTPMLVVYAIPGRDCGSHSGGGVSESEYARWVDTVAQGIKGNPIVILEPDALAQLGDCSGQGDRVGFLKYAAKSLTLKGARVYIDAGHAKWLSVDTPVNRLNQVGFEYAVGFALNTSNYQTTADSKAYGQQISQRLGGKKFVIDTSRNGNGSNGEWCNPRGRALGERPVAVNDGSGLDALLWVKLPGESDGACNGGPAAGQWWQEIALEMARNARW,3.2.1.4,UniProt_Real
P17901,GUNA_RUMCH,Ruminiclostridium cellulolyticum (strain ATCC 35319 / DSM 5812 / JCM 6584 / H10) (Clostridium cellulolyticum),"Endoglucanase A (EC 3.2.1.4) (Cellulase A) (EGCCA) (Endo-1,4-beta-glucanase A)",MKKTTAFLLCFLMIFTALLPMQNANAYDASLIPNLQIPQKNIPNNDGMNFVKGLRLGWNLGNTFDAFNGTNITNELDYETSWSGIKTTKQMIDAIKQKGFNTVRIPVSWHPHVSGSDYKISDVWMNRVQEVVNYCIDNKMYVILNTHHDVDKVKGYFPSSQYMASSKKYITSVWAQIAARFANYDEHLIFEGMNEPRLVGHANEWWPELTNSDVVDSINCINQLNQDFVNTVRATGGKNASRYLMCPGYVASPDGATNDYFRMPNDISGNNNKIIVSVHAYCPWNFAGLAMADGGTNAWNINDSKDQSEVTWFMDNIYNKYTSRGIPVIIGECGAVDKNNLKTRVEYMSYYVAQAKARGILCILWDNNNFSGTGELFGFFDRRSCQFKFPEIIDGMVKYAFEAKTDPDPVIVYGDYNNDGNVDALDFAGLKKYIMAADHAYVKNLDVNLDNEVNAFDLAILKKYLLGMVSKLPSN,3.2.1.4,UniProt_Real
P84195,XYNA_GLOTR,Gloeophyllum trabeum (Brown rot fungus) (Agaricus trabeus),"Endo-1,4-beta-xylanase Xyn10A (EC 3.2.1.4) (EC 3.2.1.8)",LYMGTATDNGATAMLNLVESLKYSWVPSTFSGQGAATPYDSNLVK,3.2.1.4; 3.2.1.8,UniProt_Real
Q02934,GUNI_ACET2,Acetivibrio thermocellus (strain ATCC 27405 / DSM 1237 / JCM 9322 / NBRC 103400 / NCIMB 10682 / NRRL B-4536 / VPI 7372) (Clostridium thermocellum),"Endoglucanase 1 (EC 3.2.1.4) (Cellulase I) (Endo-1,4-beta-glucanase) (Endoglucanase I) (EGI)",MRLVNSLGRRKILLILAVIVAFSTVLLFAKLWGRKTSSTLDEVGSKTHGDLTAENKNGGYLPEEEIPDQPPATGAFNYGEALQKAIFFYECQRSGKLDPSTLRLNWRGDSGLDDGKDAGIDLTGGWYDAGDHVKFNLPMSYSAAMLGWAVYEYEDAFKQSGQYNHILNNIKWACDYFIKCHPEKDVYYYQVGDGHADHAWWGPAEVMPMERPSYKVDRSSPGSTVVAETSAALAIASIIFKKVDGEYSKECLKHAKELFEFADTTKSDDGYTAANGFYNSWSGFYDELSWAAVWLYLATNDSSYLDKAESYSDKWGYEPQTNIPKYKWAQCWDDVTYGTYLLLARIKNDNGKYKEAIERHLDWWTTGYNGERITYTPKGLAWLDQWGSLRYATTTAFLACVYSDWENGDKEKAKTYLEFARSQADYALGSTGRSFVVGFGENPPKRPHHRTAHGSWADSQMEPPEHRHVLYGALVGGPDSTDNYTDDISNYTCNEVACDYNAGFVGLLAKMYKLYGGSPDPKFNGIEEVPEDEIFVEAGVNASGNNFIEIKAIVNNKSGWPARVCENLSFRYFINIEEIVNAGKSASDLQVSSSYNQGAKLSDVKHYKDNIYYVEVDLSGTKIYPGGQSAYKKEVQFRISAPEGTVFNPENDYSYQGLSAGTVVKSEYIPVYDAGVLVFGREPGSASKSTSKDNGLSKATPTVKTESQPTAKHTQNPASDFKTPANQNSVKKDQGIKGEVVLQYANGNAGATSNSINPRFKIINNGTKAINLSDVKIRYYYTKEGGASQNFWCDWSSAGNSNVTGNFFNLSSPKEGADTCLEVGFGSGAGTLDPGGSVEVQIRFSKEDWSNYNQSNDYSFNPSASDYTDWNRVTLYISNKLVYGKEP,3.2.1.4,UniProt_Real
Q7SIG5,GUN6_HUMIN,Humicola insolens (Soft-rot fungus),"Endoglucanase-6B (EC 3.2.1.4) (Cellulase 6B) (Endo-1,4-beta-glucanase 6B)",QSGNPFSGRTLLVNSDYSSKLDQTRQAFLSRGDQTNAAKVKYVQEKVGTFYWISNIFLLRDIDVAIQNARAAKARGENPIVGLVLYNLPDRDCSAGESSGELKLSQNGLNRYKNEYVNPFAQKLKAASDVQFAVILEPDAIGNMVTGTSAFCRNARGPQQEAIGYAISQLQASHIHLYLDVANGGWLGWADKLEPTAQEVATILQKAGNNAKIRGFSSNVSNYNPYSTSNPPPYTSGSPSPDESRYATNIANAMRQRGLPTQFIIDQSRVALSGARSEWGQWCNVNPAGFGQPFTTNTNNPNVDAIVWVKPGGESDGQCGMGGAPAAGMWFDAYAQMLTQNAHDEIAR,3.2.1.4,UniProt_Real
O85465,GUN5_SALAG,Salipaludibacillus agaradhaerens (Bacillus agaradhaerens),"Endoglucanase 5A (EC 3.2.1.4) (Alkaline cellulase) (Endo-1,4-beta-glucanase 5A)",MKKITTIFVVLLMTVALFSIGNTTAADNDSVVEEHGQLSISNGELVNERGEQVQLKGMSSHGLQWYGQFVNYESMKWLRDDWGINVFRAAMYTSSGGYIDDPSVKEKVKEAVEAAIDLDIYVIIDWHILSDNDPNIYKEEAKDFFDEMSELYGDYPNVIYEIANEPNGSDVTWGNQIKPYAEEVIPIIRNNDPNNIIIVGTGTWSQDVHHAADNQLADPNVMYAFHFYAGTHGQNLRDQVDYALDQGAAIFVSEWGTSAATGDGGVFLDEAQVWIDFMDERNLSWANWSLTHKDESSAALMPGANPTGGWTEAELSPSGTFVREKIRESASIPPSDPTPPSDPGEPDPTPPSDPGEYPAWDPNQIYTNEIVYHNGQLWQAKWWTQNQEPGDPYGPWEPLN,3.2.1.4,UniProt_Real
P18126,GUNB_CELJU,Cellvibrio japonicus (strain Ueda107) (Pseudomonas fluorescens subsp. cellulosa),"Endoglucanase B (EGB) (EC 3.2.1.4) (Cellulase) (Endo-1,4-beta-glucanase)",MNLLSGWVRPLMLGCGLLGAALSAGSIQAAVCEYRVTNEWGSGFTASIRITNNGSSTINGWSVSWNYTDGSRVTSSWNAGLSGANPYSATPVGWNTSIPIGSSVEFGVQGNNGSSRAQVPAVTGAICGGQGSSAPSSVASSSSSSSVVSSTPRSSSSSVSSSVPGTSSSSSSSVLTGAQACNWYGTLTPLCNNTSNGWGYEDGRSCVARTTCSAQPAPYGIVSTSSSTPLSSSSSSRSSVASSSSLSSATSSSASSVSSVPPIDGGCNGYATRYWDCCKPHCGWSANVPSLVSPLQSCSANNTRLSDVSVGSSCDGGGGYMCWDKIPFAVSPTLAYGYAATSSGDVCGRCYQLQFTGSSYNAPGDPGSAALAGKTMIVQATNIGYDVSGGQFDILVPGGGVGAFNACSAQWGVSNAELGAQYGGFLAACKQQLGYNASLSQYKSCVLNRCDSVFGSRGLTQLQQGCTWFAEWFEAADNPSLKYKEVPCPAELTTRSGMNRSILNDIRNTCP,3.2.1.4,UniProt_Real
P22534,GUNA_CALSA,Caldicellulosiruptor saccharolyticus (Caldocellum saccharolyticum),"Endoglucanase A (EC 3.2.1.4) (Cellulase A) (Endo-1,4-beta-glucanase A)",MVVTFLFILGVVYGVKPWQEARAGSFNYGEALQKAIMFYEFQMSGKLPNWVRNNWRGDSALKDGQDNGLDLTGGWFDAGDHVKFNLPMSYTGTMLSWAAYEYKDAFVKSGQLEHILNQIEWVNDYFVKCHPSKYVYYYQVGDGGKDHAWWGPAEVMQMERPSFKVTQSSPGSAVVAETAASLAAASIVLKDRNPTKAATYLQHAKDLYEFAEVTKSDSGYTAANGYYNSWSGFYDELSWAAVWLYLATNDSTYLTKAESYVQNWPKISGSNIIDYKWAHCWDDVHNGAALLLAKITDKDTYKQIIESHLDYWTTGYNGERIKYTPKGLAWLDQWGSLRYATTTAFLAFVYSDWSGCPTGKKETYRKFGESQIDYALGSTGRSFVVGFGTNPPKRPHHRTAHSSWADSQSIPSYHRHTLYGALVGGPGSDDSYTDDISNYVNNEVACDYNAGFVGALAKMYLLYGGNPIPDFKAIETPTNDEFFVEAGINASGTNFIEIKAIVNNQSGWPARATNKLKFRYFVDLSELIKAGYSPNQLTLSTNYNQGAKVSGPYVWDSSRNIYYILVDFTGTLIYPGGQDKYKKEVQFRIAAPQNVQWDNSNDYSFQDIKGVSSGSVVKTKYIPLYDEDIKVWGEEPGTSGVSPTPTASVTPTPTPTPTATPTPTPTPTVTPTPTVTATPTPTPTPTSTPTVTPTPTPVSTPATSGQIKVLYANKETNSTTNTIRPWLKVVNSGSSSIDLSRVTIRYWYTVDGERAQSAISDWAQIGASNVTFKFVKLSSSVSGADYYLEIGFKSGAGQLQPGKDTGEIQIRFNKDDWSNYNQGNDWSWIQSMTSYGENEKVTAYIDGVLVWGQEPSGTTPAPTSTPTVTVTPTPTPTPTVTPTPTVTATPTPTPTPTSTPVSTPATGGQIKVLYANKETNSTTNTIRPWLKVVNSGSSSIDLSRVTIRYWYTVDGERAQSAISDWAQIGASNVTFKFVKLSSSVSGADYYLEIGFKSGAGQLQPGKDTGEIQIRFNKDDWSNYNQGNDWSWIQSMTSYGENEKVTAYIDGVLVWGQEPSGATPAPTVTPTPTVTPTPTPAPTPTATPTPTPTPTVTPTPTVAPTPTPSSTPSGLGKYGQRFMWLWNKIHDPASGYFNQDGIPYHSVETLICEAPDYGHLTTSEAFSYYVWLEAVYGKLTGDWSKFKTAWDTLEKYMIPSAEDQPMRSYDPNKPATYAGEWETPDKYPSPLEFNVPVGKDPLHNELVSTYGSTLMYGMHWLMDVDNWYGYGKRGDGVSRASFINTFQRGPEESVWETVPHPSWEEFKWGGPNGFLDLFIKDQNYSKQWRYTNAPDADARAIQATYWAKVWAKEQGKFNEISSYVGKAAKMGDYLRYAMFDKYFKPLGCQDKNAAGGTGYDSAHYLLSWYYAWGGALDGAWSWKIGCSHAHFGYQNPMAAWALANDSDMKPKSPNGASDWAKSLKRQIEFYRWLQSAEGAIAGGATNSWNGRYEKYPAGTATFYGMAYEPNPVYRDPGSNTWFGFQAWSMQRVAEYYYVTGDKDAGTLLEKWVSWIKSVVKLNSDGTFAIPSTLDWSGQPDTWNGTYTGNPNLHVKVVDYGTDLGITASLANALLYYSAGTKKYGVFDEEAKNLAKELLDRMWKLYRDEKGLSAPEKRADYKRFFEQEVYIPAGWTGKMPNGDVIKSGVKFIDIRSKYKQDPDWPKLEAAYKSGQVPEFRYHRFWAQCDIAIVNATYEILFGNQ,3.2.1.4,UniProt_Real
P23665,GUNA_FIBSU,Fibrobacter succinogenes (Bacteroides succinogenes),"Endoglucanase A (EC 3.2.1.4) (Cellulase) (Endo-1,4-beta-glucanase)",MNCRKYLLSGLAVFGLAATSAVAALSTDDYVEAAWMTTRFFGAQRSGQGPNWILDGTSNPTSFTKDSYNGKDVSGGWFDCGDHVMYGQSQGYASYVLALAYAEFTEVSTTFILVTTPTTRKPTTTPMKSGKPNKVRDLLEELRYEADFWVKAAIDGNNFVTVKGDGNADHQKWVTAGAMSKLGSGEGGEPRCITGNANDGFTSGLAAAMLAVMARVDPDTANQAKYLKAAKTAYSYAKSHKGVTNSQGFYESSWWDGRWEDGPFLAELELYRTTGENSYKTAAIDRYDNLKFSLGEGTHFMYSNVVPLSAVMAEAVFEETPHGMRKEAIGVLDLIYEEKAKDKIFQNPNGMGSGKFPVRVPSGGAFLYALSDKFNNTNEHMEMIEKNVSYLLGDNGSKKSYVVGFSKNGANAPSRPHHRGYYANEKRWRRSRRCSESSRKEQALGRYDCWRLY,3.2.1.4,UniProt_Real
P28621,GUNB_CLOC7,Clostridium cellulovorans (strain ATCC 35296 / DSM 3052 / OCM 3 / 743B),"Endoglucanase B (EC 3.2.1.4) (Cellulase B) (Endo-1,4-beta-glucanase B) (Endo-1,4-beta-xylanase) (EC 3.2.1.8)",MNKRLSRGKISLLASVFVTTTFMGGVNVLASTAKTGIRDITSQQVVKEMKVGWNLGNTMDATGGETNWGNPLTTHAMIDKVKAAGFNTLRLPITWDGHIGAAPDYAIDATWMNRVEEIANYAFDNNMYVIINLHHEDGWLKPYYANEAEVKAKITKVWTQIANRFKDYGDYLIFETMNEPRPVGAADEWSGGSYENRDMVNRYNLTAVNTIRATGGNNALRHIMVPTLAAAALSTTMNDYIVPNNDSRVIVSLHMYSPYFFSADLTSQWTTATWGSDADKAALSADFDAVYNKFVKNGRAVVIGEMGTINKNNLDSRVKHAEYYAKEATVRGITPIWWDNGYCVAGKEQTFGIFNRKNLTWCCPEVMQAFIRGAGATQTQTSYSLGDVNKDGKVNAIDYAVLKSILLGTNTNVDLSVSDMNKDGKVNALDLAVLKKMLLS,3.2.1.4; 3.2.1.8,UniProt_Real
P46237,GUNC_FUSOX,Fusarium oxysporum (Fusarium vascular wilt),"Endoglucanase type C (EC 3.2.1.4) (Cellulase) (Endo-1,4-beta-glucanase) (Endoglucanase I) (EG I)",MKSLSLILSALAVQVAVAQTPDKAKEQHPKLETYRCTKASGCKKQTNYIVADAGIHGIRQKNGAGCGDWGQKPNATACPDEASCAKNCILSGMDSNAYKNAGITTSGNKLRLQQLINNQLVSPRVYLLEENKKKYEMLHLTGTEFSFDVEMEKLPCGMNGALYLSEMPQDGGKSTSRNSKAGAYYGAGYCDAQCYVTPFINGVGNIKGQGVCCNELDIWEANSRATHIAPHPCSKPGLYGCTGDECGSSGICDKAGCGWNHNRINVTDFYGRGKQYKVDSTRKFTVTSQFVANKQGDLIELHRHYIQDNKVIESAVVNISGPPKINFINDKYCAATGANEYMRLGGTKQMGDAMSRGMVLAMSVWWSEGDFMAWLDQGVAGPCDATEGDPKNIVKVQPNPEVTFSNIRIGEIGSTSSVKAPAYPGPHRL,3.2.1.4,UniProt_Real
Q12714,GUN1_TRILO,Trichoderma longibrachiatum,"Endoglucanase EG-1 (EC 3.2.1.4) (Cellulase) (Endo-1,4-beta-glucanase)",MAPSATLPLTTAILAIGRLVAAQQPGTSTPEVHPKLTTYKCTTSGGCVAQDTSVVLDWNYRWMHDANYNSCTVNGGVNTTLCPDEATCGKNCYIEGVDYAASGVTASGSTLTLNQYMPSSSGGYSSVSPRLYLLGPDGEYVMLKLNGQELSFDVDLSALPCGENGSLYLSQMDENGGANQYNTAGANYGSGYCDAQCPVQTWRNGTLNTSGQGFCCNEMDILEGNSRANALTPHSCTATACDSAGCGFNPYGSGYPNYFGPGDTVDTSKTFTIITQFNTDNGSPSGNLVSITRKYRQNGVDIPSAKPGGDTISSCPSASAYGGLATMGKALSSGMVLVFSIWNDNSQYMNWLDSGRAGPCSSTEGNPSNILANNPGTHVVYSNIRWGDIGSTTNSTGGNPPPPPPPASSTTFSTTRRSSTTSSSPSCTQTHWGQCGGIGYTGCKTCTSGTTCQYGNDYYSQCL,3.2.1.4,UniProt_Real
Q5B7R2,CELB_EMENI,Emericella nidulans (strain FGSC A4 / ATCC 38163 / CBS 112.46 / NRRL 194 / M139) (Aspergillus nidulans),"Endo-beta-1,4-glucanase celB (Endoglucanase celB) (EC 3.2.1.4) (Carboxymethylcellulase celB) (Cellulase B)",MALLLSLSLLATTISAQQIGTPEIRPRLTTYHCTSANGCTEQNTSVVLDAATHPIHDASNPSVSCTTSNGLNPALCPDKQTCADNCVIDGITDYAAHGVETHGSRLTLTQYRNVNGALSSVSPRVYLVDESDPDEQEYRALSLLAQEFTFTVNVSALPCGMNGALYLSEMSPSGGRSALNPAGASYGTGYCDAQCYVNPWINGEGNINGYGACCNEMDIWEANSRSTGFTPHACLYEPEETEGRGVYECASEDECDSAGENDGICDKWGCGFNPYALGNTEYYGRGQGFEVDTKEPFTVVTQFLTDDGTSTGALTEIRRLYIQNGQVIENAVVSSGADSLTDSLCASTASWFDSYGGMEGMGRALGRGMVLAMSIWNDAGGYMQWLDGGDAGPCNATEGAPEFIEEHTPWTRVVFEDLKWGDIGSTFQAS,3.2.1.4,UniProt_Real
C0HLV0,GUN1_FOMML,Fomes meliae (Fomitopsis meliae),Endoglucanase gh5 (EC 3.2.1.4) (Glyoside hydrolase family 5 endoglucanase),QAVLSETGGGDTASCDEYLYQELAYVK,3.2.1.4,UniProt_Real
P13933,GUN1_STRSS,Streptomyces sp. (strain KSM-9),"Endoglucanase 1 (EC 3.2.1.4) (CMCase I) (Carboxymethyl cellulase) (Cellulase) (Endo-1,4-beta-glucanase)",MENPRTTPTPTPLRRRRSERRARGGRVLTALTGVTLLAGLAIAPAATGASPSPAPPASPAPSADSGTADAGTTALPSMELYRAEAGVHAWLDANPGDHRAPLIAERIGSQPQAVWFAGAYNPGTITQQVAEVTSAAAAAGQLPVVVPYMIPFRDCGNHSGGGAPSFAAYAEWSGLFAAGLGSEPVVVVLEPDAIPLIDCLDNQQRAERLAALAGLAEAVTDANPEARVYYDVGHSAWHAPAAIAPTLVEAGILEHGAGIATNISNYRTTTDETAYASAVIAELGGGLGAVVDTSRNGNGPLGSEWCDPPGRLVGNNPTVNPGVPGVDAFLWIKLPGELDGCDGPVGSFSPAKAYELAGG,3.2.1.4,UniProt_Real
P16218,GUNH_ACET2,Acetivibrio thermocellus (strain ATCC 27405 / DSM 1237 / JCM 9322 / NBRC 103400 / NCIMB 10682 / NRRL B-4536 / VPI 7372) (Clostridium thermocellum),"Endoglucanase H (EC 3.2.1.4) (Cellulase H) (Endo-1,4-beta-glucanase H) (EgH)",MKKRLLVSFLVLSIIVGLLSFQSLGNYNSGLKIGAWVGTQPSESAIKSFQELQGRKLDIVHQFINWSTDFSWVRPYADAVYNNGSILMITWEPWEYNTVDIKNGKADAYITRMAQDMKAYGKEIWLRPLHEANGDWYPWAIGYSSRVNTNETYIAAFRHIVDIFRANGATNVKWVFNVNCDNVGNGTSYLGHYPGDNYVDYTSIDGYNWGTTQSWGSQWQSFDQVFSRAYQALASINKPIIIAEFASAEIGGNKARWITEAYNSIRTSYNKVIAAVWFHENKETDWRINSSPEALAAYREAIGAGSSNPTPTPTWTSTPPSSSPKAVDPFEMVRKMGMGTNLGNTLEAPYEGSWSKSAMEYYFDDFKAAGYKNVRIPVRWDNHTMRTYPYTIDKAFLDRVEQVVDWSLSRGFVTIINSHHDDWIKEDYNGNIERFEKIWEQIAERFKNKSENLLFEIMNEPFGNITDEQIDDMNSRILKIIRKTNPTRIVIIGGGYWNSYNTLVNIKIPDDPYLIGTFHYYDPYEFTHKWRGTWGTQEDMDTVVRVFDFVKSWSDRNNIPVYFGEFAVMAYADRTSRVKWYDFISDAALERGFACSVWDNGVFGSLDNDMAIYNRDTRTFDTEILNALFNPGTYPSYSPKPSPTPRPTKPPVTPAVGEKMLDDFEGVLNWGSYSGEGAKVSTKIVSGKTGNGMEVSYTGTTDGYWGTVYSLPDGDWSKWLKISFDIKSVDGSANEIRFMIAEKSINGVGDGEHWVYSITPDSSWKTIEIPFSSFRRRLDYQPPGQDMSGTLDLDNIDSIHFMYANNKSGKFVVDNIKLIGATSDPTPSIKHGDLNFDNAVNSTDLLMLKRYILKSLELGTSEQEEKFKKAADLNRDNKVDSTDLTILKRYLLKAISEIPI,3.2.1.4,UniProt_Real
P22533,MANB_CALSA,Caldicellulosiruptor saccharolyticus (Caldocellum saccharolyticum),"Beta-mannanase/endoglucanase A [Includes: Mannan endo-1,4-beta-mannosidase A (EC 3.2.1.78) (Beta-mannanase) (Endo-1,4-mannanase); Endo-1,4-beta-glucanase (EC 3.2.1.4) (Cellulase)]",MRLKTKIRKKWLSVLCTVVFLLNILFIANVTILPKVGAATSNDGVVKIDTSTLIGTNHAHCWYRDRLDTALRGIRSWGMNSVRVVLSNGYRWTKIPASEVANIISLSRSLGFKAIILEVHDTTGYGEDGAACSLAQAVEYWKEIKSVLDGNEDFVIINIGNEPYGNNNYQNWVNDTKNAIKALRDAGFKHTIMVDAPNWGQDWSNTMRDNAQSIMEADPLRNLVFSIHMYGVYNTASKVEEYIKSFVDKGLPLVIGEFGHQHTDGDPDEEAIVRYAKQYKIGLFSWSWCGNSSYVGYLDMVNNWDPNNPTPWGQWYKTNAIGTSSTPTPTSTVTPTPTPTPTPTPTVTATPTPTPTPVSTPATSGQIKVLYANKETNSTTNTIRPWLKVVNSGSSSIDLSRVTIRYWYTVDGERAQSAISDWAQIGASNVTFKFVKLSSSVSGADYYLEIGFKSGAGQLQPGKDTGEIQMRFNKDDWSNYNQGNDWSWIQSMTSYGENEKVTAYIDGVLVWGQEPSGATPAPAPTATPTPTPTVTPTPTVTPTPTVTATPTPTPTPTPTPVSTPATGGQIKVLYANKETNSTTNTIRPWLKVVNSGSSSIDLSRVTIRYWYTVDGERAQSAISDWAQIGASNVTFKFVKLSSSVSGADYYLEIGFKSGAGQLQPGKDTGEIQIRFNKSDWSNYNQGNDWSWIQSMTSYGENEKVTAYIDGVLVWGQEPSGTTPSPTSTPTVTVTPTPTPTPTPTPTPTVTPTPTVTPTPTVTATPTPTPTPIPTVTPLPTISPSPSVVEITINTNAGRTQISPYIYGANQDIEGVVHSARRLGGNRLTGYNWENNFSNAGNDWYHSSDDYLCWSMGISGEDAKVPAAVVSKFHEYSLKNNAYSAVTLQMAGYVSKDNYGTVSENETAPSNRWAEVKFKKDAPLSLNPDLNDNFVYMDEFINYLINKYGMASSPTGIKGYILDNEPDLWASTHPRIHPNKVTCKELIEKSVELAKVIKTLDPSAEVFGYASYGFMGYYSLQDAPDWNQVKGEHRWFISWYLEQMKKASDSFGKRLLDVLDLHWYPEARGGNIRVCFDGENDTSKEVVIARMQAPRTLWDPTYKTSVKGQITAGENSWINQWFSDYLPIIPNVKADIEKYYPGTKLAISEFDYGGRNHISGGIALADVLGIFGKYGVNFAARWGDSGSYAAAAYNIYLNYDGKGSKYGNTNVSANTSDVENMPVYASINGQDDSELHIILINRNYDQKLQVKINITSTPKYTKAEIYGFDSNSPEYKKMGNIDNIESNVFTLEVPKFNGVSHSITLDFNVSIKIIQNEVIKFIRNLVFMRALV,3.2.1.4; 3.2.1.78,UniProt_Real
P28623,GUND_CLOC7,Clostridium cellulovorans (strain ATCC 35296 / DSM 3052 / OCM 3 / 743B),"Endoglucanase D (EC 3.2.1.4) (Cellulase D) (Endo-1,4-beta-glucanase D)",MIKHLLSRGKLLLFVSVMATSSIIAGGNAYGSTAFTGVRDVPAQQIVNEMKVGWNLGNTMDAIGGETNWGNPMTTHAMINKIKEAGFNTLRLPVTWDGHMGAAPEYTIDQTWMKRVEEIANYAFDNDMYVIINLHHENEWLKPFYANEAQVKAQLTKVWTQIANNFKKYGDHLIFETMNEPRPVGASNEWTGGSYENREVVNRYNLTAVNAIRATGGNNATRYIMVPTLAASAMSTTINDLVIPNNDSKVIVSLHMYSPYFFAMDINGTSSWGSDYDKSSLDSEFDAVYNKFVKNGRAVVIGEMGSINKNNTAARVTHAEYYAKSAKARGLTPIWWDNGYSVAGKAETFGIFNRSNLTWDAPEVMKAFIKGIGGSSTTTPTTPTTPTTPTTPTTPTTPTTPTTPTTPQSAVEVTYAITNSWGSGASVNVTIKNNGTTPINGWTLKWTMPINQTITNMWSASFVASGTTLSVTNAGYNGTIAANGGTQSFGFNINYSGVLSKPTGFTVNGTECTVK,3.2.1.4,UniProt_Real
P54583,GUN1_ACIC1,Acidothermus cellulolyticus (strain ATCC 43068 / DSM 8971 / 11B),"Endoglucanase E1 (EC 3.2.1.4) (Cellulase E1) (Endo-1,4-beta-glucanase E1) (Endocellulase E1)",MPRALRRVPGSRVMLRVGVVVAVLALVAALANLAVPRPARAAGGGYWHTSGREILDANNVPVRIAGINWFGFETCNYVVHGLWSRDYRSMLDQIKSLGYNTIRLPYSDDILKPGTMPNSINFYQMNQDLQGLTSLQVMDKIVAYAGQIGLRIILDRHRPDCSGQSALWYTSSVSEATWISDLQALAQRYKGNPTVVGFDLHNEPHDPACWGCGDPSIDWRLAAERAGNAVLSVNPNLLIFVEGVQSYNGDSYWWGGNLQGAGQYPVVLNVPNRLVYSAHDYATSVYPQTWFSDPTFPNNMPGIWNKNWGYLFNQNIAPVWLGEFGTTLQSTTDQTWLKTLVQYLRPTAQYGADSFQWTFWSWNPDSGDTGGILKDDWQTVDTVKDGYLAPIKSSIFDPVGASASPSSQPSPSVSPSPSPSPSASRTPTPTPTPTASPTPTLTPTATPTPTASPTPSPTAASGARCTASYQVNSDWGNGFTVTVAVTNSGSVATKTWTVSWTFGGNQTITNSWNAAVTQNGQSVTARNMSYNNVIQPGQNTTFGFQASYTGSNAAPTVACAAS,3.2.1.4,UniProt_Real
P82186,GUN_MYTED,Mytilus edulis (Blue mussel),"Endoglucanase (EC 3.2.1.4) (CMCase) (Cellulase) (Endo-1,4-beta-glucanase)",NQKCSGNPRRYNGKSCASTTNYHDSHKGACGCGPASGDAQFGWNAGSFVAAASQMYFDSGNKGWCGQHCGQCIKLTTTGGYVPGQGGPVREGLSKTFMITNLCPNIYPNQDWCNQGSQYGGHNKYGYELHLDLENGRSQVTGMGWNNPETTWEVVNCDSEHNHDHRTPSNSMYGQCQCAHQ,3.2.1.4,UniProt_Real
Q7XTH4,GUN11_ORYSJ,Oryza sativa subsp. japonica (Rice),"Endoglucanase 11 (EC 3.2.1.4) (Endo-1,4-beta glucanase 11) (OsGLU4)",MSPSSSSSSWRALVLVAAAVLSFSGHVVVAAAAAGHPDYADALAKSILFFQGQRSGRLPPDQAVKWRSNSGLSDGSAANVDLTGGYYDGGDNVKFGFPMAFTTTMLSWGVVEYGGRMRGRVLRDARDAVRWAADYLLRAATATPGVLYVGVGDPDADHRCWERPEDMDTPRAVYSVSASSPGSDVAAETAAALAAASLALRAADPGYSRRLLAAARDVMAFAVRHQGKYSDHVGGDVGAYYASYSGYQDELLWGSAWLLWATRNASYLDYLASLGANDGVDMFSWDNKLAGARVLLSRRALVNGDRRLDAFRRLAEDFICRILPGSPSSTTQYTPGGMMYKSGHANLQYVTSASFLLTTFAKYMAVSNHTFSCQSLPVTAKTLRALARKQVDYILGANPQGMSYMVGYGARFPQRIHHRGASMPSVAAYPAHIGCQEGFSGYFNAGGANPNVHTGAVVGGPDQHDAFPDERGDYDRSEPTTYTNAALVGCLAYFAGSYRS,3.2.1.4,UniProt_Real
Q8S8Q4,GUN14_ARATH,Arabidopsis thaliana (Mouse-ear cress),"Endoglucanase 14 (EC 3.2.1.4) (Endo-1,4-beta glucanase 14)",MSQLKIGSSQCLWTSICIVLFVLSMARGAVSRNYGDALTKSLLYFEAQRSGKLPSNQRVTWRGDSALRDGSDAHVDLTGGYYDAGDNMKFGFPLAFFTTMLAWSNIEMATQLKAHQEQENALAALKWATDFLIKAHPEPNVLYGQVGDGNSDHECWMRPEDMTTPRPSFRIDAQHPGSDLAGETAAAMAAASIAFAPSDEAYAQILIGHAKELFEFAKAYPGIYQNSITNAGGFYASSGYEDELLWAAAWLHRATNDQIYLDYLTQASGTGGPRTAFSWDDKFVGAQVLVAKLALEGKVESNGKIAEYKSMAEQFICNCAQKGSNNVKKTPGGLLYFLPWNNLQYTTAATFVLSAYSKYLTDAKASIQCPNGALQASDLLDLARSQVDYILGSNPQNMSYMVGVGTNYPKKPHHRAASIVSITKDKTPVTCSEGFDAWFNNPAPNPNVLMGAVVGGPNDNDVYGDERTDYQHAEPAPATAAPFVGVLAAVA,3.2.1.4,UniProt_Real
Q9STW8,GUN21_ARATH,Arabidopsis thaliana (Mouse-ear cress),"Endoglucanase 21 (EC 3.2.1.4) (Endo-1,4-beta glucanase 21)",MYGRDPWGGPLEINAADSMTDDDRSRNLQDLDRATPSRPLDETQQSWLLGPKVLKKKKYVDLGCILVSRKIFLWTLGTIVVTALLSGFITLIVKTLPHHHHKEPPPDNYTIALRTALKFFNAQQSGKLPKNIYNVSWRHDSCLQDGKGDPGQCYKDLVGGYYDAGDSIKFNFPMSYAMTMLSWSVIEYSAKYQAAGELEHVKELIKWGTDYFLKTFNSSADNIYVMVEQVGSGVSGRGSELHNDHYCWMRPEDIHYKRTVSQCYSSCSDLAAEMAAALASASIVFKDNRLYSKNLVHGAKTLYRFATTSRNRYSQNGKESSKFYNSSMFEDELLWGGAWLYYATGNVTYLERVTSHHMAEKAGAFGNSPYYGVFSWDNKLPGAQLLLTRMRLFLSPGYPYEDMLSEFHNQTGRVMCSYLPYYKKFNRTNGGLIQLNHGAPQPLQYVANAAFLAALFSDYLEAADTPGWYCGPNFYTTEFLRNFSRSQIDYILGKNPRKMSYVVGYGQRYPKQVHHRGASIPKNMKETCTGGFKWKKSKKNNPNAINGAMVAGPDKHDGFHDIRTNYNYTEPTLAGNAGLVAALVALSGEKAVGGIDKNTMFSAVPPLVMATPPPPAPWTP,3.2.1.4,UniProt_Real
Q9SVJ4,GUN22_ARATH,Arabidopsis thaliana (Mouse-ear cress),"Endoglucanase 22 (EC 3.2.1.4) (Endo-1,4-beta glucanase 22) (Glycosyl hydrolase 9B16)",MKPLVCSFIVILLILLPTTISHDYSDALTKSILFFEGQRSGYLPREQRMTWRHNSALNDGKNLNVDLVGGYYDAGDNIKFHFPMAFTTTMLAWSAIDFGSYMSPADLRDNLVALRWGSNYLLKTVSQLPNRIFVQVGEPTPDHQCWERPEDMDTPRTAYALEAPKPASDLAGEIAAALAAASIAFKRFDPRYSKLLLDNALRTFEYADSHRGSYTNNPETKLAVCPFYCSVNGYEDELLWGAAWLRRATGKDSYIKYLVENRQSFGSDSNYFEFGWDNKVGGVNVLVAKEVFEKNVAAIAPYKDTAEKLMCSFFLETPGAHMSYSPGGLLYKPGSSQLQNTVALSFLLLTYANYLSKSSQQPLQILSTTPLWYLTQRIANIVGFEKVDYILGDNPMKMSYMIGYGNRYPRQIHHRGASSPSITTHPTPVKCSEGWNSFSSPNPDPNVLVGAVIGGPNIDDKFVGGRTNASETEPTTYINAPFVGLLAYFKANPV,3.2.1.4,UniProt_Real
O04478,GUN7_ARATH,Arabidopsis thaliana (Mouse-ear cress),"Endoglucanase 7 (EC 3.2.1.4) (Endo-1,4-beta glucanase 7)",MHPGNVWGGSLDAVDSDRIAAEEEERLRNTTEWDRGAIHSQRSELDETQQGWLLAPQDNWRKKKKKYVNLGCVSVSRTVFLWTVGSIAVLFLVVALPIIIVKSLPRHKSAPPPPDNYTLALHKALQFFDAQKSGKLPKKNKVSWRGDSGTKDGLPDVVGGLVGGYYDGGSNVKFHFPMAFSMTMLSWSLIEYSHKYKAIDEYDHMRDVLKWGTDYLLLTFNNSATRLDHIYTQVGGGLRDSESPDDIYCWQKPEDMSYDRPVLSSTSAADLGAEVSAALAAASIVFTDKPDYAKKLKKGAETLYPFFRSKSRRKRYSDGQPTAQAFYNSTSMFDEFMWAGAWLYYATGNKTYIQFATTPSVPQTAKAFANRPELMVPSWNNKLPGAMLLMTRYRLFLNPGFPYENMLNRYHNATGITMCAYLKQYNVFNRTSGGLMQLNLGKPRPLEYVAHASFLASLFADYLNSTGVPGWYCGPTFVENHVLKDFAQSQIDYILGDNPLKMSYVVGFGKKFPRRVHHRGATIPNDKKRRSCREGLKYRDTKNPNPNNITGAMVGGPNKFDEFHDLRNNYNASEPTLSGNAGLVAALVSLTSSGGQQIDKNTMFNSVPPLYSPTPPPPKAWKP,3.2.1.4,UniProt_Real
P10475,GUN2_BACSU,Bacillus subtilis (strain 168),"Endoglucanase (EC 3.2.1.4) (Carboxymethyl-cellulase) (CMCase) (Cellulase) (Endo-1,4-beta-glucanase)",MKRSISIFITCLLITLLTMGGMIASPASAAGTKTPVAKNGQLSIKGTQLVNRDGKAVQLKGISSHGLQWYGEYVNKDSLKWLRDDWGITVFRAAMYTADGGYIDNPSVKNKVKEAVEAAKELGIYVIIDWHILNDGNPNQNKEKAKEFFKEMSSLYGNTPNVIYEIANEPNGDVNWKRDIKPYAEEVISVIRKNDPDNIIIVGTGTWSQDVNDAADDQLKDANVMYALHFYAGTHGQFLRDKANYALSKGAPIFVTEWGTSDASGNGGVFLDQSREWLKYLDSKTISWVNWNLSDKQESSSALKPGASKTGGWRLSDLSASGTFVRENILGTKDSTKDIPETPSKDKPTQENGISVQYRAGDGSMNSNQIRPQLQIKNNGNTTVDLKDVTARYWYKAKNKGQNFDCDYAQIGCGNVTHKFVTLHKPKQGADTYLELGFKNGTLAPGASTGNIQLRLHNDDWSNYAQSGDYSFFKSNTFKTTKKITLYDQGKLIWGTEPN,3.2.1.4,UniProt_Real
Q42059,GUN6_ARATH,Arabidopsis thaliana (Mouse-ear cress),"Endoglucanase 6 (EC 3.2.1.4) (Endo-1,4-beta glucanase 6)",MEKFAPVAALLLLLLCFPVAFSGHDYGQALSKSLLFFEAQRSGVLPRNQRVTWRSHSGLTDGKSSGVNLVGGYYDAGDNVKFGLPMAFTVTMMAWSVIEYGNQLQANGELGNSIDAIKWGTDYFIKAHPEPNVLYGEVGDGNTDHYCWQRPEEMTTDRKAYRIDPSNPGSDLAGETAAAMAAASIVFRRSNPVYSRLLLTHAYQLFDFADKYRGKYDSSITVAQKYYRSVSGYNDELLWAAAWLYQASNNQFYLDYLGRNGDAMGGTGWSMTEFGWDVKYAGVQTLVAKFLMQGKAGRHAPVFRKYQEKADSFMCSLLGKSSRNIQKTPGGLIFRQRWNNMQFVTSASFLTTVYSDYLTSSRSNLRCAAGNVAPSQLLSFAKSQVDYILGDNPRATSYMVGYGNNFPQRVHHRGSSIVSVKVDRTFVTCRGGYATWFSRKGSDPNLLTGAIVGGPDAYDNFADRRDNYEQTEPATYNNAPLLGVLARLSSGHSGYSQFLPVVPAPVVRRPMPIRRPKVTTPVRASGPVAIVQKITSSWVSKGRTYYRYSTTVINKSSRPLKSLNLSIKNLYGPIWGLSRSGNSFGLPSWMHSLPSGKSLEFVYIHSTTPANVAVSSYTLA,3.2.1.4,UniProt_Real
Q5NAT8,GUN1_ORYSJ,Oryza sativa subsp. japonica (Rice),"Endoglucanase 1 (EC 3.2.1.4) (Endo-1,4-beta glucanase 1) (OsCel9B) (OsGLU7)",MARRGGAAASSSMANLLGVALVLAATAQTSARGGGGGGRHDYRMALSKSILYFEAQRSGVLPGNQRIAWRANSGLADGKANGVDLVGGYYDAGDNVKFGFPMAFTVTMMAWSVLEYGKQMAAAGELGHAMDAVRWGADYFVKAHPAPNVLYGEVGDGDSDHVCWQRPEDMTTSRQAYRLDPQHPGSDLAGETATALAAASLVFRSSNPGYANQLLQHSKQLFDFADKYRGKYDDSMPVVKKFYGSFSGYGDELLWASAWLYQATDNRRYLDYLANNGDALGGTGWATNEFGWDVKYPGVQVLAAKFLLQGKAGPHAAVLRRYQRNADVFACSCLGKGGGGGNVGRTPGGLMYHQGWNNLQFVTGASFLLAVYADHLAAAGRGQAVVRCQAGPAARASELVALAKSQVDYILGSNPRGISYMVGYGARYPRRAHHRGASIVSIRANPSFVSCKDGYASWFGRAGSNPNLLDGAVVGGPDGRDGFADERNNYQQTEVATYNNAPLMGVLARLAGGGRGGLAEAAIKRPDNQTLLPPLAAAASPVEITQLNATASWKKDGRTYRRYAATVSNRSPAGGKTVEELHIGIGKPHGPVWGLEKAARYGYVLPSSLAAGESAAFAYVVRGRAAPPPADVWVIGYKLV,3.2.1.4,UniProt_Real
Q6H3Z9,GUN22_ORYSJ,Oryza sativa subsp. japonica (Rice),"Endoglucanase 22 (EC 3.2.1.4) (Endo-1,4-beta glucanase 22) (OsGLU11)",MSRGRARLQPPPPGTRTTTLAAVLVLVLLAVVALPLRCDAASAGGEEEEEQQPLDYREALEKSLLYFEAQRSGRLPYSQRVTWRGHSGLTDGLQQGVDLVGGYYDAGDHVKFGLPMAFTVTMLSWGAIDFAADIAAAGEWRHALEAIKWGTDYFVKAHTHPFVYWAEVGDGDTDHYCWQRPEDMTTSRQAYRVDRDNPGSDLAGETAAALAAASIVFRRSDPHYSHLLLHHAQQLFEFGDTYRGSYDSSIEEVRSYYASVSGYHDELLWAALWLHRATGKEEYLRYAVDNADSFGGVGWAITEFSWDVKYAGLQVLAAKLLLDGDPQAAAHRGVLEKYREKAEHYLCACLGRNINGADNVDRSPGGMLYVRQWNNLQYASSAAFLLTAYSHYLSSSSASASAALRCPGGAAAAAEMVSLARSQADYILGRNPLRLSYMVGYGRRYPARVHHRGASIVSHKEDGRFIGCVQGFDDWFGRGRANPNVLAGAIVGGPSRRDEFRDDRANYMQTEACTYNTAPMVAVFARLHRLTTAITTAAAAEDPDGGSPDRRSVDRR,3.2.1.4,UniProt_Real
Q6Z715,GUN4_ORYSJ,Oryza sativa subsp. japonica (Rice),"Endoglucanase 4 (EC 3.2.1.4) (Endo-1,4-beta glucanase 4) (OsCel9F) (OsGLU14)",MSRACLLLVVAAVCLAGREAAAFNYADALDKAILFFEAQRSGKLPPGQRVAWRADSGLSDGSADGVDLAGGYYDAGDNVKFGLPMAFTVTMLSWSVIEFGDMMPARRSSFLGGIFGGGGVAQLDNARAAVRWGADYLLKAATATPDTLYVQVADPYQDHRCWERPEDMDTPRSVYKVTPQSPGSDVAGETAAALAAASIVFRVSDPSYSAKLLDAAQLVFDFADKYRGSYSDSLSSVVCPFYCSHSYHDELLWAASWLHLASPEKKDVYLSYIGSNGHALGAEQDDFTFSWDDKRVATKGFLQSRADGLQLYKAHTDNYICSLVPGANGFQSQYTPGGLLFKEGDSNMQYVTSTAFLLLTYAKYLSSSAATVSCGSTAVSPSTLISLAKKQVDYILGANPAGMSYMVGFGARYPRHVHHRGASMPSVRDHPARIGCDEGFRYLHSPEPDRNLLAGAVVGGPDAGDAFADGRDNYAQAEPSTYTNAPLVGALAFFAGAHKIFTP,3.2.1.4,UniProt_Real
Q8L7I0,GUN19_ARATH,Arabidopsis thaliana (Mouse-ear cress),"Endoglucanase 19 (EC 3.2.1.4) (Endo-1,4-beta glucanase 19)",MGSRTTISILVVLLLGLVQLAISGHDYKQALSKSILFFEAQRSGHLPPNQRVSWRSHSGLYDGKSSGVDLVGGYYDAGDNVKFGLPMAFTVTTMCWSIIEYGGQLESNGELGHAIDAVKWGTDYFIKAHPEPNVLYGEVGDGKSDHYCWQRPEEMTTDRRAYKIDRNNPGSDLAGETAAAMAAASIVFRRSDPSYSAELLRHAHQLFEFADKYRGKYDSSITVAQKYYRSVSGYNDELLWAAAWLYQATNDKYYLDYLGKNGDSMGGTGWSMTEFGWDVKYAGVQTLVAKVLMQGKGGEHTAVFERYQQKAEQFMCSLLGKSTKNIKKTPGGLIFRQSWNNMQFVTSASFLATVYSDYLSYSKRDLLCSQGNISPSQLLEFSKSQVDYILGDNPRATSYMVGYGENYPRQVHHRGSSIVSFNVDQKFVTCRGGYATWFSRKGSDPNVLTGALVGGPDAYDNFADQRDNYEQTEPATYNNAPLLGVLARLISGSTGFDQLLPGVSPTPSPVIIKPAPVPQRKPTKPPAASSPSPITISQKMTNSWKNEGKVYYRYSTILTNRSTKTLKILKISITKLYGPIWGVTKTGNSFSFPSWMQSLPSGKSMEFVYIHSASPADVLVSNYSLE,3.2.1.4,UniProt_Real
Q8VYG3,GUN16_ARATH,Arabidopsis thaliana (Mouse-ear cress),"Endoglucanase 16 (EC 3.2.1.4) (Endo-1,4-beta glucanase 16)",MANYKGRGNVMIRSMLLGLYGIINIVCVNGTFINYKDALTKSLIFLEAQRSGKLPPNNRVPWRGDSALDDGKLVNVDLSGGYYDAGDNVKYGLPMAFTITTLAWSTITYEKELRATGELENARAAIRWGTDYFLKCASRKNRLYVQVGDPNADHQCWARPENMKTPRTVLEISDKVPGTEIAAEAAAAFAASSIVFRHVDHKYARRLLNKAKLLFKLAKSHKGTYDGECPFYCSNSGYNDELIWAATWLYKATRNHLYLSYLKFEAISAYVAEFSWDLKYAGAQILITKLIFEGHKGLDLYKQQADSFVCSNLPGSPYHQVFTTPGGMIHLRDGANSQYVTATAFLFSAYADILQKHNQKISCGSHQFDSTHLMAFAKKQIDYILGHNPQGRSYMVGFGPNPPKQAHHRGASVPMHEANAPLSCPLSFVKWYNKNVPNANELTGAILGGPDRQDKFQDLRWTSVYTEPCTYINSIAVGVLAKLAAA,3.2.1.4,UniProt_Real
Q0J930,GUN13_ORYSJ,Oryza sativa subsp. japonica (Rice),"Endoglucanase 13 (EC 3.2.1.4) (Endo-1,4-beta glucanase 13) (OsGLU6)",MAATMNKTPATTFLLIPAAASLVLLLAAAASVEASAFDYAGAFDKCLLFFEAQRSGKLPDDRLVRWRGDSALTDGFSQGVDLVGGYYDSGDHVKFGLPMAYAVTMLSWGVVEFEKEMVDGNKLHRVLDAIRWGTNYFVKAHTQHNALWVQVGDGDSDHLCWERAEDMSTPRTAFKIDINNPGSEVAGETAAALAAAAKAFKPYDRMYSDLLLLHSKQLFTFADTFRGKYDDSLQSAKKFYPSASGYQDELLWAAAWLYEATGDEQYLRYVSQNAEAFGGTGWAVTEFSWDNKYAGLQVLLSKVLFEQGGSAAGYADTLKQYQAKAEFFLCACLQKNNGHNVKMTPGGLMYVSDWSNMQYVSSSAFLLTVYADYLAESRGTLRCPDGEVKPAEILRFARSQVDYVLGKNPKGMSYMVGYGSYYPTHVHHRGASIPSIYAMNATVGCMESFDKYYNSKNADPNVLHGALVGGPDANDAYDDDRCNYQHAEPTLAGNAPMSGVFARLAASPADNTPEYTPAPNAPSPSNGGSPLEFVHTVTNTWKANGVDYYRHVVTAKNTCGHAITYLKLQIKELSGEIYGVSRTNAKDMYEFPSWMTRLDAGAQLTIVYIQGGPAAKIAVVEYKTA,3.2.1.4,UniProt_Real
Q652F9,GUN17_ORYSJ,Oryza sativa subsp. japonica (Rice),"Endoglucanase 17 (EC 3.2.1.4) (Endo-1,4-beta glucanase 17) (OsGLU13)",MAAAGGAVLLLVLATATSVTGQHDYSDALHKSILFFEGQRSGRLPPDQRLRWRRDSALNDGATAGVDLTGGYYDAGDNVKFGFPMAFTATLMSWGLIDFGRSFGAHAAEAREAVRWATDYLMKATATPNTVYVQVGDAFRDHSCWERPEDMDTPRTVYKVDPSHPGSDVAAETAAALAAASIVFRDADPDYSNRLLDRAIQVFEFADKYRGPYSSSLHAAVCPCYCDYSGYKDELLWGAAWLHKASRRREYRDYIKRNEVVLGASEAINEFGWDNKHAGINVLISKEVLMGKDEYFQSFRVNADNFICTLLPGISNHPQIQYSPGGLLFKVGNSNMQHVTSLSFLLLAYSNYLSHANVRVPCGTSSASPVQLRRVAKRQVDYILGDNPLRMSYMVGYGSRYPLRIHHRGSSLPSVAAHPAQIGCKAGATYYASAAPNPNLLVGAVVGGPSNTSDAFPDARAVFQQSEPTTYINAPLLGLLAYFSAHPNLAQSDLLYD,3.2.1.4,UniProt_Real
Q654U4,GUN16_ORYSJ,Oryza sativa subsp. japonica (Rice),"Endoglucanase 16 (EC 3.2.1.4) (Endo-1,4-beta glucanase 16)",MRWRRVGDVVAVALLLGAAAAAAAAAARHDYEEALRKSLLYFEAQRSGRLPHGQRVAWRDHSGLTDGLEQGVDLVGGYYDAGDHVKFGLPMAFTVTMLSWSLLEYGADVAAAGELAHALDAIKWGTDYFIKAHTKPHELWAEVGDGDTDHYCWQRPEDMTTSRQAYKVDRRRPGSDVAGETAAAMAAASIVFRQSNPHYSHLLLHHAQQLFEFADTYRGKYDSSIAEVKSYYASVSGYHDELLWAALWLHRATGRAAYLDYAVDNADEFGGTGWAITEFSWDVKYAGVQILAARLLMRGEHEERHRGTLERYREKAEHYVCACMGRNAAGGADANVERSPGGMLYVRQWNNMQYVTNAAFLLSAYSDYLAGAGDGDGDGGGGVATCVGGGGAGAGEVFAAAREQVDYVLGSNPRGMSYLVGYGERFPARVHHRAASIVPYKDSKEFIGCAQGFDDWFGRRGANPNVVVGAIVGGPDRRDRFRDDRENYMQTEACTYNTAPMVGMFAMLNRLSRQESPSTTTTTTATTSSPEMGLSVNR,3.2.1.4,UniProt_Real
Q84Q51,GUN21_ORYSJ,Oryza sativa subsp. japonica (Rice),"Endoglucanase 21 (EC 3.2.1.4) (Endo-1,4-beta glucanase 21) (OsGLU9)",MVAAMTMCAAVAVLLVLTSTMAAAAGDGDGDGGGFDYKKALHSGLLYFEAQRSGHLPYNQRVRWRGHSGLADGLQQGVDLVGGYYDAGDNVKFGLPMAFTMTMLSWAAAEFWDEIAAAGERRHVLEAIKWGTDYLVKAHTAADELWAEVGDGDTDHYCWQRPEDMTTSRQAYKVDRDNPGSDVAGETAAALAAASIVFRRSKPRYSRLLLRHAEQLFDFGDRYRGKYDSSIGEVRAYYASVSGYGDELLWAALWLHRATGRRGYLDYAVAMADELGGVGWAVTEFSWDVKYAGLQILAAKVLMDGGDHPAAHAATLEQYRSKAEHYLCACLGKNAAAGDNVNRTAGGMLFVRRWNNMQYVTNAAFLLTVYSRYLRDSGGDTIRCSGGAMATGDELAAMARAQADYVLGDNPAGVSYMVGYGRRFPRRVHHRGASMVSHRADGRFVGCVQGYDRWFRRGGANPNVVAGAIVGGPDDRDRFRDSRDNYMQTEACTYNTAPMVGVFAHLHAQKMAARTANNNADRSMIKRVD,3.2.1.4,UniProt_Real
Q9M995,GUN5_ARATH,Arabidopsis thaliana (Mouse-ear cress),"Endoglucanase 5 (EC 3.2.1.4) (Endo-1,4-beta glucanase 5)",MRKFGGSLFGVSLLLSVLLAAATAAAEYYNYGSALDKTFLFFEAQRSGKLPAAQRVKWRGPSGLKDGLAQGVSLEGGYYDAGDHVKFGLPMAFAVTMLSWAAVDNRKELSSSNQMQQTLWSIRWGTDYFIKAHPQPNVLWGQVGDGESDHYCWERPEDMTTSRTAYKLDPYHPGSDLAGETAAALAAASLAFKPFNSSYSALLLSHAKELFSFADKYRGLYTNSIPNAKAFYMSSGYSDELLWAAAWLHRATGDQYYLKYAMDNSGYMGGTGWGVKEFSWDNKYAGVQILLSKILLEGKGGIYTSTLKQYQTKADYFACACLKKNGGYNIQTTPGGLMYVREWNNLQYASAAAYLLAVYSDYLSAANAKLNCPDGLVQPQGLLDFARSQADYILGKNRQGMSYVVGYGPKYPIRVHHRGSSIPSIFAQRSSVSCVQGFDSWYRRSQGDPNVIYGALVGGPDENDNYSDDRSNYEQSEPTLSGTAPLVGLFAKLYGGSLGSYGGGSYKPYETTKPAASSYKATPTTYSPKQSGAQIEFLHSITSNWIAGNTRYYRHKVIIKNNSQKPISDLKLKIEDLSGPIWGLNPTGQKYTYQLPQWQKTLRAGQAYDFVYVQGGPQAKVSVLSYN,3.2.1.4,UniProt_Real
Q5Z9P8,GUN18_ORYSJ,Oryza sativa subsp. japonica (Rice),"Endoglucanase 18 (EC 3.2.1.4) (Endo-1,4-beta glucanase 18)",MANCVRCCCWLLVLMLMALAITAAVVFVRYKNGEGVFPFPGVPGAVDHKYADALAVALQFFQVQKSGKLVNNTIHWRGDSALDDGKEAGIDLSKGMYDAGDHMKFGFPMAFTATMLSWSVLEYGDAMRAADQRDSAIDALNWIMDYLVNAHPSDDVLYIQVGDPKADHKCWERPEKMKEKRPLTKITPKSPGSDVAAETAAAMAAASLVYKTINKTYSSSLLDHGERLFAFADKHRGSYTRTFPELSAFYNSTTYQDELLWAASWLYHATGNHSYLAYATGKNKDFADLGNPRYFSWDDKRAGTEVLLSRVSFFASQGSDVAQDDVLGMYKQTADAVMCILLPDSETAAFRTEGGLLYVAEWNSLQHPVASAFLAAVYSDYMQSSGKTELSCSGQGFSPADLRKFAKSQADYLLGSNPMKISYLVGYGDRYPEKVHHRGASIPEDVDTGCDGHKWLETSKPNPNVATGALVGGPYKNDSFVDERDNVMQNEATTYNSALVAGLLSALVSTSSLARSLS,3.2.1.4,UniProt_Real
Q69NF5,GUN23_ORYSJ,Oryza sativa subsp. japonica (Rice),"Endoglucanase 23 (EC 3.2.1.4) (Endo-1,4-beta glucanase 23) (OsGLU12)",MALLSAPVRRRRSRVRVLLVCCCLLLALAAPSAAAAAAGHDYGDALAKSILFFEGQRSGRLPAAGQRAAWRGDSAVSDGGAAGVDLEGGYYDAGDNVKFGFPMAFTATMLAWGVVEFGDAMPPAERAHAADAVRWATDYLLKTISHPGVIFIQVGDPTKDHGCWERPEDMDTARTVYNISAARPGSDVAGETAAALAAASMVFRDDDPAYAARLLAGARSAFEFADEHKGAYSDDPELRAGGCPFYCDFDGYQDELLWGAAWLRRASKEGTYLDYIQNNGKTLGAEDSTNEFGWDNKHAGINVLVSKEFIDGEVLSLQSYKEFADGFICTLIPESSSPHITYTPGGMIYKPGGSNMQHVTSISFLLLTYAKYLSNSSRTVNCGNVSVGPATLQQLARKQADYILGDNPMKMSYMVGYGDRYPQRIHHRGSSLPSIKSHPQRIACNDGTPYYNSSSPNPNPLIGAVVGGPGEDDVYEDDRADFRKSEPTTYINAPLVGVLAYLVGNPDPGQGHVRH,3.2.1.4,UniProt_Real
Q6L4I2,GUN15_ORYSJ,Oryza sativa subsp. japonica (Rice),"Endoglucanase 15 (EC 3.2.1.4) (Endo-1,4-beta glucanase 15) (OsCel9C)",MAKNGGAHGAATLFGLLALASMVKLGFVAGGGHDYAMALRKSILYFQAQRSGVLPPNQRVSWRASSGLFDGKANGVDLVGGYYDAGDNVKFGLPMAFTVTMMSWSILEYGKQMAAAGELRNAMDAVKWGTDYFIKAHPEPDVLYGEVGDGDTDHSCWQRPEDMTTSRQAFRVDPQHPGSDLAAETAAAMAAASIVFRGTYPGYANLLLVHSKQLFEFADKYRGKYDASITVARNYYGSFSGYGDELLWAAAWLFEATEDRSYLEYLAGNGEALGGTGWSINQFGWDVKYPGVQVLAAKFLLQGRAGDHAAALQRYRQNAEFFVCSCVGKGAVNVARTPGGMMYHQRWNNLQFVTSASFLLTVYADFAAISGRGAVHCPAGAAQPFDILKFVKSQVNYILGDNPRGTSYMVGYGASYPRQVHHRGASIVSIKRDPSFVSCQEGYSSWYGREAGNPNLLDGAVVGGPDEYDDFADERDNYEQTEAATYNNAPLLGVLARLAASCGGLKEEEYEQETATPVVNRTSSSSSLPATATAIGIEQNVTGTWARRRRTYYRYAVTVTNRSRGKTVRELHLGVSGLRGRLWGLEEARYGYVPPRWLPALRPGRSLRFVYVQPAPAPANIWVTGYKLV,3.2.1.4,UniProt_Real
Q6Z5P2,GUN7_ORYSJ,Oryza sativa subsp. japonica (Rice),"Endoglucanase 7 (EC 3.2.1.4) (Endo-1,4-beta glucanase 7) (OsGLU10)",MRGRALVLVAALLLQLLLLAAAGGAGAAATERKAHNYEDALRKSLLYFEAQRSGRLPHNQRVAWRDHSGLTDGLEQGVDLVGGYYDAGDHVKFGLPMAFTVTMLSWSMIEYGDDVEAAGELGHALEAIKWGTDYFIKAHTKPNELWAEVGDGDTDHYCWQRPEDMTTSRQAYKVDRERPGSDVAGETAAAMAAASIVFRKSNPHYASLLLHHAQQLFEFADKYRGKYDSSIAEVKSYYASVSGYKDELLWAALWLHRATGKAHYLDYVVDNADCFGGTGWAITEFSWDVKYAGVQILAARLLLRGEHEERHRSTLEQYRAKAEHYVCGCLGRNADGGADANVERSPGGMLYVRQWNNMQYVTNAAFLLAAYADYLGDDADGAVSCAGGETAGAGEVAALARAQVDYVLGTNPRGISYLVGYGAKYPNRVHHRAASIVPYKHSKEFIGCTQGFDHWFGRRSSNPNVLVGAIVGGPDRRDRFRDNRENYMQTEACTYNTAPMVGMFAKLNRMARQEREQEEVAAPARSTAADV,3.2.1.4,UniProt_Real
Q6ZA06,GUN20_ORYSJ,Oryza sativa subsp. japonica (Rice),"Endoglucanase 20 (EC 3.2.1.4) (Endo-1,4-beta glucanase 20) (OsGLU15)",MAAGMVATMVLLTCLAAGGLVVGAEEDGGGGGLGRLGSPDYGDALAKAILFFEGQRSGRLPANQRATWRGDSALTDGREENVNLTGGYYDAGDNVKFGYPMAFTVTLLGWSAVEYGAAVAAAGELGNLRAAIRWGADFLLRAHASPTTLYTQVGDGNADHQCWERPEDMDTPRTLYKITADSPGSEAAAEASAALAAAYVALKDDGDTAFSSRLLAASRSLFDFANNYRGSFQSSCPFYCSYSGFQDELLWASAWLFKATRDAKYLDFLTNNQGSSNPVNEFSWDNKYAGAQMLAAQEYLGGRTQLARYKDNLDSFVCALMPNSGNVQIRTTPGGLLFTRDSVNLQYTTTATLVLSIYSKVLKSSGSRGVRCSAATFSPNQISSFATSQVDYILGKNPLGMSYMVGFSTKFPRRIHHRGSSIPSIKVLSRKVTCKEGFSSWLPTSDPNPNIHVGAIVGGPDGNDQFSDNRGDSSHSEPATYINAAFVGACAAAMGQKQVVKLEEPADNLESMVSTY,3.2.1.4,UniProt_Real
Q7XUK4,GUN12_ORYSJ,Oryza sativa subsp. japonica (Rice),"Endoglucanase 12 (EC 3.2.1.4) (Endo-1,4-beta glucanase 12) (OsGLU3)",MYSANHWGGSFEIAADGAAEDDHSRNMDLDRGALSARQHQLDETQQSWLLGPPEAKKKDKYVDLGCVVVKRKLLWWVLWTLLAAFILIGLPVIIAKSIPKKKPHAPPPDQYTDALHKALLFFNAQKSGRLPKNNGIKWRGNSGLSDGSDLTDVKGGLVGGYYDAGDNIKFHFPLAFSMTMLSWSVIEYSAKYKAVGEYDHVRELIKWGTDYLLLTFNSSASTIDKVYSQVGIAKINGTQPDDHYCWNRPEDMAYPRPVQTAGSAPDLGGEMAAALAAASIVFRDNAAYSKKLVNGAAAVYKFARSSGRRTPYSRGNQYIEYYYNSTSYWDEYMWSAAWMYYATGNNTYITFATDPRLPKNAKAFYSILDFSVFSWDNKLPGAELLLSRLRMFLNPGYPYEESLIGYHNTTSMNMCTYFPRFGAFNFTKGGLAQFNHGKGQPLQYTVANSFLAALYADYMESVNVPGWYCGPYFMTVDDLRSFARSQVNYILGDNPKKMSYVVGYGKKYPRRLHHRGASTPHNGIKYSCTGGYKWRDTKGADPNVLVGAMVGGPDKNDQFKDARLTYAQNEPTLVGNAGLVAALVALTNSGRGAGVTAVDKNTMFSAVPPMFPATPPPPSKWKP,3.2.1.4,UniProt_Real
Q84R49,GUN10_ORYSJ,Oryza sativa subsp. japonica (Rice),"Endoglucanase 10 (EC 3.2.1.4) (Endo-1,4-beta glucanase 10) (OsGLU2)",MFGRDPWGGPLEISNADSATDDDRSRDLDRGALMRQLDETQQSWLLAGPGDQAGKKKKKYVDLGCMVLDRKIFMWTVGTILGVGLFIGFVMMIVKLVPHKRPPPPPPDQYTQALHKALMFFNAQRSGPLPKHNGVSWRGNSCMKDGLSDSTVRKSLVGGFYDAGDAIKFNYPMAWSMTMLSWSVIEYKAKYEAIGELDHVKELIKWGTDYLLKTFNSSADTIDRIVAQVGVGDTSKGGAQPNDHYCWMRPEDIDYPRPVTECHSCSDLASEMAAALAAASIVFKDSKTYSDKLVRGAKALYKFGRLQRGRYSPNGSDQAIFYNSTSYWDEFVWGGAWMYFATGNNTYLSVATAPGMAKHAGAYWLDSPNYGVFTWDDKLPGAQVLLSRLRLFLSPGYPYEEILRTFHNQTDNVMCSYLPMYNSFNFTKGGMIQLNHGRPQPLQYVVNAAFLASLYSDYLDAADTPGWYCGPTFYTTEVLRKFARSQLDYVLGKNPLKMSYVVGFGNKYPKRAHHRGASIPHNGVKYGCKGGFKWRETKKPNPNILIGALVAGPDRHDGFKDVRTNYNYTEPTLAANAGLVAALISLTNIHVKSGIDKNTIFSAVPPMFPTPPPPPSAWKP,3.2.1.4,UniProt_Real
Q8GY58,GUN23_ARATH,Arabidopsis thaliana (Mouse-ear cress),"Endoglucanase 23 (EC 3.2.1.4) (Endo-1,4-beta glucanase 23)",MKASIYLVTVFILLLLLLPTAIPHDYSDALRKSILFFEGQRSGRLPKQQRMAWRRNSALNDGKNLKTDLVGGYYDAGDNVKFHFPMAFTATMLAWSSVDFGRYMSQHDFRHNLVAVKWATDYLLKTVSQLPNRIFVHVGEVQPDHDCWERPEDMDTPRTAFALDAPYPASDLAGEIAAALAAASIAFKQANPKYSAILLNKAVQTFQYADSHRGSYTDNPGIKQAVCPFYCSVNGYKDELLWGAAWLRRATGEDSYLRYLVDNGQAFGESSNYFEFGWDNKVGGVNVLVAKEVLQNNVTAIAAYKDTAEKMMCSFLPETNGPHMSYTPGGLIYKPGSTQLQNTAALSFLLLTYADYLSTSSQQLNCGNLKFQPDSLRRIVKRQVDYVLGDNPMKLSYMIGYGERYPGLIHHRGSSIPSVTVHPAAFGCIAGWNIFSSPNPNPNILIGAVIGGPDVDDRFIGGRTNASETEPTTYINAPFVGVFAYFKSNPNFS,3.2.1.4,UniProt_Real
Q93YQ7,GUN24_ARATH,Arabidopsis thaliana (Mouse-ear cress),"Endoglucanase 24 (EC 3.2.1.4) (Endo-1,4-beta glucanase 24)",MKLHLHPLSLVFFFFFFFFRPTMSSNQHDYSDALSKSILFFEGQRSGYLPNDQRMTWRRNSGLSDGWTHNIDLTGGYYDAGDNVKFNFPMAFTTTMLAWSVIEFGEFMPSSELRNSLVALRWSSNYLLKSVSQLPNRIFVQVGDPIADHNCWERPEDMDTPRTAYAVNAPNPASEVAGETTAALSAASIAFRSSDPGYSQTLLQNAVKTFQFADMYRGAYSSNDDIKNDVCPFYCDFNGFQDELLWGAAWLRKATGDESYLNYIESNREPFGANDNVDEFGWDNKVGGLNVLVSKEVIEGNMYNLEAYKASAESFMCSLVPESSGPHVEYTSAGLLYKPGGSQLQHATTISFLLLVYAQYLSRSSLSLNCGTLTVPPDYLRRLAKKQVDYILGNNPMGLSYMVGYGERYPKRIHHRGSSLPSIVDHPEAIRCKDGSVYFNSTEPNPNVLIGAVVGGPGEDDMYDDDRSDFRKSEPTTYINAPFVGVLAYFAANPGSS,3.2.1.4,UniProt_Real
Q9SRX3,GUN1_ARATH,Arabidopsis thaliana (Mouse-ear cress),"Endoglucanase 1 (EC 3.2.1.4) (Cellulase 2) (AtCEL2) (Endo-1,4-beta glucanase 1)",MALYLSSSRLITFLSFILLLSNGFSSSSSRPSIHHRHHLDNHNYKDALSKSILFFEGQRSGKLPPNQRMTWRSNSGLSDGSALNVDLVGGYYDAGDNMKFGFPMAFTTTMLSWSLIEFGGLMKSELPNAKDAIRWATDFLLKATSHPDTIYVQVGDPNMDHACWERPEDMDTPRSVFKVDKNNPGSDIAGEIAAALAAASIVFRKCDPSYSNHLLQRAITVFTFADKYRGPYSAGLAPEVCPFYCSYSGYQDELLWGAAWLQKATNNPTYLNYIKANGQILGADEFDNMFSWDNKHVGARILLSKEFLIQKVKSLEEYKEHADSFICSVLPGASSSQYTPGGLLFKMGESNMQYVTSTSFLLLTYAKYLTSARTVAYCGGSVVTPARLRSIAKKQVDYLLGGNPLKMSYMVGYGLKYPRRIHHRGSSLPSVAVHPTRIQCHDGFSLFTSQSPNPNDLVGAVVGGPDQNDQFPDERSDYGRSEPATYINAPLVGALAYLARS,3.2.1.4,UniProt_Real
Q9SZ90,GUN18_ARATH,Arabidopsis thaliana (Mouse-ear cress),"Endoglucanase 18 (EC 3.2.1.4) (Endo-1,4-beta glucanase 18)",MGKLLVVMLIGMFLAFESLEALDYGDALNKSILFFEGQRSGKLPTNQRVKWRADSGLSDGASANVNLIGGYYDAGDNVKFVWPMSFTTTLLSWAALEYQNEITFVNQLGYLRSTIKWGTNFILRAHTSTNMLYTQVGDGNSDHSCWERPEDMDTPRTLYSISSSSPGSEAAGEAAAALAAASLVFKLVDSTYSSKLLNNAKSLFEFADKYRGSYQASCPFYCSHSGYQDELLWAAAWLYKATGEKSYLNYVISNKDWSKAINEFSWDNKFAGVQALLASEFYNGANDLEKFKTDVESFVCALMPGSSSQQIKPTPGGILFIRDSSNLQYVTTATTILFYYSKTLTKAGVGSIQCGSTQFTVSQIRNFAKSQVDYILGNNPLKMSYMVGFGTKYPTQPHHRGSSLPSIQSKPEKIDCNGGFSYYNFDTPNPNVHTGAIVGGPNSSDQYSDKRTDYSHAEPTTYINAAFIGSVAALISSS,3.2.1.4,UniProt_Real
Q8LCP6,GUN10_ARATH,Arabidopsis thaliana (Mouse-ear cress),"Endoglucanase 10 (EC 3.2.1.4) (Endo-1,4-beta glucanase 10)",MEEKSKSRGWCGWFIAIIVLASVILAVVYTVKLRTKKSGDDDGGGPVPGPPGAIDKKYADALKLALQFFDIQKSGKLENNKIPWRGDSGLKDGSEDNLDLSKGLYDAGDHIKFGFPMAFTATVLSWSILEYGDQMNAVNQLDPAKDSLRWITDYLIKAHPSDNVLYIQVGDPKVDHPCWERPEDMKEKRPLTKIDVDTPGTEVAAETAAAMASASLVFKDSDPTYSATLLKHAKQLFNFADTKRGSYSVNIPEVQKFYNSTGYGDELLWAASWLYHATEDKTYLDYVSNHGKEFASFGNPTWFSWDNKLAGTQVLLSRLLFFKKDLSGSKGLGNYRNTAKAVMCGLLPKSPTSTASRTNGGLIWVSEWNSMQQSVSSAFLASLFSDYMLTSRIHKISCDGKIFKATELRDFAKSQADYMLGKNPLGTSFVVGYGDKYPQFVHHRGASIPADATTGCLDGFKWFNSTKPNPNIAYGALVGGPFFNETFTDSRENPMQNEPTTYNNALLVGLLSSLVTTSSTLQSLK,3.2.1.4,UniProt_Real
Q8LQ92,GUN3_ORYSJ,Oryza sativa subsp. japonica (Rice),"Endoglucanase 3 (EC 3.2.1.4) (Endo-1,4-beta glucanase 3) (OsGLU8)",MALLRCLFLLAVLLPHRNAAVVAAASPHHGPAPHDYRDALTKSILFFEGQRSGKLPPSQRVSWRGDSGLSDGSSIKVDLVGGYYDAGDNMKFGFPLAFSMTMLAWSVVEFGGLMKGELQHARDAVRWGSDYLLKATAHPDTVYVQVGDANRDHACWERPEDMDTPRTVYKVDPSTPGTDVAAETAAALAAASLVFRKSDPAYASRLVARAKRVFEFADKHRGTYSTRLSPYVCPYYCSYSGYQDELLWGAAWLHRATKNPTYLSYIQMNGQVLGADEQDNTFGWDNKHAGARILIAKAFLVQKVAALHEYKGHADSFICSMVPGTPTDQTQYTRGGLLFKLSDSNMQYVTSSSFLLLTYAKYLAFSKTTVSCGGAAVTPARLRAIARQQVDYLLGSNPMGMSYMVGYGAKYPRRIHHRASSLPSVAAHPARIGCSQGFTALYSGVANPNVLVGAVVGGPNLQDQFPDQRSDHEHSEPATYINAPLVGALAYLAHSYGQL,3.2.1.4,UniProt_Real
A1DME8,EGLB_NEOFI,Neosartorya fischeri (strain ATCC 1020 / DSM 3700 / CBS 544.65 / FGSC A1164 / JCM 1740 / NRRL 181 / WB 181) (Aspergillus fischerianus),"Probable endo-beta-1,4-glucanase B (Endoglucanase B) (EC 3.2.1.4) (Carboxymethylcellulase B) (Cellulase B)",MKFGSIVLIAAAAGSAVAAPAKRASVFQWFGSNESGAEFGQNTIPGSYGKEFIFPDPSTISTLIGKGMNIFRVQFLMERLVPSSMTGSYNEEYLANLTSVVDAVTKAGSYAILDPHNFGRYNGQIISSTDDFKTFWQNLAGKFKSNNLVIFDTNNEYHDMDQALVLNLNQAAINGIRAAGATSQYIFVEGNSWSGAWTWVDVNDNLKALTDPQDKIVYEMHQYLDSDGSGTSESCVSTTIGKERVTAATKWLKDNGKVGIIGEFAGGVNDQCRTAISGMLEYLAQNTDVWKGALWWAAGPWWGNYMFNMEPPSGAAYVGMLDILEPYLG,3.2.1.4,UniProt_Real
O74706,EGLB_ASPNG,Aspergillus niger,"Endo-beta-1,4-glucanase B (Endoglucanase B) (EC 3.2.1.4) (Carboxymethylcellulase B) (Cellulase B)",MKFQSTLLLAAAAGSALAVPHGSGHKKRASVFEWFGSNESGAEFGTNIPGVWGTDYIFPDPSTISTLIGKGMNFFRVQFMMERLLPDSMTGSYDEEYLANLTTVVKAVTDGGAHALIDPHNYGRYNGEIISSTSDFQTFWQNLAGQYKDNDLVMFDTNNEYYDMDQDLVLNLNQAAINGIRAAGASQYIFVEGNSWTGAWTWVDVNDNMKNLTDPEDKIVYEMHQYLDSDGSGTSETCVSGTIGKERITDATQWLKDNKKVGFIGEYAGGSNDVCRSAVSGMLEYMANNTDVWKGASWWAAGPWWGDYIFSLEPPDGTAYTGMLDILETYL,3.2.1.4,UniProt_Real
P10476,GUNA_CELJU,Cellvibrio japonicus (strain Ueda107) (Pseudomonas fluorescens subsp. cellulosa),"Endoglucanase A (EGA) (EC 3.2.1.4) (Cellulase) (Endo-1,4-beta-glucanase)",MINRSVLKIPALVKPLVQALVLVGCTLGVAQAEVGNPRVNQLGYIPNGDRIAVYKASNNSAQTWQLTHNGSLIASGQTIPKGSDASSGDNIHHIDLSSVTATGSGFTLTVGGDSSYPFSISSTTFNAAFYDALKYFYHNRSGIAIETPYTGGGRGSYASHSRWSRPAGHLNQGANKGDMNVPCWSGTCNYSLNVTKGWYDAGDHGKYVVNGGISVWTLLNLYERAQHITGNLAAVADGSMNIPESGNGVADILDEARWQMEFMLAMQVPQGQAKAGMAHHKIHDVGWTGLPLAPHEDPQQRALVPPSTAATLNLAATAAQAARIWKDIDAGFAALCLTAAERAWNAAQANPNDIYSGNYDNGGGGYGDRFVADEFYWAAAELYITTGDSRYLPTINNYTLERTDFGWPDTELLGVMSLAVVPATHTNSLRIAARNHIQTIASTHLTTQSASGYPAPLSSLEYYWGSNSVIANKLVLMGLAYDFSGNQNFALGVSKGINYLFGSNVLSTSFITGLGTNTVAQPHHRFWAGALNSNYPWAPPGALSGGPNAGLEDSLSASRLSGCTSRPATCWLDSIDAWSTNEITINWNAPLAWVLGFYNDFAATQGGSSSSSSSSSSSVPVSSSSSSSIIPSSSSSSIQPSSSSSSMPSSSSSSSSVVASSSSSVSGGLRCNWYGTLYPLCVTTQSGWGWENSQSCISASTCSAQPAPYGIVGAASSSSQAANRSPTLQLSANATGFEGGSMVCCTLHINGAASDPDGDNLTYSWQVISGNTVVASGSSSSASIHVSNQRGYEVSMTVSDGRGGVATETTFVSVYFSDYFPGSSSSASNINSSSSSSSSSSSSAIVSSSSSVVSSSSSSAASGGNCQYVVTNQWNNGFTAVIRVRNNGSSAINGWSVNWSYSDGSRITNSWNANVTGNNPYAASALGWNANIQPGQTAEFGFQGTKGAGSAQVPAVTGSVCQ,3.2.1.4,UniProt_Real
P17974,GUN_RALSL,Ralstonia solanacearum (Pseudomonas solanacearum),"Endoglucanase (EC 3.2.1.4) (Cellulase) (Endo-1,4-beta-glucanase)",MRRCMPLVAASVAALMLAGCGGGDGDPSLSTASVSATDTTTLKPAATSTTSSVWLTLAKDSAAFTVSGTRTVRYGAGSAWVEKSVSGSGRCTSTFFGKDPAAGVAKVCQLLQGTGTLLWRGVSLAGAEFGEGSLPGTYGSNYIYPSADSVTYYKNKGMNLVRLPFRWERLQPTLNQVFDANELSRLTGFVNAVTATGQTVLLDPHNYARYYGNVIGSSAVPNSAYADFWRRLATQFKSNPRVILGLMNEPNSMPTEQWLSGANAELAAIRSANASNVVFVPGNAWTGAHSWNQNWYGTPNGTVMKGINDPGHNLVFEVHQYLDGDSSGQSANCVSATIGAQRLQDFTTWLRSNGYRGFLGEFGAASNDTCNQAVSNMLTFVKNNADVWTGWAWWAGGPWWGGYMYSIEPSNGVDKPQMSVLAPYLK,3.2.1.4,UniProt_Real
P19424,GUN_BACS6,Bacillus sp. (strain KSM-635),"Endoglucanase (EC 3.2.1.4) (Alkaline cellulase) (Endo-1,4-beta-glucanase)",MKIKQIKQSLSLLLIITLIMSLFVPMASANTNESKSNAFPFSDVKKTSWSFPYIKDLYEQEVITGTSATTFSPTDSVTRAQFTVMLTRGLGLEASSKDYPFKDRKNWAYKEIQAAYEAGIVTGKTNGEFAPNENITREQMAAMAVRAYEYLENELSLPEEQREYNDSSSISTFAQDAVQKAYVLELMEGNTDGYFQPKRNSTREQSAKVISTLLWKVASHDYLYHTEAVKSPSEAGALQLVELNGQLTLAGEDGTPVQLRGMSTHGLQWFGEIVNENAFVALSNDWGSNMIRLAMYIGENGYATNPEVKDLVYEGIELAFEHDMYVIVDWHVHAPGDPRADVYSGAYDFFEEIADHYKDHPKNHYIIWELANEPSPNNNGGPGLTNDEKGWEAVKEYAEPIVEMLREKGDNMILVGNPNWSQRPDLSADNPIDAENIMYSVHFYTGSHGASHIGYPEGTPSSERSNVMANVRYALDNGVAVFATEWGTSQANGDGGPYFDEADVWLNFLNKHNISWANWSLTNKNEISGAFTPFELGRTDATDLDPGANQVWAPEELSLSGEYVRARIKGIEYTPIDRTKFTKLVWDFNDGTTQGFQVNGDSPNKESITLSNNNDALQIEGLNVSNDISEGNYWDNVRLSADGWSENVDILGATELTIDVIVEEPTTVSIAAIPQGPAAGWANPTRAIKVTEDDFESFGDGYKALVTITSEDSPSLETIATSPEDNTMSNIILFVGTEDADVISLDNITVSGTEIEIEVIHDEKGTATLPSTFEDGTRQGWDWHTESGVKTALTIEEANGSNALSWEYAYPEVKPSDGWATAPRLDFWKDELVRGTSDYISFDFYIDAVRASEGAISINAVFQPPANGYWQEVPTTFEIDLTELDSATVTSDELYHYEVKINIRDIEAITDDTELRNLLLIFADEDSDFAGRVFVDNVRFE,3.2.1.4,UniProt_Real
P23661,GUNB_RUMAL,Ruminococcus albus,"Endoglucanase B (EC 3.2.1.4) (Cellulase B) (Endo-1,4-beta-glucanase B) (EGB)",MKLKRIAALLTAAVMSVGVMASCGGSKSDDKSKADTKSAAETSGAEGDSSESEEIPVSQTHTNDPMTVTSAKDLVAKMSNGWNLGNTMDATGEGLESEISWLPTKVYTNKFMIDMLPEAGFNVLRIPVSWGNHLIDNNYTIDPAWMDRVQEIVNYGIDDGMYVILNTHHEEWYMPKPSEKDGDIEELKAIWSQIADRFKGYDEHLIFEGLNEPRLRGEGAEWTGTSEAREIINEYEKAFVETVRASGGNNGDRCLMITGYAASSGYNNLSAIELPEDSDKLIISVHAYLPYSFALDTKGTDKYDPEDTAIPTLFESLNELFISRDIPVIVGEFGSMNKDNIDDRVKCLDDYLGNAAKYDIPCVWWDNYARIGNGENFGLLNRQEYDWYFPKLMDVFKKYAESDPSAAAA,3.2.1.4,UniProt_Real
P26414,GUNA_THEBI,Thermobispora bispora (Microbispora bispora),"Endoglucanase A (EC 3.2.1.4) (Cellulase A) (Endo-1,4-beta-glucanase A)",MSRIRRFLATALAAATAGVGAIVTAIASAGPAHAYDSPFYVDPQSNAAKWVAANPNDPRTPVIRDRIAAVPTGRWFANYNPSTVRAEVDAYVGAAAAAGKIPIMVVYAMPNRDCGGPSAGGAPNHTAYRAWIDEIAAGLRNRPAVIILEPDALPIMTNCMSPSEQAEVQASAVGAGKKFKAASSQAKVYFDAGHDAWVPADEMASRLRGADIANSADGIALNVSNYRYTSGLISYAKSVLSAIGASHLRAVIDTSRNGNGPLGSEWCDPPGRATGTWSTTDTGDPAIDAFLWIKPPGEADGCIATPGVFVPDRAYELAMNAAPPTYSPSPTPSTPSPSPSQSDPGSPSPSPSQPPAGRACEATYALVNQWPGGFQAEVTVKNTGSSPINGWTVQWTLPSGQSITQLWNGDLSTSGSNVTVRNVSWNGNVPAGGSTSFGFLGSGTGQLSSSITCSAS,3.2.1.4,UniProt_Real
P37698,GUNF_RUMCH,Ruminiclostridium cellulolyticum (strain ATCC 35319 / DSM 5812 / JCM 6584 / H10) (Clostridium cellulolyticum),"Endoglucanase F (EC 3.2.1.4) (Cellulase F) (EGCCF) (Endo-1,4-beta-glucanase F)",MSKNFKRVGAVAVAAAMSLSIMATTSINAASSPANKVYQDRFESMYSKIKDPANGYFSEQGIPYHSIETLMVEAPDYGHVTTSEAMSYYMWLEAMHGRFSGDFTGFDKSWSVTEQYLIPTEKDQPNTSMSRYDANKPATYAPEFQDPSKYPSPLDTSQPVGRDPINSQLTSAYGTSMLYGMHWILDVDNWYGFGARADGTSKPSYINTFQRGEQESTWETIPQPCWDEHKFGGQYGFLDLFTKDTGTPAKQFKYTNAPDADARAVQATYWADQWAKEQGKSVSTSVGKATKMGDYLRYSFFDKYFRKIGQPSQAGTGYDAAHYLLSWYYAWGGGIDSTWSWIIGSSHNHFGYQNPFAAWVLSTDANFKPKSSNGASDWAKSLDRQLEFYQWLQSAEGAIAGGATNSWNGRYEAVPSGTSTFYGMGYVENPVYADPGSNTWFGMQVWSMQRVAELYYKTGDARAKKLLDKWAKWINGEIKFNADGTFQIPSTIDWEGQPDTWNPTQGYTGNANLHVKVVNYGTDLGCASSLANTLTYYAAKSGDETSRQNAQKLLDAMWNNYSDSKGISTVEQRGDYHRFLDQEVFVPAGWTGKMPNGDVIKSGVKFIDIRSKYKQDPEWQTMVAALQAGQVPTQRLHRFWAQSEFAVANGVYAILFPDQGPEKLLGDVNGDETVDAIDLAILKKYLLNSSTTINTANADMNSDNAIDAIDYALLKKALLSIQ,3.2.1.4,UniProt_Real
P37700,GUNG_RUMCH,Ruminiclostridium cellulolyticum (strain ATCC 35319 / DSM 5812 / JCM 6584 / H10) (Clostridium cellulolyticum),"Endoglucanase G (EC 3.2.1.4) (Cellulase G) (EGCCG) (Endo-1,4-beta-glucanase G)",MLKTKRKLTKAIGVALSISILSSLVSFIPQTNTYAAGTYNYGEALQKSIMFYEFQRSGDLPADKRDNWRDDSGMKDGSDVGVDLTGGWYDAGDHVKFNLPMSYTSAMLAWSLYEDKDAYDKSGQTKYIMDGIKWANDYFIKCNPTPGVYYYQVGDGGKDHSWWGPAEVMQMERPSFKVDASKPGSAVCASTAASLASAAVVFKSSDPTYAEKCISHAKNLFDMADKAKSDAGYTAASGYYSSSSFYDDLSWAAVWLYLATNDSTYLDKAESYVPNWGKEQQTDIIAYKWGQCWDDVHYGAELLLAKLTNKQLYKDSIEMNLDFWTTGVNGTRVSYTPKGLAWLFQWGSLRHATTQAFLAGVYAEWEGCTPSKVSVYKDFLKSQIDYALGSTGRSFVVGYGVNPPQHPHHRTAHGSWTDQMTSPTYHRHTIYGALVGGPDNADGYTDEINNYVNNEIACDYNAGFTGALAKMYKHSGGDPIPNFKAIEKITNDEVIIKAGLNSTGPNYTEIKAVVYNQTGWPARVTDKISFKYFMDLSEIVAAGIDPLSLVTSSNYSEGKNTKVSGVLPWDVSNNVYYVNVDLTGENIYPGGQSACRREVQFRIAAPQGTTYWNPKNDFSYDGLPTTSTVNTVTNIPVYDNGVKVFGNEPAGGSENPDPEILYGDVNSDKNVDALDFAALKKYLLGGTSSIDVKAADTYKDGNIDAIDMATLKKYLLGTITQLPQG,3.2.1.4,UniProt_Real
P40942,CEXY_THEST,Thermoclostridium stercorarium (Clostridium stercorarium),Thermostable celloxylanase (EC 3.2.1.4) (EC 3.2.1.8),MNKFLNKKWSLILTMGGIFLMATLSLIFATGKKAFNDQTSAEDIPSLAEAFRDYFPIGAAIEPGYTTGQIAELYKKHVNMLVAENAMKPASLQPTEGNFQWADADRIVQFAKENGMELRFHTLVWHNQTPTGFSLDKEGKPMVEETDPQKREENRKLLLQRLENYIRAVVLRYKDDIKSWDVVNEVIEPNDPGGMRNSPWYQITGTEYIEVAFRATREAGGSDIKLYINDYNTDDPVKRDILYELVKNLLEKGVPIDGVGHQTHIDIYNPPVERIIESIKKFAGLGLDNIITELDMSIYSWNDRSDYGDSIPDYILTLQAKRYQELFDALKENKDIVSAVVFWGISDKYSWLNGFPVKRTNAPLLFDRNFMPKPAFWAIVDPSRLRE,3.2.1.4; 3.2.1.8,UniProt_Real
P46236,GUNB_FUSOX,Fusarium oxysporum (Fusarium vascular wilt),"Putative endoglucanase type B (EC 3.2.1.4) (Cellulase) (Endo-1,4-beta-glucanase)",MAYKLILAAFAATALAAPVEERQSCSNGVWAQCGGQNWSGTPCCTSGNKCVKLNDFYSQCQPGSAEPSSTAAGPSSTTATKTTATGGSSTTAGGSVTSAPPAASDNPYAGVDLWANNYYRSEVMNLAVPKLSGAKATAAAKVADVPSFQWMDTYDHISLMEDTLADIRKANKAGGKYAGQFVVYDLPNRDCAAAASNGEYSLDKDGANKYKAYIAKIKGILQNYSDTKVILVIEPDSLANLVTNLNVDKCAKAESAYKELTVYAIKELNLPNVSMYLDAGHGGWLGWPANIGPAAKLYAQIYKDAGKPSRVRGLVTNVSNYNGWKLSTKPDYTESNPNYDEQRYINAFAPLLAQEGWSNVKFIVDQGRSGKQPTGQKAQGDWCNAKGTGFGLRPSTNTGDALADAFVWVKPGGESDGTSDTSAARYDYHCGLDDALKPAPEAGTWFQAYFEQLLDNANPSFL,3.2.1.4,UniProt_Real
P46239,GUNF_FUSOX,Fusarium oxysporum (Fusarium vascular wilt),"Putative endoglucanase type F (EC 3.2.1.4) (Cellulase) (Endo-1,4-beta-glucanase)",MHTLSVLLALAPVSALAQAPIWGQCGGNGWTGATTCASGLKCEKINDWYYQCVPGSGGSEPQPSSTQGGGTPQPTGGNSGGTGLDAKFKAKGKQYFGTEIDHYHLNNNPLINIVKAQFGQVTCENSMKWDAIEPSRNSFTFSNADKVVDFATQNGKLIRGHTLLWHSQLPQWVQNINDRSTLTAVIENHVKTMVTRYKGKILQWDVVNNEIFAEDGNLRDSVFSRVLGEDFVGIAFRAARAADPAAKLYINDYNLDKSDYAKVTRGMVAHVNKWIAAGIPIDGIGSQGHLAAPSGWNPASGVPAALRALAASDAKEIAITELDIAGASANDYLTVMNACLAVPKCVGITVWGVSDKDSWRPGDNPLLYDSNYQPKAAFNALANAL,3.2.1.4,UniProt_Real
Q05622,GUNE_RUMFL,Ruminococcus flavefaciens,"Endoglucanase E (EGE) (EC 3.2.1.4) (Cellulase) (Endo-1,4-beta-glucanase E)",MRKRITSMITVISLTLCGTIGTYPHNANASAKEAFEDISKRSECTKVFDNDNGTYTAYSNTAPIHYLNNDEWKEIDNTLIEDSDDYYRNKDNSFNIYIPKEYSLGKNIKNPVIMNYDTFSLSTSITDIKMPDRPEEETFSEGVYADINNEVYTTIDNSAIAEGMKAALKKSASMATYHSIVEDIDLDIAVHNASVSESIIINKLESLPETITYSISVEDAIIKKTEDNRLQLIKDNEAVLILSPFTISDSSENVNVMQVEYDLTESEEGYEVTLYPAETVNRMSSPVMPLSLGSEYSYDRPFSTVYNSQASLHPSIIIIT,3.2.1.4,UniProt_Real
Q0CC84,CELB_ASPTN,Aspergillus terreus (strain NIH 2624 / FGSC A1156),"Probable endo-beta-1,4-glucanase celB (Endoglucanase celB) (EC 3.2.1.4) (Carboxymethylcellulase celB) (Cellulase B)",MLRKLTPLALALLPLVAGQTIGETPEVHPKLPTWKCSNRHGCVKQDTSVVIDAATHWIHEKGGETSCTGSSGPNPNLCPDKETCAANCVIEGISDYANYGVQTKGSSMTLHQYLRDGNTTKSVSPRVYLLAEDGENYEMLQLLNQEFTFDVDVSTLVCGMNGALYFSEMQRDGGRSELNPAGAARGTGYCDAQCFNIPWINGEANVEGAGACCNEMDIWEANARATGYTPHPCNITQLYECSGAECEANGVCDKPGCGFNPYALGAHDFYGYDLEVDTTKPMTVVTQFYTKDNTTTGALVEIRRLYVQNGHVIQNAVVSVDGESVDSITADYCADPSSAFNRLGGLQRMGEALGRGMVLAFSVWNDAGSFMSWLDGGNSGPCNATEGDPALIEKLHPDTHVTFSNIRWGDIGSTYRGKRR,3.2.1.4,UniProt_Real
Q12647,GUNB_NEOPA,Neocallimastix patriciarum (Rumen fungus),"Endoglucanase B (EC 3.2.1.4) (Cellulase B) (Endo-1,4-beta-glucanase B)",MKFLNTFSLLSLAIIGSKAMKNISSKELVKDLTIGWSLGNTLDATCFETLDYNKNQIASETCWGNVKTTQELYYKLSDLGFNTFRIPTTWSGHFGNAPDYKINDQWMKRVHEIVDYAINTGGYAILNIHHETWNHAFQKNLESAKKILVAIWKQIAAEFADYDEHLIFEGMNEPRKVGDPAEWNGGDYEGWNFVNEMNDLFVKTIRATGGNNALRHLMIPTYAACINDGAINNFKFPSGDDKVIVSLHSYSPYNFALNNGAGAISNFYDGSEIDWAMNTINSKFISRGIPVIIGEFGAMNRNNEDDRERWAEYYIKKATSIGVPCVIWDNGYFEGEGERFGLINRSTLQVVYPKLVNGLIKGLGNSIKTRTTIRRTTTTTTSQSQPTNNDSCFSVNLGYSCCNGCEVEYTDSDGEWGVENGNWCGIKSSCSNTSRICWSEKLGYPCCQNTSSVVYTDNDGKWGVENGNWCGIY,3.2.1.4,UniProt_Real
Q12679,GUNA_ASPKW,Aspergillus kawachii (strain NBRC 4308) (White koji mold) (Aspergillus awamori var. kawachi),"Endoglucanase A (EC 3.2.1.4) (CMCase-I) (Carboxymethylcellulase) (Cellulase A) (Endo-1,4-beta-glucanase A)",MKLSMTLSLFAATAMGQTMCSQYDSASSPPYSVNQNLWGEYQGTGSQCVYVDKLSSSGASWHTKWTWSGGEGTVKSYSNSGLTFDKKLVSDVSSIPTSVTWSQDDTNVQADVSYDLFTAANADHATSSGDYELMIWLARYGSVQPIGKQIATATVGGKSWEVWYGTSTQAGAEQKTYSFVAGSPINSWSGDIKDFFNYLTQNQGFPASSQHLITLQFGTEPFTGGPATFTVDNWTASVN,3.2.1.4,UniProt_Real
Q2UPQ4,EGLB_ASPOR,Aspergillus oryzae (strain ATCC 42149 / RIB 40) (Yellow koji mold),"Probable endo-beta-1,4-glucanase B (Endoglucanase B) (EC 3.2.1.4) (Carboxymethylcellulase B) (Cellulase B)",MKFRNLFFAAVAGSAVAAPLAKEQKKRDSVFQWIGANESGAEFGENNLPGVWGTDYIFPDVSAITTLIDKGMNIFRIQFKMERLVPDSMTGAYDEAYLQNLTTVVNAVTDAGVHAILDPHNYGRFNGEIMSTPSDFQTFWKNLAGQFQSNSLVIFDTNNEYHDMDQELVLNLNQAAIDGIREAGATEQYIFVEGNSYTGAWTWTDVNDNMKNLEDPQDKIVYQMHQYLDSDGSGTSETCVSGTIGQERVTSATQWLKDNKKVGIIGEFAGGNNDQCKTAVKGMLDYLAENTDVWKGALWWAAGPWWGDYMYSLEPPNGVAFTGMLDVLQAYLG,3.2.1.4,UniProt_Real
