accession,kcat,Km,ec,substrate,organism,enzymetype,ph,temperature,smiles,kcat_pubmedid,kcat_unit,km_pubmedid,km_unit,kcatkm_value,kcatkm_pubmedid,kcatkm_unit,kcatkm_threshold_delta,sequence,specificity,ec_number,source_type,Ki,t_opt,ph_opt,id
A0A024SH20,,,,cellulose,Hypocrea jecorina (strain ATCC 56765 / BCRC 32924 / NRRL 11460 / Rut C-30) (Trichoderma reesei),,,,,,,,,,,,,MNKSVAPLLLAASILYGGAAAQQTVWGQCGGIGWSGPTNCAPGSACSTLNPYYAQCIPGATTITTSTRPPSGPTTTTRATSTSSSTPPTSSGVRFAGVNIAGFDFGCTTDGTCVTSKVYPPLKNFTGSNNYPDGIGQMQHFVNDDGMTIFRLPVGWQYLVNNNLGGNLDSTSISKYDQLVQGCLSLGAYCIVDIHNYARWNGGIIGQGGPTNAQFTSLWSQLASKYASQSRVWFGIMNEPHDVNINTWAATVQEVVTAIRNAGATSQFISLPGNDWQSAGAFISDGSAAALSQVTNPDGSTTNLIFDVHKYLDSDNSGTHAECTTNNIDGAFSPLATWLRQNNRQAILTETGGGNVQSCIQDMCQQIQYLNQNSDVYLGYVGWGAGSFDSTYVLTETPTGSGNSWTDTSLVSSCLARK,Cellulase,3.2.1.4,OED,,50.0,5.0,A0A024SH20
A0A024SNB7,,,,cellulose,Hypocrea jecorina (strain ATCC 56765 / BCRC 32924 / NRRL 11460 / Rut C-30) (Trichoderma reesei),,,,,,,,,,,,,MAPSVTLPLTTAILAIARLVAAQQPGTSTPEVHPKLTTYKCTKSGGCVAQDTSVVLDWNYRWMHDANYNSCTVNGGVNTTLCPDEATCGKNCFIEGVDYAASGVTTSGSSLTMNQYMPSSSGGYSSVSPRLYLLDSDGEYVMLKLNGQELSFDVDLSALPCGENGSLYLSQMDENGGANQYNTAGANYGSGYCDAQCPVQTWRNGTLNTSHQGFCCNEMDILEGNSRANALTPHSCTATACDSAGCGFNPYGSGYKSYYGPGDTVDTSKTFTIITQFNTDNGSPSGNLVSITRKYQQNGVDIPSAQPGGDTISSCPSASAYGGLATMGKALSSGMVLVFSIWNDNSQYMNWLDSGNAGPCSSTEGNPSNILANNPNTHVVFSNIRWGDIGSTTNSTAPPPPPASSTTFSTTRRSSTTSSSPSCTQTHWGQCGGIGYSGCKTCTSGTTCQYSNDYYSQCL,Cellulase,3.2.1.4,OED,,50.0,5.0,A0A024SNB7
A0A0U4EBH5,,,,cellulose,Thermoanaerobacterium sp,,,,,,,,,,,,,MNKWHINKWYFFVGMLVIFAVIISLILKDTSLTFSSYDREKFPHLIGNSMVKKPSLAGRLKIIEIDGRKTLGDQHGNPIQLRGMSTHGLQWFPQIINNNAFSALSKDWEANVIRLAMYVGEGGYSTDPSVKEKVIEGINLAIKNDMYVIVDWHILNPGDPNAKIYSGAKEFFKEIASKYPNDLHIIYELANEPNPTESDITNDIAGWEKVKKYAEPIIKMLRDMGNENIIIVGNPEWSTRPDLAVNDPIDDKNVMYSAHFYTGSASVWENGNKGHIARNIEKALENGLTVFVTEWGTSEASGDGGPYLNEADEWLEFLNSNNISWVNWSLANKNEASAAFLPTTSLDPGNGKVWAVNQLSLSGEYVRARIKGIPYKPISRETMGK,Cellulase,3.2.1.4,OED,,50.0,5.0,A0A0U4EBH5
A0A8A1G1R1,,,,cellulose,Microbulbifer sp. (strain ALW1),,,,,,,,,,,,,MKRILFTAGGCLFYLLLAVKAYAYDCSATPAYQDGVNYQSGDLVSNTGAAYRCNVAGWCSTGGAYAPGTGWAWTEAWDELGSCDGGAGSSGSSSSSSSSSSSSSGSSSSSSGSGSSSGGTSCDGIEAWQVASIYTEGNVVQQNGERYIANWWNQGQSPEDNSGAYEVWSAAGSCSGAGSSSSSSGGTSSSGSSSSGVSSSGGSSGGDSPIARHGKLHVCGNGLCNADNVPVQLRGMSTHGLQWYGWGNCITGNSLDTLAEDWNADILRVSLYVQEGGYETDPAGYTAQVSHIIDEVTARGMYVLVDWHQLDPGDPNANLDNARQFFTDIAQAHGDKTNIIYDVANEPNNVSWDAIQRYAMEVIPVIRQYAPDAVVLVGTHGWASLGISDGGSAQDIFNNPVTIDNIMYTFHFYAASHGQVYRDELRSALERGMPVFVTEWGSQTYTGDDGNDFVSTQAYLDLLDQYQISWTNWNYSDDFRTGAVWNTGTCSADSWGVGNLKEAGAWVRDKIRNR,Cellulase,3.2.1.4,OED,,50.0,5.0,A0A8A1G1R1
C0HLV0,,,,cellulose,Fomes meliae (Fomitopsis meliae),,,,,,,,,,,,,QAVLSETGGGDTASCDEYLYQELAYVK,Cellulase,3.2.1.4,OED,,50.0,5.0,C0HLV0
D3GDK4,,,,cellulose,Cryptopygus antarcticus (Antarctic springtail),,,,,,,,,,,,,MKVFVVLAAIVAIANGLTSGSGVTTRYWDCCKPSCSWGGKASVTKPVRTCKANGNTTIDSNTQSGCNGGSSYVCNDQQPFTQGNVGYGFAAASISGQPESQTCCACYEMTFTNTAISGQKMIVQVTNTGSDLNGNHFDLMIPGGGVGIFNGCQSQWGAPSNGWGQRYGGISSQSECNQLPTSLRAGCNWRFGWFKNADNPSMKFTQVRCPTILTQKSQCVRTPGP,Cellulase,3.2.1.4,OED,,50.0,5.0,D3GDK4
F4YTG7,117.4,24.55,3.2.1.4,carboxymethyl cellulose,uncultured bacterium,wildtype,7.0,37.0,CC(=O)O.O=CC(O)C(O)C(O)C(O)CO,26877766.0,1/s,26877766.0,mM,2.3,26877766.0,1/mM*1/s,0.0653846153846156,,Cellulase,3.2.1.4,OED,49.1,50.0,5.0,F4YTG7
G2QCS4,,,,cellulose,Thermothelomyces thermophilus (strain ATCC 42464 / BCRC 31852 / DSM 1799) (Sporotrichum thermophile),,,,,,,,,,,,,MGQKTLQGLVAAAALAASVANAQQPGTFTPEVHPTLPTWKCTTSGGCVQQDTSVVLDWNYRWFHTEDGSKSCITSSGVDRTLCPDEATCAKNCFVEGVNYTSSGVETSGSSLTLRQFFKGSDGAINSVSPRVYLLGGDGNYVVLKLLGQELSFDVDVSSLPCGENAALYLSEMDATGGRNEYNTGGAEYGSGYCDAQCPVQNWNNGTLNTGRVGSCCNEMDILEANSKAEAFTPHPCIGNSCDKSGCGFNAYARGYHNYWAPGGTLDTSRPFTMITRFVTDDGTTSGKLARIERVYVQDGKKVPSAAPGGDVITADGCTSAQPYGGLSGMGDALGRGMVLALSIWNDASGYMNWLDAGSNGPCSDTEGNPSNILANHPDAHVVLSNIRWGDIGSTVDTGDGDNNGGGPNPSSTTTATATTTSSGPAEPTQTHYGQCGGKGWTGPTRCETPYTCKYQNDWYSQCL,Cellulase,3.2.1.4,OED,,50.0,5.0,G2QCS4
G4NK46,,,,cellulose,Pyricularia oryzae (strain 70-15 / ATCC MYA-4617 / FGSC 8958) (Rice blast fungus) (Magnaporthe oryzae),,,,,,,,,,,,,MAKFSALCSLALLGLATAQKPVGTETHEKLTTFRCTVAGGCVEKTNYIVLDSITGHRIYQPAAETLDCGARGAAPNVTACPTKEACAENCAMEGRTDYGSQGVSTDGASLRLQILHDGKKVAPRVYLLDETEAKYEMLRLTGNEFAFEVTMDKLPCGMNSALYLSEMEEDGGKSELNPGGAPWGTGYCDAQCYVTPFINGEGNIKGNGACCAEMDIWEANSRATHIAPHPCSKPGLYLCEGDECGSTGVCDKSGCAWNPNRIAQPHYYGNNDTFKVDTLKPMTVVTQFPTDASGKLAAIRRLYVQGGVVIKAETVHKAGLPEVDALTDPFCEAFGSQRYMALGATGGMGDALARGMVLVMSIWWDETGGNMQWLDGIASGSGPCNATEGAPANIPLVEPNPEVTFSNLKWGEIGSTFQGGARRL,Cellulase,3.2.1.4,OED,,50.0,5.0,G4NK46
O04478,,,,cellulose,Arabidopsis thaliana (Mouse-ear cress),,,,,,,,,,,,,MHPGNVWGGSLDAVDSDRIAAEEEERLRNTTEWDRGAIHSQRSELDETQQGWLLAPQDNWRKKKKKYVNLGCVSVSRTVFLWTVGSIAVLFLVVALPIIIVKSLPRHKSAPPPPDNYTLALHKALQFFDAQKSGKLPKKNKVSWRGDSGTKDGLPDVVGGLVGGYYDGGSNVKFHFPMAFSMTMLSWSLIEYSHKYKAIDEYDHMRDVLKWGTDYLLLTFNNSATRLDHIYTQVGGGLRDSESPDDIYCWQKPEDMSYDRPVLSSTSAADLGAEVSAALAAASIVFTDKPDYAKKLKKGAETLYPFFRSKSRRKRYSDGQPTAQAFYNSTSMFDEFMWAGAWLYYATGNKTYIQFATTPSVPQTAKAFANRPELMVPSWNNKLPGAMLLMTRYRLFLNPGFPYENMLNRYHNATGITMCAYLKQYNVFNRTSGGLMQLNLGKPRPLEYVAHASFLASLFADYLNSTGVPGWYCGPTFVENHVLKDFAQSQIDYILGDNPLKMSYVVGFGKKFPRRVHHRGATIPNDKKRRSCREGLKYRDTKNPNPNNITGAMVGGPNKFDEFHDLRNNYNASEPTLSGNAGLVAALVSLTSSGGQQIDKNTMFNSVPPLYSPTPPPPKAWKP,Cellulase,3.2.1.4,OED,,50.0,5.0,O04478
O08342,,,,cellulose,Paenibacillus barcinonensis,,,,,,,,,,,,,MTKTFKKFSIAGLALLFMATAAFAGWSTKASAADMRSLTAAQITAEMGAGWNLGNQLEATVNGTPNETSWGNPTITPELIKKVKAAGFKTIRIPVSYLNYIGSAPNYTVNASWLNRIQQVVDYAYNEGLYVVINMHGDGFHSIPGSWLHVNSSNQNVIRDKYQKVWQQVATRFSAYNERLIFESMNEVFDGNYNNPNTSYYGNLNAYNQIFVDTVRKTGGNNNARWLLVPGWNTNIDYTVGNYGFVVPTDNFRSSAIPSSQKRIMISAHYYSPWDFAGEENGNITQWGATATNPAKRSTWGQEDYLDSQFKSMYDKFVTQGYPVVMGEFGSIDKSSYDSSNNNYRAVYAKAVTATAKKYKLVPVYWDNGFNGQHGFALFNRFNNTVTQQNIINAIMQGMQ,Cellulase,3.2.1.4,OED,,50.0,5.0,O08342
O85465,,,,cellulose,Salipaludibacillus agaradhaerens (Bacillus agaradhaerens),,,,,,,,,,,,,MKKITTIFVVLLMTVALFSIGNTTAADNDSVVEEHGQLSISNGELVNERGEQVQLKGMSSHGLQWYGQFVNYESMKWLRDDWGINVFRAAMYTSSGGYIDDPSVKEKVKEAVEAAIDLDIYVIIDWHILSDNDPNIYKEEAKDFFDEMSELYGDYPNVIYEIANEPNGSDVTWGNQIKPYAEEVIPIIRNNDPNNIIIVGTGTWSQDVHHAADNQLADPNVMYAFHFYAGTHGQNLRDQVDYALDQGAAIFVSEWGTSAATGDGGVFLDEAQVWIDFMDERNLSWANWSLTHKDESSAALMPGANPTGGWTEAELSPSGTFVREKIRESASIPPSDPTPPSDPGEPDPTPPSDPGEYPAWDPNQIYTNEIVYHNGQLWQAKWWTQNQEPGDPYGPWEPLN,Cellulase,3.2.1.4,OED,,50.0,5.0,O85465
P07103,,,,cellulose,Dickeya dadantii (strain 3937) (Erwinia chrysanthemi (strain 3937)),,,,,,,,,,,,,MPLSYLDKNPVIDSKKHALRKKLFLSCAYFGLSLACLSSNAWASVEPLSVNGNKIYAGEKAKSFAGNSLFWSNNGWGGEKFYTADTVASLKKDWKSSIVRAAMGVQESGGYLQDPAGNKAKVERVVDAAIANDMYAIIGWHSHSAENNRSEAIRFFQEMARKYGNKPNVIYEIYNEPLQVSWSNTIKPYAEAVISAIRAIDPDNLIIVGTPSWSQNVDEASRDPINAKNIAYTLHFYAGTHGESLRNKARQALNNGIALFVTEWGTVNADGNGGVNQTETDAWVTFMRDNNISNANWALNDKNEGASTYYPDSKNLTESGKKVKSIIQSWPYKAGSAASATTDPSTDTTTDTTVDEPTTTDTPATADCANANVYPNWVSKDWAGGQPTHNEAGQSIVYKGNLYTANWYTASVPGSDSSWTQVGSCN,Cellulase,3.2.1.4,OED,,50.0,5.0,P07103
P07981,,,,cellulose,Hypocrea jecorina (Trichoderma reesei),,,,,,,,,,,,,MAPSVTLPLTTAILAIARLVAAQQPGTSTPEVHPKLTTYKCTKSGGCVAQDTSVVLDWNYRWMHDANYNSCTVNGGVNTTLCPDEATCGKNCFIEGVDYAASGVTTSGSSLTMNQYMPSSSGGYSSVSPRLYLLDSDGEYVMLKLNGQELSFDVDLSALPCGENGSLYLSQMDENGGANQYNTAGANYGSGYCDAQCPVQTWRNGTLNTSHQGFCCNEMDILEGNSRANALTPHSCTATACDSAGCGFNPYGSGYKSYYGPGDTVDTSKTFTIITQFNTDNGSPSGNLVSITRKYQQNGVDIPSAQPGGDTISSCPSASAYGGLATMGKALSSGMVLVFSIWNDNSQYMNWLDSGNAGPCSSTEGNPSNILANNPNTHVVFSNIRWGDIGSTTNSTAPPPPPASSTTFSTTRRSSTTSSSPSCTQTHWGQCGGIGYSGCKTCTSGTTCQYSNDYYSQCL,Cellulase,3.2.1.4,OED,,50.0,5.0,P07981
P07982,,,,cellulose,Hypocrea jecorina (Trichoderma reesei),,,,,,,,,,,,,MNKSVAPLLLAASILYGGAVAQQTVWGQCGGIGWSGPTNCAPGSACSTLNPYYAQCIPGATTITTSTRPPSGPTTTTRATSTSSSTPPTSSGVRFAGVNIAGFDFGCTTDGTCVTSKVYPPLKNFTGSNNYPDGIGQMQHFVNEDGMTIFRLPVGWQYLVNNNLGGNLDSTSISKYDQLVQGCLSLGAYCIVDIHNYARWNGGIIGQGGPTNAQFTSLWSQLASKYASQSRVWFGIMNEPHDVNINTWAATVQEVVTAIRNAGATSQFISLPGNDWQSAGAFISDGSAAALSQVTNPDGSTTNLIFDVHKYLDSDNSGTHAECTTNNIDGAFSPLATWLRQNNRQAILTETGGGNVQSCIQDMCQQIQYLNQNSDVYLGYVGWGAGSFDSTYVLTETPTSSGNSWTDTSLVSSCLARK,Cellulase,3.2.1.4,OED,,50.0,5.0,P07982
P07984,,,,cellulose,Cellulomonas fimi,,,,,,,,,,,,,MSTRRTAAALLAAAAVAVGGLTALTTTAAQAAPGCRVDYAVTNQWPGGFGANVTITNLGDPVSSWKLDWTYTAGQRIQQLWNGTASTNGGQVSVTSLPWNGSIPTGGTASFGFNGSWAGSNPTPASFSLNGTTCTGTVPTTSPTPTPTPTTPTPTPTPTPTPTPTVTPQPTSGFYVDPTTQGYRAWQAASGTDKALLEKIALTPQAYWVGNWADASHAQAEVADYTGRAVAAGKTPMLVVYAIPGRDCGSHSGGGVSESEYARWVDTVAQGIKGNPIVILEPDALAQLGDCSGQGDRVGFLKYAAKSLTLKGARVYIDAGHAKWLSVDTPVNRLNQVGFEYAVGFALNTSNYQTTADSKAYGQQISQRLGGKKFVIDTSRNGNGSNGEWCNPRGRALGERPVAVNDGSGLDALLWVKLPGESDGACNGGPAAGQWWQEIALEMARNARW,Cellulase,3.2.1.4,OED,,50.0,5.0,P07984
P0C1U4,,,,cellulose,Oryza sativa subsp. japonica (Rice),,,,,,,,,,,,,MSMYGRDPWGGPLEICHDSATDDDRSRNLDLDRGALSRTLDETQQSWLLAGPGDQGRKKKKYVDLGCLVVSRKLFVWTVGVLLAAAVFAGLVAGIAKAIPRHHRPPPPPDDFTVALRKALMFFNAQKSGKLPKNNNVHWRGNSCMKDGLSDPAVGRSLVGGYYDAGDAVKFNFPAAFSMTLLSWSVIEYSAKYEAVGELGHIRDTIKWGADYFLKTFNSTADTIDRVVMQVGSGATSPGSTQPNDHYCWMRPEDIDYPRPVVECHACSDLAAEMAASLAAASIVFKDNKAYSQKLVHGATTLFKFARQNRGRYSAGGSDAAKFYNSTSYWDEFVWGGSWMYLATGNSSYLQLATHPKLAKHAGAYWGGPDYGVFSWDNKLTGAQVLLSRLRLFLSPGYPYEEILRTFHNQTSIIMCSYLPIFKSFNRTKGGLIQLNHGRPQPLQYVVNAAFLASLYGDYLEAADTPGWYCGPHFYPIETLRNFARTQIEYILGKNPLKMSYVVGYGNRYPKRVHHRGASIPKNGVHYGCKGGWKWRETKKPNPNIIVGAMVAGPDRHDGFKDVRKNYNYTEATLAGNAGLVAALVALSGEGHGVDKNTMFSAVPPMFPSPPPPPAPWKP,Cellulase,3.2.1.4,OED,,50.0,5.0,P0C1U4
P0C2S4,,,,cellulose,Acetivibrio thermocellus (Hungateiclostridium thermocellum) (Clostridium thermocellum),,,,,,,,,,,,,SLTGVFPSGLIETKVSAAKITENYQFDSRIRLNSIGFIPNHSKKATIAANCSTFYVVKEDGTIVYTGTATSMFDNDTKETVYIADFSSVNEEGTYYLAVPGVGKSVNFKIAMNVYEDAFKTAMLGMYLLRCGTSVSATYNGIHYSHGPCHTNDAYLDYINGQHTKKDSTKGWHDAGDYNKYVVNAGITVGSMFLAWEHFKDQLEPVALEIPEKNNSIPDFLDELKYEIDWILTMQYPDGSGRVAHKVSTRNFGGFIMPENEHDERFFVPWSSAATADFVAMTAMAARIFRPYDPQYAEKCINAAKVSYEFLKNNPANVFANQSGFSTGEYATVSDADDRLWAAAEMWETLGDEEYLRDFENRAAQFSKKIEADFDWDNVANLGMFTYLLSERPGKNPALVQSIKDSLLSTADSIVRTSQNHGYGRTLGTTYYWGCNGTVVRQTMILQVANKISPNNDYVNAALDAISHVFGRNYYNRSYVTGLGINPPMNPHDRRSGADGIWEPWPGYLVGGGWPGPKDWVDIQDSYQTNEIAINWNAALIYALAGFVNYNSPQNEVLYGDVNDDGKVNSTDLTLLKRYVLKAVSTLPSSKAEKNADVNRDGRVNSSDVTILSRYLIRVIEKLPI,Cellulase,3.2.1.4,OED,,50.0,5.0,P0C2S4
P10477,,,,cellulose,Acetivibrio thermocellus (strain ATCC 27405 / DSM 1237 / JCM 9322 / NBRC 103400 / NCIMB 10682 / NRRL B-4536 / VPI 7372) (Clostridium thermocellum),,,,,,,,,,,,,MKKIVSLVCVLVMLVSILGSFSVVAASPVKGFQVSGTKLLDASGNELVMRGMRDISAIDLVKEIKIGWNLGNTLDAPTETAWGNPRTTKAMIEKVREMGFNAVRVPVTWDTHIGPAPDYKIDEAWLNRVEEVVNYVLDCGMYAIINVHHDNTWIIPTYANEQRSKEKLVKVWEQIATRFKDYDDHLLFETMNEPREVGSPMEWMGGTYENRDVINRFNLAVVNTIRASGGNNDKRFILVPTNAATGLDVALNDLVIPNNDSRVIVSIHAYSPYFFAMDVNGTSYWGSDYDKASLTSELDAIYNRFVKNGRAVIIGEFGTIDKNNLSSRVAHAEHYAREAVSRGIAVFWWDNGYYNPGDAETYALLNRKTLSWYYPEIVQALMRGAGVEPLVSPTPTPTLMPTPSPTVTANILYGDVNGDGKINSTDCTMLKRYILRGIEEFPSPSGIIAADVNADLKINSTDLVLMKKYLLRSIDKFPAEDSQTPDEDNPGILYNGRFDFSDPNGPKCAWSGSNVELNFYGTEASVTIKSGGENWFQAIVDGNPLPPFSVNATTSTVKLVSGLAEGAHHLVLWKRTEASLGEVQFLGFDFGSGKLLAAPKPLERKIEFIGDSITCAYGNEGTSKEQSFTPKNENSYMSYAAITARNLNASANMIAWSGIGLTMNYGGAPGPLIMDRYPYTLPYSGVRWDFSKYVPQVVVINLGTNDFSTSFADKTKFVTAYKNLISEVRRNYPDAHIFCCVGPMLWGTGLDLCRSYVTEVVNDCNRSGDLKVYFVEFPQQDGSTGYGEDWHPSIATHQLMAERLTAEIKNKLGW,Cellulase,3.2.1.4,OED,,50.0,5.0,P10477
P13933,,,,cellulose,Streptomyces sp. (strain KSM-9),,,,,,,,,,,,,MENPRTTPTPTPLRRRRSERRARGGRVLTALTGVTLLAGLAIAPAATGASPSPAPPASPAPSADSGTADAGTTALPSMELYRAEAGVHAWLDANPGDHRAPLIAERIGSQPQAVWFAGAYNPGTITQQVAEVTSAAAAAGQLPVVVPYMIPFRDCGNHSGGGAPSFAAYAEWSGLFAAGLGSEPVVVVLEPDAIPLIDCLDNQQRAERLAALAGLAEAVTDANPEARVYYDVGHSAWHAPAAIAPTLVEAGILEHGAGIATNISNYRTTTDETAYASAVIAELGGGLGAVVDTSRNGNGPLGSEWCDPPGRLVGNNPTVNPGVPGVDAFLWIKLPGELDGCDGPVGSFSPAKAYELAGG,Cellulase,3.2.1.4,OED,,50.0,5.0,P13933
P14090,,,,cellulose,Cellulomonas fimi (strain ATCC 484 / DSM 20113 / JCM 1341 / CCUG 24087 / LMG 16345 / NBRC 15513 / NCIMB 8980 / NCTC 7547 / NRS-133),,,,,,,,,,,,,MVSRRSSQARGALTAVVATLALALAGSGTALAASPIGEGTFDDGPEGWVAYGTDGPLDTSTGALCVAVPAGSAQYGVGVVLNGVAIEEGTTYTLRYTATASTDVTVRALVGQNGAPYGTVLDTSPALTSEPRQVTETFTASATYPATPAADDPEGQIAFQLGGFSADAWTFCLDDVALDSEVELLPHTSFAESLGPWSLYGTSEPVFADGRMCVDLPGGQGNPWDAGLVYNGVPVGEGESYVLSFTASATPDMPVRVLVGEGGGAYRTAFEQGSAPLTGEPATREYAFTSNLTFPPDGDAPGQVAFHLGKAGAYEFCISQVSLTTSATPPPGYEPDTGPRVRVNQVGYLPFGPKRATLVTDAAEPVAWELRDADGVVVADGTSEPRGVEPSAAQAVHVLDFSDVTTQGAGYTLVADGETSRPFDIDGDLYQQLRYDALNYFYLARSGTEIEADVVGEEYAREAGHVGVAPNQGDTDVPCIGPRDYYDGWTCDYRLDVSGGWYDAGDHGKYVVNGGIAVGQLLQTYERALHAGTADALADGTLDVPEHGNDVPDVLDEARWELEWMLSMIVPEGEYAGMVHHKVHDEGWTGLPLLPADDPQARSLHRPSTAATLNLSAVAAQGARLLEPYDPQLAQTLLEAARTTWAAAQEHPALYAPGEAGADGGGAYNDSQVADEFYWAAAELYLTTGEDAFATAVTTSPLHTADVFTADGFGWGSVAALGRLDLATVPNELPGLDAVQSSVVEGAQEYLAAQAGQGFGSLYSPPGGEYVWGSSSQVANNLVVVATAYDLTGDERFRAATLEGLDYLFGRNALNQSYVTGWGEVASHQQHSRWFAHQLDPSLPSPPPGSLAGGPNSQAATWDPTTKAAFPDGCAPSACYVDEIQAWSTNELTVNWNSALSWVASWVADQGSAEPVPTAPVVTRQPVDATVALGADATFTAEASGVPAPTVRWQVRAGRGWKDVAGATGTTLTVRATARTDGTRYRAVFTNAAGSVESAVVRLTVERAAPVVTQHPADVRARVGTRAVFRAAADGYPTPCVVWQVRWGGGSWRPIPWATSTTLSVPVTVLAAGTEYRAVFTNAVGTAATEPAELAVQRPRS,Cellulase,3.2.1.4,OED,,50.0,5.0,P14090
P14250,,,,cellulose,Fibrobacter succinogenes (strain ATCC 19169 / S85),,,,,,,,,,,,,MQLKNFYPKMSVLGIATVMALTACGDENTQALFANNPVPGAENQVPVSSSDMSPTSSDAVIDPTSSSAAVVDPSTLPAEGPITMPEGLGTLVDDFEDGDNLSKIGDYWYTYNDNDNGGASIITTPLNEEENIIPGRVNNGSNYALQVNYTLDRGDYEYDPYVGWGVQVAPDEANGHFGGLTYWYKGGAHEVHIEITDVEDYDVHLAKFPASRTWKQAVVRFKDLVQGGWGKEIPFDAKHIMAISFQAKGNKSKLVTDSLFIDNIYLQDSSEVEKDQPDMEIKDPVIPVVEFTEAEITVTNPLQEKAMKYLNKGVNFTNWLENADGKFKSFELGESDVKILADNGFKSLRLPIDLDLYATNRDAFIAGTDTELKFDDDTLFLVLDSFVEWTAKYNMSFVIDYHEYDNSYNTTSAKDPNYIKMMAETWKHVAAHYAESPREDLFFELLNEPDMSDGKVTAATWTTAAQAMIDAIRTVDTKHTILFGDAQWYSITLLAKRTPFTDDNIIYVIHTYEPFAFTHQGGSWTDYATIHDIPFPYDPAKWSTVSGDFGVNKSTKSYVKTNIKNYYKTGSKEAILEQILKAKKWAATNNVPVIINEFGALNLRSTAESRLNYLTAMREICDTLQIPWTHWGYTGNFSVIENGKLIEGLDKALGVGSK,Cellulase,3.2.1.4,OED,,50.0,5.0,P14250
P16218,,,,cellulose,Acetivibrio thermocellus (strain ATCC 27405 / DSM 1237 / JCM 9322 / NBRC 103400 / NCIMB 10682 / NRRL B-4536 / VPI 7372) (Clostridium thermocellum),,,,,,,,,,,,,MKKRLLVSFLVLSIIVGLLSFQSLGNYNSGLKIGAWVGTQPSESAIKSFQELQGRKLDIVHQFINWSTDFSWVRPYADAVYNNGSILMITWEPWEYNTVDIKNGKADAYITRMAQDMKAYGKEIWLRPLHEANGDWYPWAIGYSSRVNTNETYIAAFRHIVDIFRANGATNVKWVFNVNCDNVGNGTSYLGHYPGDNYVDYTSIDGYNWGTTQSWGSQWQSFDQVFSRAYQALASINKPIIIAEFASAEIGGNKARWITEAYNSIRTSYNKVIAAVWFHENKETDWRINSSPEALAAYREAIGAGSSNPTPTPTWTSTPPSSSPKAVDPFEMVRKMGMGTNLGNTLEAPYEGSWSKSAMEYYFDDFKAAGYKNVRIPVRWDNHTMRTYPYTIDKAFLDRVEQVVDWSLSRGFVTIINSHHDDWIKEDYNGNIERFEKIWEQIAERFKNKSENLLFEIMNEPFGNITDEQIDDMNSRILKIIRKTNPTRIVIIGGGYWNSYNTLVNIKIPDDPYLIGTFHYYDPYEFTHKWRGTWGTQEDMDTVVRVFDFVKSWSDRNNIPVYFGEFAVMAYADRTSRVKWYDFISDAALERGFACSVWDNGVFGSLDNDMAIYNRDTRTFDTEILNALFNPGTYPSYSPKPSPTPRPTKPPVTPAVGEKMLDDFEGVLNWGSYSGEGAKVSTKIVSGKTGNGMEVSYTGTTDGYWGTVYSLPDGDWSKWLKISFDIKSVDGSANEIRFMIAEKSINGVGDGEHWVYSITPDSSWKTIEIPFSSFRRRLDYQPPGQDMSGTLDLDNIDSIHFMYANNKSGKFVVDNIKLIGATSDPTPSIKHGDLNFDNAVNSTDLLMLKRYILKSLELGTSEQEEKFKKAADLNRDNKVDSTDLTILKRYLLKAISEIPI,Cellulase,3.2.1.4,OED,,50.0,5.0,P16218
P17901,,,,cellulose,Ruminiclostridium cellulolyticum (strain ATCC 35319 / DSM 5812 / JCM 6584 / H10) (Clostridium cellulolyticum),,,,,,,,,,,,,MKKTTAFLLCFLMIFTALLPMQNANAYDASLIPNLQIPQKNIPNNDGMNFVKGLRLGWNLGNTFDAFNGTNITNELDYETSWSGIKTTKQMIDAIKQKGFNTVRIPVSWHPHVSGSDYKISDVWMNRVQEVVNYCIDNKMYVILNTHHDVDKVKGYFPSSQYMASSKKYITSVWAQIAARFANYDEHLIFEGMNEPRLVGHANEWWPELTNSDVVDSINCINQLNQDFVNTVRATGGKNASRYLMCPGYVASPDGATNDYFRMPNDISGNNNKIIVSVHAYCPWNFAGLAMADGGTNAWNINDSKDQSEVTWFMDNIYNKYTSRGIPVIIGECGAVDKNNLKTRVEYMSYYVAQAKARGILCILWDNNNFSGTGELFGFFDRRSCQFKFPEIIDGMVKYAFEAKTDPDPVIVYGDYNNDGNVDALDFAGLKKYIMAADHAYVKNLDVNLDNEVNAFDLAILKKYLLGMVSKLPSN,Cellulase,3.2.1.4,OED,,50.0,5.0,P17901
P18126,,,,cellulose,Cellvibrio japonicus (strain Ueda107) (Pseudomonas fluorescens subsp. cellulosa),,,,,,,,,,,,,MNLLSGWVRPLMLGCGLLGAALSAGSIQAAVCEYRVTNEWGSGFTASIRITNNGSSTINGWSVSWNYTDGSRVTSSWNAGLSGANPYSATPVGWNTSIPIGSSVEFGVQGNNGSSRAQVPAVTGAICGGQGSSAPSSVASSSSSSSVVSSTPRSSSSSVSSSVPGTSSSSSSSVLTGAQACNWYGTLTPLCNNTSNGWGYEDGRSCVARTTCSAQPAPYGIVSTSSSTPLSSSSSSRSSVASSSSLSSATSSSASSVSSVPPIDGGCNGYATRYWDCCKPHCGWSANVPSLVSPLQSCSANNTRLSDVSVGSSCDGGGGYMCWDKIPFAVSPTLAYGYAATSSGDVCGRCYQLQFTGSSYNAPGDPGSAALAGKTMIVQATNIGYDVSGGQFDILVPGGGVGAFNACSAQWGVSNAELGAQYGGFLAACKQQLGYNASLSQYKSCVLNRCDSVFGSRGLTQLQQGCTWFAEWFEAADNPSLKYKEVPCPAELTTRSGMNRSILNDIRNTCP,Cellulase,3.2.1.4,OED,,50.0,5.0,P18126
P22533,,,,cellulose,Caldicellulosiruptor saccharolyticus (Caldocellum saccharolyticum),,,,,,,,,,,,,MRLKTKIRKKWLSVLCTVVFLLNILFIANVTILPKVGAATSNDGVVKIDTSTLIGTNHAHCWYRDRLDTALRGIRSWGMNSVRVVLSNGYRWTKIPASEVANIISLSRSLGFKAIILEVHDTTGYGEDGAACSLAQAVEYWKEIKSVLDGNEDFVIINIGNEPYGNNNYQNWVNDTKNAIKALRDAGFKHTIMVDAPNWGQDWSNTMRDNAQSIMEADPLRNLVFSIHMYGVYNTASKVEEYIKSFVDKGLPLVIGEFGHQHTDGDPDEEAIVRYAKQYKIGLFSWSWCGNSSYVGYLDMVNNWDPNNPTPWGQWYKTNAIGTSSTPTPTSTVTPTPTPTPTPTPTVTATPTPTPTPVSTPATSGQIKVLYANKETNSTTNTIRPWLKVVNSGSSSIDLSRVTIRYWYTVDGERAQSAISDWAQIGASNVTFKFVKLSSSVSGADYYLEIGFKSGAGQLQPGKDTGEIQMRFNKDDWSNYNQGNDWSWIQSMTSYGENEKVTAYIDGVLVWGQEPSGATPAPAPTATPTPTPTVTPTPTVTPTPTVTATPTPTPTPTPTPVSTPATGGQIKVLYANKETNSTTNTIRPWLKVVNSGSSSIDLSRVTIRYWYTVDGERAQSAISDWAQIGASNVTFKFVKLSSSVSGADYYLEIGFKSGAGQLQPGKDTGEIQIRFNKSDWSNYNQGNDWSWIQSMTSYGENEKVTAYIDGVLVWGQEPSGTTPSPTSTPTVTVTPTPTPTPTPTPTPTVTPTPTVTPTPTVTATPTPTPTPIPTVTPLPTISPSPSVVEITINTNAGRTQISPYIYGANQDIEGVVHSARRLGGNRLTGYNWENNFSNAGNDWYHSSDDYLCWSMGISGEDAKVPAAVVSKFHEYSLKNNAYSAVTLQMAGYVSKDNYGTVSENETAPSNRWAEVKFKKDAPLSLNPDLNDNFVYMDEFINYLINKYGMASSPTGIKGYILDNEPDLWASTHPRIHPNKVTCKELIEKSVELAKVIKTLDPSAEVFGYASYGFMGYYSLQDAPDWNQVKGEHRWFISWYLEQMKKASDSFGKRLLDVLDLHWYPEARGGNIRVCFDGENDTSKEVVIARMQAPRTLWDPTYKTSVKGQITAGENSWINQWFSDYLPIIPNVKADIEKYYPGTKLAISEFDYGGRNHISGGIALADVLGIFGKYGVNFAARWGDSGSYAAAAYNIYLNYDGKGSKYGNTNVSANTSDVENMPVYASINGQDDSELHIILINRNYDQKLQVKINITSTPKYTKAEIYGFDSNSPEYKKMGNIDNIESNVFTLEVPKFNGVSHSITLDFNVSIKIIQNEVIKFIRNLVFMRALV,Cellulase,3.2.1.4,OED,,50.0,5.0,P22533
P22534,,,,cellulose,Caldicellulosiruptor saccharolyticus (Caldocellum saccharolyticum),,,,,,,,,,,,,MVVTFLFILGVVYGVKPWQEARAGSFNYGEALQKAIMFYEFQMSGKLPNWVRNNWRGDSALKDGQDNGLDLTGGWFDAGDHVKFNLPMSYTGTMLSWAAYEYKDAFVKSGQLEHILNQIEWVNDYFVKCHPSKYVYYYQVGDGGKDHAWWGPAEVMQMERPSFKVTQSSPGSAVVAETAASLAAASIVLKDRNPTKAATYLQHAKDLYEFAEVTKSDSGYTAANGYYNSWSGFYDELSWAAVWLYLATNDSTYLTKAESYVQNWPKISGSNIIDYKWAHCWDDVHNGAALLLAKITDKDTYKQIIESHLDYWTTGYNGERIKYTPKGLAWLDQWGSLRYATTTAFLAFVYSDWSGCPTGKKETYRKFGESQIDYALGSTGRSFVVGFGTNPPKRPHHRTAHSSWADSQSIPSYHRHTLYGALVGGPGSDDSYTDDISNYVNNEVACDYNAGFVGALAKMYLLYGGNPIPDFKAIETPTNDEFFVEAGINASGTNFIEIKAIVNNQSGWPARATNKLKFRYFVDLSELIKAGYSPNQLTLSTNYNQGAKVSGPYVWDSSRNIYYILVDFTGTLIYPGGQDKYKKEVQFRIAAPQNVQWDNSNDYSFQDIKGVSSGSVVKTKYIPLYDEDIKVWGEEPGTSGVSPTPTASVTPTPTPTPTATPTPTPTPTVTPTPTVTATPTPTPTPTSTPTVTPTPTPVSTPATSGQIKVLYANKETNSTTNTIRPWLKVVNSGSSSIDLSRVTIRYWYTVDGERAQSAISDWAQIGASNVTFKFVKLSSSVSGADYYLEIGFKSGAGQLQPGKDTGEIQIRFNKDDWSNYNQGNDWSWIQSMTSYGENEKVTAYIDGVLVWGQEPSGTTPAPTSTPTVTVTPTPTPTPTVTPTPTVTATPTPTPTPTSTPVSTPATGGQIKVLYANKETNSTTNTIRPWLKVVNSGSSSIDLSRVTIRYWYTVDGERAQSAISDWAQIGASNVTFKFVKLSSSVSGADYYLEIGFKSGAGQLQPGKDTGEIQIRFNKDDWSNYNQGNDWSWIQSMTSYGENEKVTAYIDGVLVWGQEPSGATPAPTVTPTPTVTPTPTPAPTPTATPTPTPTPTVTPTPTVAPTPTPSSTPSGLGKYGQRFMWLWNKIHDPASGYFNQDGIPYHSVETLICEAPDYGHLTTSEAFSYYVWLEAVYGKLTGDWSKFKTAWDTLEKYMIPSAEDQPMRSYDPNKPATYAGEWETPDKYPSPLEFNVPVGKDPLHNELVSTYGSTLMYGMHWLMDVDNWYGYGKRGDGVSRASFINTFQRGPEESVWETVPHPSWEEFKWGGPNGFLDLFIKDQNYSKQWRYTNAPDADARAIQATYWAKVWAKEQGKFNEISSYVGKAAKMGDYLRYAMFDKYFKPLGCQDKNAAGGTGYDSAHYLLSWYYAWGGALDGAWSWKIGCSHAHFGYQNPMAAWALANDSDMKPKSPNGASDWAKSLKRQIEFYRWLQSAEGAIAGGATNSWNGRYEKYPAGTATFYGMAYEPNPVYRDPGSNTWFGFQAWSMQRVAEYYYVTGDKDAGTLLEKWVSWIKSVVKLNSDGTFAIPSTLDWSGQPDTWNGTYTGNPNLHVKVVDYGTDLGITASLANALLYYSAGTKKYGVFDEEAKNLAKELLDRMWKLYRDEKGLSAPEKRADYKRFFEQEVYIPAGWTGKMPNGDVIKSGVKFIDIRSKYKQDPDWPKLEAAYKSGQVPEFRYHRFWAQCDIAIVNATYEILFGNQ,Cellulase,3.2.1.4,OED,,50.0,5.0,P22534
P22699,,,,cellulose,Dictyostelium discoideum (Social amoeba),,,,,,,,,,,,,MKILKNCILLIIFGLLSTQLINADTDYCSLLENALMFYKMNRAGRLPDNDIPWRGNSALNDASPNSAKDANGDGNLSGGYFDAGDGVKFGLPMAYSMTMLGWSFIEYESNIAQCGLTSLYLDTIKYGTDWLIAAHTADNEFAGQVGDGNVDHSWWGPPEDMTMARPTYMLTTEAPGTEIAMEAASALAAASIAFKSSNPTYAATCLAHAKTLHNFGYTYRGVYSDSITNAQAFYNSWSGYKDDLVWGSIWLYKATQDSDYLTKAVADYASGGVGGMAQGNSHDWDNKAPGCCLLLSKLVPTTSTYKTDFEGWLNYWLPGGGVTYTPGGLAWIRQWGPARYAATAAFLGSLAGTEKGTDFTQKQVDYLIGNNPNQQSFVVGMGPNYPINPHHRAAHHSTTNDINNPVNNLYLLKGALVGGPGSNDEYTDDRTDYISNEVATDYNAGFVGALASLVNPSSTSVPTTTPTVTETPTETPTETPTETPTETPTETPTETPTETPTETPTETPTETPTETPTETPTETPTETPTETPTETPTETVTPTPTVTPTETPSSGESLSIYKSGLKNDFQDWSWGEHSLTDTTNVESGETNSISFTPKAYGAVFLGCFECIDTDTYNNIEFDINGGSSGAQLLRITVVKNSKSVGSKLITDLNGGTPIEANSWTKIKASFIDDFKVSGKVDGIWIQDIKGDTQSTVYISNIIATA,Cellulase,3.2.1.4,OED,,50.0,5.0,P22699
P23665,,,,cellulose,Fibrobacter succinogenes (Bacteroides succinogenes),,,,,,,,,,,,,MNCRKYLLSGLAVFGLAATSAVAALSTDDYVEAAWMTTRFFGAQRSGQGPNWILDGTSNPTSFTKDSYNGKDVSGGWFDCGDHVMYGQSQGYASYVLALAYAEFTEVSTTFILVTTPTTRKPTTTPMKSGKPNKVRDLLEELRYEADFWVKAAIDGNNFVTVKGDGNADHQKWVTAGAMSKLGSGEGGEPRCITGNANDGFTSGLAAAMLAVMARVDPDTANQAKYLKAAKTAYSYAKSHKGVTNSQGFYESSWWDGRWEDGPFLAELELYRTTGENSYKTAAIDRYDNLKFSLGEGTHFMYSNVVPLSAVMAEAVFEETPHGMRKEAIGVLDLIYEEKAKDKIFQNPNGMGSGKFPVRVPSGGAFLYALSDKFNNTNEHMEMIEKNVSYLLGDNGSKKSYVVGFSKNGANAPSRPHHRGYYANEKRWRRSRRCSESSRKEQALGRYDCWRLY,Cellulase,3.2.1.4,OED,,50.0,5.0,P23665
P26222,,,,cellulose,Thermobifida fusca (Thermomonospora fusca),,,,,,,,,,,,,MSPRPLRALLGAAAAALVSAAALAFPSQAAANDSPFYVNPNMSSAEWVRNNPNDPRTPVIRDRIASVPQGTWFAHHNPGQITGQVDALMSAAQAAGKIPILVVYNAPGRDCGNHSSGGAPSHSAYRSWIDEFAAGLKNRPAYIIVEPDLISLMSSCMQHVQQEVLETMAYAGKALKAGSSQARIYFDAGHSAWHSPAQMASWLQQADISNSAHGIATNTSNYRWTADEVAYAKAVLSAIGNPSLRAVIDTSRNGNGPAGNEWCDPSGRAIGTPSTTNTGDPMIDAFLWIKLPGEADGCIAGAGQFVPQAAYEMAIAAGGTNPNPNPNPTPTPTPTPTPPPGSSGACTATYTIANEWNDGFQATVTVTANQNITGWTVTWTFTDGQTITNAWNADVSTSGSSVTARNVGHNGTLSQGASTEFGFVGSKGNSNSVPTLTCAAS,Cellulase,3.2.1.4,OED,,50.0,5.0,P26222
P28621,,,,cellulose,Clostridium cellulovorans (strain ATCC 35296 / DSM 3052 / OCM 3 / 743B),,,,,,,,,,,,,MNKRLSRGKISLLASVFVTTTFMGGVNVLASTAKTGIRDITSQQVVKEMKVGWNLGNTMDATGGETNWGNPLTTHAMIDKVKAAGFNTLRLPITWDGHIGAAPDYAIDATWMNRVEEIANYAFDNNMYVIINLHHEDGWLKPYYANEAEVKAKITKVWTQIANRFKDYGDYLIFETMNEPRPVGAADEWSGGSYENRDMVNRYNLTAVNTIRATGGNNALRHIMVPTLAAAALSTTMNDYIVPNNDSRVIVSLHMYSPYFFSADLTSQWTTATWGSDADKAALSADFDAVYNKFVKNGRAVVIGEMGTINKNNLDSRVKHAEYYAKEATVRGITPIWWDNGYCVAGKEQTFGIFNRKNLTWCCPEVMQAFIRGAGATQTQTSYSLGDVNKDGKVNAIDYAVLKSILLGTNTNVDLSVSDMNKDGKVNALDLAVLKKMLLS,Cellulase,3.2.1.4,OED,,50.0,5.0,P28621
P28623,,,,cellulose,Clostridium cellulovorans (strain ATCC 35296 / DSM 3052 / OCM 3 / 743B),,,,,,,,,,,,,MIKHLLSRGKLLLFVSVMATSSIIAGGNAYGSTAFTGVRDVPAQQIVNEMKVGWNLGNTMDAIGGETNWGNPMTTHAMINKIKEAGFNTLRLPVTWDGHMGAAPEYTIDQTWMKRVEEIANYAFDNDMYVIINLHHENEWLKPFYANEAQVKAQLTKVWTQIANNFKKYGDHLIFETMNEPRPVGASNEWTGGSYENREVVNRYNLTAVNAIRATGGNNATRYIMVPTLAASAMSTTINDLVIPNNDSKVIVSLHMYSPYFFAMDINGTSSWGSDYDKSSLDSEFDAVYNKFVKNGRAVVIGEMGSINKNNTAARVTHAEYYAKSAKARGLTPIWWDNGYSVAGKAETFGIFNRSNLTWDAPEVMKAFIKGIGGSSTTTPTTPTTPTTPTTPTTPTTPTTPTTPTTPQSAVEVTYAITNSWGSGASVNVTIKNNGTTPINGWTLKWTMPINQTITNMWSASFVASGTTLSVTNAGYNGTIAANGGTQSFGFNINYSGVLSKPTGFTVNGTECTVK,Cellulase,3.2.1.4,OED,,50.0,5.0,P28623
P37651,,,,cellulose,Escherichia coli (strain K12),,,,,,,,,,,,,MNVLRSGIVTMLLLAAFSVQAACTWPAWEQFKKDYISQEGRVIDPSDARKITTSEGQSYGMFSALAANDRAAFDNILDWTQNNLAQGSLKERLPAWLWGKKENSKWEVLDSNSASDGDVWMAWSLLEAGRLWKEQRYTDIGSALLKRIAREEVVTVPGLGSMLLPGKVGFAEDNSWRFNPSYLPPTLAQYFTRFGAPWTTLRETNQRLLLETAPKGFSPDWVRYEKDKGWQLKAEKTLISSYDAIRVYMWVGMMPDSDPQKARMLNRFKPMATFTEKNGYPPEKVDVATGKAQGKGPVGFSAAMLPFLQNRDAQAVQRQRVADNFPGSDAYYNYVLTLFGQGWDQHRFRFSTKGELLPDWGQECANSH,Cellulase,3.2.1.4,OED,,50.0,5.0,P37651
P37699,,,,cellulose,Ruminiclostridium cellulolyticum (strain ATCC 35319 / DSM 5812 / JCM 6584 / H10) (Clostridium cellulolyticum),,,,,,,,,,,,,MIKGSSLKRFKSLVMAAIFSVSIISTAIASSAADQIPFPYDAKYPNGAYSCLADSQSIGNNLVRSEWEQWKSAHITSNGARGYKRVQRDASTNYDTVSEGLGYGLLLSVYFGEQQLFDDLYRYVKVFLNSNGLMSWRIDSSGNIMGKDSIGAATDADEDIAVSLVFAHKKWGTSGGFNYQTEAKNYINNIYNKMVEPGTYVIKAGDTWGGSNVTNPSYFAPAWYRIFADFTGNSGWINVANKCYEIADKARNSNTGLVPDWCTANGTPASGQGFDFYYDAIRYQWRAAIDYSWYGTAKAKTHCDAISNFFKNIGYANIKDGYTISGSQISSNHTATFVSCAAAAAMTGTDTTYAKNIYNECVKVKDSGNYTYFGNTLRMMVLLYTTGNFPNLYTYNSQPKPDLKGDVNNDGAIDALDIAALKKAILTQTTSNISLTNADMNNDGNIDAIDFAQLKVKLLN,Cellulase,3.2.1.4,OED,,50.0,5.0,P37699
P46237,,,,cellulose,Fusarium oxysporum (Fusarium vascular wilt),,,,,,,,,,,,,MKSLSLILSALAVQVAVAQTPDKAKEQHPKLETYRCTKASGCKKQTNYIVADAGIHGIRQKNGAGCGDWGQKPNATACPDEASCAKNCILSGMDSNAYKNAGITTSGNKLRLQQLINNQLVSPRVYLLEENKKKYEMLHLTGTEFSFDVEMEKLPCGMNGALYLSEMPQDGGKSTSRNSKAGAYYGAGYCDAQCYVTPFINGVGNIKGQGVCCNELDIWEANSRATHIAPHPCSKPGLYGCTGDECGSSGICDKAGCGWNHNRINVTDFYGRGKQYKVDSTRKFTVTSQFVANKQGDLIELHRHYIQDNKVIESAVVNISGPPKINFINDKYCAATGANEYMRLGGTKQMGDAMSRGMVLAMSVWWSEGDFMAWLDQGVAGPCDATEGDPKNIVKVQPNPEVTFSNIRIGEIGSTSSVKAPAYPGPHRL,Cellulase,3.2.1.4,OED,,50.0,5.0,P46237
P54583,,,,cellulose,Acidothermus cellulolyticus (strain ATCC 43068 / DSM 8971 / 11B),,,,,,,,,,,,,MPRALRRVPGSRVMLRVGVVVAVLALVAALANLAVPRPARAAGGGYWHTSGREILDANNVPVRIAGINWFGFETCNYVVHGLWSRDYRSMLDQIKSLGYNTIRLPYSDDILKPGTMPNSINFYQMNQDLQGLTSLQVMDKIVAYAGQIGLRIILDRHRPDCSGQSALWYTSSVSEATWISDLQALAQRYKGNPTVVGFDLHNEPHDPACWGCGDPSIDWRLAAERAGNAVLSVNPNLLIFVEGVQSYNGDSYWWGGNLQGAGQYPVVLNVPNRLVYSAHDYATSVYPQTWFSDPTFPNNMPGIWNKNWGYLFNQNIAPVWLGEFGTTLQSTTDQTWLKTLVQYLRPTAQYGADSFQWTFWSWNPDSGDTGGILKDDWQTVDTVKDGYLAPIKSSIFDPVGASASPSSQPSPSVSPSPSPSPSASRTPTPTPTPTASPTPTLTPTATPTPTASPTPSPTAASGARCTASYQVNSDWGNGFTVTVAVTNSGSVATKTWTVSWTFGGNQTITNSWNAAVTQNGQSVTARNMSYNNVIQPGQNTTFGFQASYTGSNAAPTVACAAS,Cellulase,3.2.1.4,OED,,50.0,5.0,P54583
P54937,,,,cellulose,Clostridium longisporum,,,,,,,,,,,,,MKRSLLKTCSIIAGATIIFSSLSISRNPLEVQAASMRSASEIVQEMGVGWNLGNTLDAKITNLSYNTSPISFETGWGNPVTTKAMIDKIKNAGFKTIRIPTTWGEHLDGNNKLNEEWVKRVKEVVDYCIADDLYVILNTHHEGNWVIPTYAKESSVTPKLKTLWTQISEAFKDYDDHLIFETLNEPRLEGTPYEWTGGTSESRDVVNKYNAAALESIRKTGGNNLSRAVMMPTYAASGSSTTMNDFKVPDDKNVIASVHAYSPYFFAMDTSSNSVNTWGSSYDKYSLDVELDSYLNTFKSKGVPVVIGEFGSINKNNTSSRAELAEYYVTAAQKRGIPCVWWDNNYAETNKGETFGLLNRSTLNWYFSDIKDALIRGYKNVHPEATEDDKPSTDVTNPDSGNTKPDSGNTNPGTETTTPTDNEKISITSKINDWGGAYQADFTLKNNTSSDINNWSFKIKKNDIVFTNYWDVKITEENGYYVVTPQAWKTTILANSSIVISIQGTGKVISNFEYKFD,Cellulase,3.2.1.4,OED,,50.0,5.0,P54937
P56680,,,,cellulose,Humicola insolens (Soft-rot fungus),,,,,,,,,,,,,QKPGETKEVHPQLTTFRCTKRGGCKPATNFIVLDSLSHPIHRAEGLGPGGCGDWGNPPPKDVCPDVESCAKNCIMEGIPDYSQYGVTTNGTSLRLQHILPDGRVPSPRVYLLDKTKRRYEMLHLTGFEFTFDVDATKLPCGMNSALYLSEMHPTGAKSKYNPGGAYYGTGYCDAQCFVTPFINGLGNIEGKGSCCNEMDIWEANSRASHVAPHTCNKKGLYLCEGEECAFEGVCDKNGCGWNNYRVNVTDYYGRGEEFKVNTLKPFTVVTQFLANRRGKLEKIHRFYVQDGKVIESFYTNKEGVPYTNMIDDEFCEATGSRKYMELGATQGMGEALTRGMVLAMSIWWDQGGNMEWLDHGEAGPCAKGEGAPSNIVQVEPFPEVTYTNLRWGEIGSTYQELQ,Cellulase,3.2.1.4,OED,,50.0,5.0,P56680
P82186,,,,cellulose,Mytilus edulis (Blue mussel),,,,,,,,,,,,,NQKCSGNPRRYNGKSCASTTNYHDSHKGACGCGPASGDAQFGWNAGSFVAAASQMYFDSGNKGWCGQHCGQCIKLTTTGGYVPGQGGPVREGLSKTFMITNLCPNIYPNQDWCNQGSQYGGHNKYGYELHLDLENGRSQVTGMGWNNPETTWEVVNCDSEHNHDHRTPSNSMYGQCQCAHQ,Cellulase,3.2.1.4,OED,,50.0,5.0,P82186
P84195,,,,cellulose,Gloeophyllum trabeum (Brown rot fungus) (Agaricus trabeus),,,,,,,,,,,,,LYMGTATDNGATAMLNLVESLKYSWVPSTFSGQGAATPYDSNLVK,Cellulase,3.2.1.4,OED,,50.0,5.0,P84195
Q02934,,,,cellulose,Acetivibrio thermocellus (strain ATCC 27405 / DSM 1237 / JCM 9322 / NBRC 103400 / NCIMB 10682 / NRRL B-4536 / VPI 7372) (Clostridium thermocellum),,,,,,,,,,,,,MRLVNSLGRRKILLILAVIVAFSTVLLFAKLWGRKTSSTLDEVGSKTHGDLTAENKNGGYLPEEEIPDQPPATGAFNYGEALQKAIFFYECQRSGKLDPSTLRLNWRGDSGLDDGKDAGIDLTGGWYDAGDHVKFNLPMSYSAAMLGWAVYEYEDAFKQSGQYNHILNNIKWACDYFIKCHPEKDVYYYQVGDGHADHAWWGPAEVMPMERPSYKVDRSSPGSTVVAETSAALAIASIIFKKVDGEYSKECLKHAKELFEFADTTKSDDGYTAANGFYNSWSGFYDELSWAAVWLYLATNDSSYLDKAESYSDKWGYEPQTNIPKYKWAQCWDDVTYGTYLLLARIKNDNGKYKEAIERHLDWWTTGYNGERITYTPKGLAWLDQWGSLRYATTTAFLACVYSDWENGDKEKAKTYLEFARSQADYALGSTGRSFVVGFGENPPKRPHHRTAHGSWADSQMEPPEHRHVLYGALVGGPDSTDNYTDDISNYTCNEVACDYNAGFVGLLAKMYKLYGGSPDPKFNGIEEVPEDEIFVEAGVNASGNNFIEIKAIVNNKSGWPARVCENLSFRYFINIEEIVNAGKSASDLQVSSSYNQGAKLSDVKHYKDNIYYVEVDLSGTKIYPGGQSAYKKEVQFRISAPEGTVFNPENDYSYQGLSAGTVVKSEYIPVYDAGVLVFGREPGSASKSTSKDNGLSKATPTVKTESQPTAKHTQNPASDFKTPANQNSVKKDQGIKGEVVLQYANGNAGATSNSINPRFKIINNGTKAINLSDVKIRYYYTKEGGASQNFWCDWSSAGNSNVTGNFFNLSSPKEGADTCLEVGFGSGAGTLDPGGSVEVQIRFSKEDWSNYNQSNDYSFNPSASDYTDWNRVTLYISNKLVYGKEP,Cellulase,3.2.1.4,OED,,50.0,5.0,Q02934
Q12714,,,,cellulose,Trichoderma longibrachiatum,,,,,,,,,,,,,MAPSATLPLTTAILAIGRLVAAQQPGTSTPEVHPKLTTYKCTTSGGCVAQDTSVVLDWNYRWMHDANYNSCTVNGGVNTTLCPDEATCGKNCYIEGVDYAASGVTASGSTLTLNQYMPSSSGGYSSVSPRLYLLGPDGEYVMLKLNGQELSFDVDLSALPCGENGSLYLSQMDENGGANQYNTAGANYGSGYCDAQCPVQTWRNGTLNTSGQGFCCNEMDILEGNSRANALTPHSCTATACDSAGCGFNPYGSGYPNYFGPGDTVDTSKTFTIITQFNTDNGSPSGNLVSITRKYRQNGVDIPSAKPGGDTISSCPSASAYGGLATMGKALSSGMVLVFSIWNDNSQYMNWLDSGRAGPCSSTEGNPSNILANNPGTHVVYSNIRWGDIGSTTNSTGGNPPPPPPPASSTTFSTTRRSSTTSSSPSCTQTHWGQCGGIGYTGCKTCTSGTTCQYGNDYYSQCL,Cellulase,3.2.1.4,OED,,50.0,5.0,Q12714
Q1HFS8,,,,cellulose,Emericella nidulans (strain FGSC A4 / ATCC 38163 / CBS 112.46 / NRRL 194 / M139) (Aspergillus nidulans),,,,,,,,,,,,,MKVNTLLVAVAAGTAMAAPQLKKRAGFTFFGVTEAGAEFGEKSIPGVWGTDYTFPDTESILTLISKGFNTFRIPFLMERLTPEMTGSFDEGYLKNLTSVVNAVTDAGAWAIVDAQNFGRFNGEIISSASDFQTWWKNVAAEFADNKNVIFDTNNEFHDMDQTLVLDLNQAAINGIRAAGATSQYIFVEGNSYTGAWTWTDNNDNLKSLTDPQDKIVYEMHQYLDTDGSGTHETCVSETIGAERVESATQWLKDNGKLGVIGEFAGGNNEICRAAVKSLLDALKENDDVWLGALWWAAGPWWEDYMFSMEPTDGIAYTGMLSTLEAYMN,Cellulase,3.2.1.4,OED,,50.0,5.0,Q1HFS8
Q2V4L8,,,,cellulose,Arabidopsis thaliana (Mouse-ear cress),,,,,,,,,,,,,MASPFFFVFLLSALSLENTYASPNYREALSKSLLFFQGQRSGRLPSDQQLSWRSSSGLSDGSSAHVDLTGGYYDAGDNVKFNFPMAFTTTMLSWSSLEYGKKMGPELQNSRVAIRWATDYLLKCARATPGKLYVGVGDPNGDHKCWERPEDMDTPRTVYSVSPSNPGSDVAAETAAALAASSMVFRKVDPKYSRLLLATAKKVMQFAIQYRGAYSNSLSSSVCPFYCSYSGYKDELLWGAAWLHRATNDPYYTNFIKSLGGGDQPDIFSWDNKYAGAYVLLSRRAVLNKDNNFELYKQAAENFMCKILPNSPSSSTKYTKGGLMYKLPQSNLQYVTSITFLLTTYAKYMKSTKQTFNCGNSLIVPNALINLSKRQVDYVLGVNPMKMSYMVGFSSNFPKRIHHRGSSLPSRAVRSNSLGCNGGFQSFRTQNPNPNILTGAIVGGPNQNDEYPDQRDDYTRSEPATYINAAFVGPLAYFAASRSP,Cellulase,3.2.1.4,OED,,50.0,5.0,Q2V4L8
Q38890,,,,cellulose,Arabidopsis thaliana (Mouse-ear cress),,,,,,,,,,,,,MYGRDPWGGPLEINTADSATDDDRSRNLNDLDRAALSRPLDETQQSWLLGPTEQKKKKYVDLGCIIVSRKIFVWTVGTLVAAALLAGFITLIVKTVPRHHPKTPPPDNYTIALHKALKFFNAQKSGKLPKHNNVSWRGNSGLQDGKGETGSFYKDLVGGYYDAGDAIKFNFPMAYAMTMLSWSVIEYSAKYEAAGELTHVKELIKWGTDYFLKTFNSTADSIDDLVSQVGSGNTDDGNTDPNDHYCWMRPEDMDYKRPVTTCNGGCSDLAAEMAAALASASIVFKDNKEYSKKLVHGAKVVYQFGRTRRGRYSAGTAESSKFYNSSMYWDEFIWGGAWMYYATGNVTYLNLITQPTMAKHAGAFWGGPYYGVFSWDNKLAGAQLLLSRLRLFLSPGYPYEEILRTFHNQTSIVMCSYLPIFNKFNRTNGGLIELNHGAPQPLQYSVNAAFLATLYSDYLDAADTPGWYCGPNFYSTSVLRDFARSQIDYILGKNPRKMSYVVGFGTKYPRHVHHRGASIPKNKVKYNCKGGWKWRDSKKPNPNTIEGAMVAGPDKRDGYRDVRMNYNYTEPTLAGNAGLVAALVALSGEEEATGKIDKNTIFSAVPPLFPTPPPPPAPWKP,Cellulase,3.2.1.4,OED,,50.0,5.0,Q38890
Q47096,,,,cellulose,Pectobacterium carotovorum subsp. carotovorum (Erwinia carotovora subsp. carotovora),,,,,,,,,,,,,MWMRRNQIVRKLTLGVVTTVLGMSLSFSALSATPVETHGQLSIENGRLVDEQGKRVQLRGISSHGLQWFGDYVNKDSMKWLRDDWGINVFRVAMYTAADGYISNPSLANKVKEAVAAAQSLGVYIIIDWHILSDNDPNIYKAQAKTFFAEMAGLYGSSPNVIYEIANEPNGGVTWNGQIRPYALEVTDTIRSKDPDNLIIVGTGTWSQDIHDAADNQLPDPNTMYALHFYAGTHGQFLRDRIDYAQSRGAAIFVSEWGTSDASGNGGPFLPESQTWIDFLNNRGVSWVNWSLTDKSEASAALAPGASKSGGWTEQNLSTSGKFVREQIRAGANLGGGDTPTTPTEPTNPGNGTTGDVVLQYRNVDNNPSDDAIRMAVNIKNTGSTPIKLSDLQVRYYFHDDGKPGANLFVDWANVGPNNIVTSTGTPAASTDKANRYVLVTFSSGAGSLQPGAETGEVQVRIHAGDWSNVNETNDYSYGANVTSYANWDKITVHDKGTLVWGVEP,Cellulase,3.2.1.4,OED,,50.0,5.0,Q47096
Q5B6H0,,,,cellulose,Emericella nidulans (strain FGSC A4 / ATCC 38163 / CBS 112.46 / NRRL 194 / M139) (Aspergillus nidulans),,,,,,,,,,,,,MAMSKIATLAGLLASAGLVAGHGYVTKMTIDGEEYGGWLADSYYYMDSPPDNYGWSTTVTDNGFVSPDAFGTDDITCHRGATPGALSAPVTAGSKIDITWNTWPESHKDNQGPIINYLAKCNGDCSSADKTSLEFVKIQAEAIVDASTNTWVTDELIENSFTTSVTIPASIAPGNYVLRHEIIALHSAGQQNGAQAYPQCLNLVVSGSGTDNPSGTPGTQLYSANDEGIVFDIYSNPTSYPMPGPELYSG,Cellulase,3.2.1.4,OED,,50.0,5.0,Q5B6H0
Q5B7R2,,,,cellulose,Emericella nidulans (strain FGSC A4 / ATCC 38163 / CBS 112.46 / NRRL 194 / M139) (Aspergillus nidulans),,,,,,,,,,,,,MALLLSLSLLATTISAQQIGTPEIRPRLTTYHCTSANGCTEQNTSVVLDAATHPIHDASNPSVSCTTSNGLNPALCPDKQTCADNCVIDGITDYAAHGVETHGSRLTLTQYRNVNGALSSVSPRVYLVDESDPDEQEYRALSLLAQEFTFTVNVSALPCGMNGALYLSEMSPSGGRSALNPAGASYGTGYCDAQCYVNPWINGEGNINGYGACCNEMDIWEANSRSTGFTPHACLYEPEETEGRGVYECASEDECDSAGENDGICDKWGCGFNPYALGNTEYYGRGQGFEVDTKEPFTVVTQFLTDDGTSTGALTEIRRLYIQNGQVIENAVVSSGADSLTDSLCASTASWFDSYGGMEGMGRALGRGMVLAMSIWNDAGGYMQWLDGGDAGPCNATEGAPEFIEEHTPWTRVVFEDLKWGDIGSTFQAS,Cellulase,3.2.1.4,OED,,50.0,5.0,Q5B7R2
Q5BDU5,,,,cellulose,Emericella nidulans (strain FGSC A4 / ATCC 38163 / CBS 112.46 / NRRL 194 / M139) (Aspergillus nidulans),,,,,,,,,,,,,MRSLVLLSSVLALVAPSKGAFTWLGTNEAGAEFGEGSYPGELGTEYIWPDLGTIGTLRNEGMNIFRVAFSMERLVPDSLAGPVADEYFQDLVETVNGITALGAYAVLDPHNYGRYYGNIITSTDDFAAFWTILATEFASNELVIFDTNNEYHTMDQSLVLNLNQAAIDAIRASGATSQYIFAEGNSWTGAWTWVDVNDNMKALTDPQDKLIYEMHQYLDSDGSGTNTACVSSTIGSERVTAATNWLRENGKLGVLGEFAGANNQVCKDAVADLLEYLEENSDVWLGALWWAAGPWWGDYMFNMEPTSGIAYQEYSEILQPYFVGSQ,Cellulase,3.2.1.4,OED,,50.0,5.0,Q5BDU5
Q5NAT0,,,,cellulose,Oryza sativa subsp. japonica (Rice),,,,,,,,,,,,,MARGGGAAGVSMAHHLGIALVVLVFAAMAQVARGGGGGHDYGMALSKSILYFEAQRSGVLPGSQRIAWRANSGLADGKANGVDLVGGYYDAGDNVKFGLPMAFTVTMMAWSVIEYGEEMAAAGELGHAVEAIKWGTDYFAKAHPEPNVLYAEVGDGDSDHNCWQRPEDMTTSRQAYRLDPQNPGSDLAGETAAAMAAASLVFRSSNPGYADQLLQHSKQLFDFADKYRGRYDNSITVARNYYGSFSGYGDELLWASAWLYQASDDRRYLDYLANNADALGGTGWSINQFGWDVKYPGVQILAAKFLLQGKAGEHAGVLQGYRRKADFFACSCLGKDAADNVGRTPGGMLYHQRWNNIQFVTSASFLLAVYSDHLAGGAVRCSGGGGAVAGAAELLAFAKSQVDYILGSNPRGTSYMVGYGAVYPRQAHHRGSSIASIRASPSFVSCREGYASWYGRRGGNPNLLDGAVVGGPDEHDDFADERNNYEQTEAATYNNAPLMGILARLAAGHGARARGRLGQSLQHGIAANHTSLPHGANHQHASPVEIEQKATASWEKDGRTYHRYAVTVSNRSPAGGKTVEELHIGIGKLYGPVWGLEKAARYGYVLPSWTPSLPAGESAAFVYVHAAPPADVWVTGYKLV,Cellulase,3.2.1.4,OED,,50.0,5.0,Q5NAT0
Q5YLG1,,,,cellulose,Bacillus pumilus (Bacillus mesentericus),,,,,,,,,,,,,MLIFETYLILFKTVQITKRRIERRRLRLLNQCFTKKEGVSNREMASYNYVEVLQKSMLFYEAQRSGRLPESNRLNWRGDSGLKDGKDVGHDLTGGWYDAGDHVKFGLPMAYSAAVLAWTVYEYREAYEEAELLDEILDQIKWATDYFLKAHTGPNEFWAQVGDGNADHAWWGPAEVMPMNRPAFKIDEHCPGTEVAAQTAAALAAGSIIFKETDASYAAKLLTHAKQLYAFADRYRGKYTDCVTNAQPFYNSWSGYVDELIWGGIWLYLATNEETYLNKALKAVEEWPQDWDYTFTMSWDNTFFASQILLARITKENRFIESTERNLDYWTTGLVQNGKVERITYTPGGLAWLDQWGSLRYAANAAFLAFVYADWVSDQEKKNRYQSFAIKQTHYMLGDNPLNRSYVVGFGQNSPKHPHHRTAHGSWSNQLTNPPSHRHTLYGALVGGPNAQDQYDDDISDYISNEVATDYNAAFTGNIAKMVQLFGEGQSKLPNFPPKEQVEDEFFVEAAVMHNDTTSTQVKAVLYNRSGWPARSSQTLSFRYYVNLSEVFAKGFTEKDIQVTAAYNEGASLSPLKVYDASSRVYFAEIDFTGVVISPRGESEHKKEIQFRLSAPNGSNIWDASNDYSYQGLTSNMQKTTKIPVFEDGVLVFGTLPDK,Cellulase,3.2.1.4,OED,,50.0,5.0,Q5YLG1
Q66NB7,,,,cellulose,Phanerodontia chrysosporium (White-rot fungus) (Sporotrichum pruinosum),,,,,,,,,,,,,MLKYASIALALATLGVAQQQQWGQCGGIGWTGATTCVAGSVCSVLNPYYSQCIPGAATVTSSSAPSTPTPPAGALPRLGGVNTAGYDFSVATDGSFTGTGVSPPVSQFSHFSSQGANLYRIPFAWQLMTPTLGGTISQSFLSRYDQTVQAALNSGPNVFVIIDLHNYARWNGGIIAQGGPTDAQFQSIWTQLAQKYGSNQRVIFGIMNEPHDIPSISTWVNSVQGAVNAIRAAGATNYLLLPGSSWSSAQAFPTEAGPLLVKVTDPLGGTSKLIFDVHKYLDSDNSGTHPDCTTDNVQVLQTLVQFLQANGNRQAILSETGGGNTSSCESLLANELAYVKSAYPTLAGFSVWAAGAFDTTYVLTVTPNADGSDQPLWVDAVKPNLP,Cellulase,3.2.1.4,OED,,50.0,5.0,Q66NB7
Q7SIG5,,,,cellulose,Humicola insolens (Soft-rot fungus),,,,,,,,,,,,,QSGNPFSGRTLLVNSDYSSKLDQTRQAFLSRGDQTNAAKVKYVQEKVGTFYWISNIFLLRDIDVAIQNARAAKARGENPIVGLVLYNLPDRDCSAGESSGELKLSQNGLNRYKNEYVNPFAQKLKAASDVQFAVILEPDAIGNMVTGTSAFCRNARGPQQEAIGYAISQLQASHIHLYLDVANGGWLGWADKLEPTAQEVATILQKAGNNAKIRGFSSNVSNYNPYSTSNPPPYTSGSPSPDESRYATNIANAMRQRGLPTQFIIDQSRVALSGARSEWGQWCNVNPAGFGQPFTTNTNNPNVDAIVWVKPGGESDGQCGMGGAPAAGMWFDAYAQMLTQNAHDEIAR,Cellulase,3.2.1.4,OED,,50.0,5.0,Q7SIG5
Q7XTH4,,,,cellulose,Oryza sativa subsp. japonica (Rice),,,,,,,,,,,,,MSPSSSSSSWRALVLVAAAVLSFSGHVVVAAAAAGHPDYADALAKSILFFQGQRSGRLPPDQAVKWRSNSGLSDGSAANVDLTGGYYDGGDNVKFGFPMAFTTTMLSWGVVEYGGRMRGRVLRDARDAVRWAADYLLRAATATPGVLYVGVGDPDADHRCWERPEDMDTPRAVYSVSASSPGSDVAAETAAALAAASLALRAADPGYSRRLLAAARDVMAFAVRHQGKYSDHVGGDVGAYYASYSGYQDELLWGSAWLLWATRNASYLDYLASLGANDGVDMFSWDNKLAGARVLLSRRALVNGDRRLDAFRRLAEDFICRILPGSPSSTTQYTPGGMMYKSGHANLQYVTSASFLLTTFAKYMAVSNHTFSCQSLPVTAKTLRALARKQVDYILGANPQGMSYMVGYGARFPQRIHHRGASMPSVAAYPAHIGCQEGFSGYFNAGGANPNVHTGAVVGGPDQHDAFPDERGDYDRSEPTTYTNAALVGCLAYFAGSYRS,Cellulase,3.2.1.4,OED,,50.0,5.0,Q7XTH4
Q8S8Q4,,,,cellulose,Arabidopsis thaliana (Mouse-ear cress),,,,,,,,,,,,,MSQLKIGSSQCLWTSICIVLFVLSMARGAVSRNYGDALTKSLLYFEAQRSGKLPSNQRVTWRGDSALRDGSDAHVDLTGGYYDAGDNMKFGFPLAFFTTMLAWSNIEMATQLKAHQEQENALAALKWATDFLIKAHPEPNVLYGQVGDGNSDHECWMRPEDMTTPRPSFRIDAQHPGSDLAGETAAAMAAASIAFAPSDEAYAQILIGHAKELFEFAKAYPGIYQNSITNAGGFYASSGYEDELLWAAAWLHRATNDQIYLDYLTQASGTGGPRTAFSWDDKFVGAQVLVAKLALEGKVESNGKIAEYKSMAEQFICNCAQKGSNNVKKTPGGLLYFLPWNNLQYTTAATFVLSAYSKYLTDAKASIQCPNGALQASDLLDLARSQVDYILGSNPQNMSYMVGVGTNYPKKPHHRAASIVSITKDKTPVTCSEGFDAWFNNPAPNPNVLMGAVVGGPNDNDVYGDERTDYQHAEPAPATAAPFVGVLAAVA,Cellulase,3.2.1.4,OED,,50.0,5.0,Q8S8Q4
Q9C9H5,,,,cellulose,Arabidopsis thaliana (Mouse-ear cress),,,,,,,,,,,,,MTSLFFFVLLFSSLLISNGDANPNYKEALSKSLLFFQGQRSGPLPRGQQISWRASSGLSDGSAAHVDLTGGYYDAGDNVKFNLPMAFTTTMLSWSALEYGKRMGPELENARVNIRWATDYLLKCARATPGKLYVGVGDPNVDHKCWERPEDMDTPRTVYSVSASNPGSDVAAETAAALAAASMVFRKVDSKYSRLLLATAKDVMQFAIQYQGAYSDSLSSSVCPFYCSYSGYKDELMWGASWLLRATNNPYYANFIKSLGGGDQPDIFSWDNKYAGAYVLLSRRALLNKDSNFEQYKQAAENFICKILPDSPSSSTQYTQGGLMYKLPQSNLQYVTSITFLLTTYAKYMKATKHTFNCGSSVIVPNALISLSKRQVDYILGDNPIKMSYMVGFSSNFPKRIHHRASSLPSHALRSQSLGCNGGFQSFYTQNPNPNILTGAIVGGPNQNDGYPDQRDDYSHAEPATYINAAFVGPLAYFAAGRST,Cellulase,3.2.1.4,OED,,50.0,5.0,Q9C9H5
Q9CAC1,,,,cellulose,Arabidopsis thaliana (Mouse-ear cress),,,,,,,,,,,,,MARKSLIFPVILLAVLLFSPPIYSAGHDYRDALRKSILFFEGQRSGKLPPDQRLKWRRDSALRDGSSAGVDLSGGYYDAGDNIKFGFPMAFTTTMLSWSIIDFGKTMGPELRNAVKAVKWGTDYLLKATAIPGVVFVQVGDAYSDHNCWERPEDMDTLRTVYKIDRAHPGSDVAGETAAALAAASIVFRKRDPAYSRLLLDRATRVFAFANRYRGAYSNSLYHAVCPFYCDFNGYQDELLWGAAWLHKASRKRAYREFIVKNEVILKAGDTINEFGWDNKHAGINVLISKEVLMGKAEYFESFKQNADGFICSILPGISHPQVQYSRGGLLVKTGGSNMQHVTSLSFLLLAYSNYLSHAKKVVPCGELTASPSLLRQIAKRQVDYILGDNPMGLSYMVGYGQKFPRRIHHRGSSVPSVSAHPSHIGCKEGSRYFLSPNPNPNLLVGAVVGGPNVTDAFPDSRPYFQQSEPTTYINAPLVGLLGYFSAHSTWR,Cellulase,3.2.1.4,OED,,50.0,5.0,Q9CAC1
Q9STW8,,,,cellulose,Arabidopsis thaliana (Mouse-ear cress),,,,,,,,,,,,,MYGRDPWGGPLEINAADSMTDDDRSRNLQDLDRATPSRPLDETQQSWLLGPKVLKKKKYVDLGCILVSRKIFLWTLGTIVVTALLSGFITLIVKTLPHHHHKEPPPDNYTIALRTALKFFNAQQSGKLPKNIYNVSWRHDSCLQDGKGDPGQCYKDLVGGYYDAGDSIKFNFPMSYAMTMLSWSVIEYSAKYQAAGELEHVKELIKWGTDYFLKTFNSSADNIYVMVEQVGSGVSGRGSELHNDHYCWMRPEDIHYKRTVSQCYSSCSDLAAEMAAALASASIVFKDNRLYSKNLVHGAKTLYRFATTSRNRYSQNGKESSKFYNSSMFEDELLWGGAWLYYATGNVTYLERVTSHHMAEKAGAFGNSPYYGVFSWDNKLPGAQLLLTRMRLFLSPGYPYEDMLSEFHNQTGRVMCSYLPYYKKFNRTNGGLIQLNHGAPQPLQYVANAAFLAALFSDYLEAADTPGWYCGPNFYTTEFLRNFSRSQIDYILGKNPRKMSYVVGYGQRYPKQVHHRGASIPKNMKETCTGGFKWKKSKKNNPNAINGAMVAGPDKHDGFHDIRTNYNYTEPTLAGNAGLVAALVALSGEKAVGGIDKNTMFSAVPPLVMATPPPPAPWTP,Cellulase,3.2.1.4,OED,,50.0,5.0,Q9STW8
Q9SVJ4,,,,cellulose,Arabidopsis thaliana (Mouse-ear cress),,,,,,,,,,,,,MKPLVCSFIVILLILLPTTISHDYSDALTKSILFFEGQRSGYLPREQRMTWRHNSALNDGKNLNVDLVGGYYDAGDNIKFHFPMAFTTTMLAWSAIDFGSYMSPADLRDNLVALRWGSNYLLKTVSQLPNRIFVQVGEPTPDHQCWERPEDMDTPRTAYALEAPKPASDLAGEIAAALAAASIAFKRFDPRYSKLLLDNALRTFEYADSHRGSYTNNPETKLAVCPFYCSVNGYEDELLWGAAWLRRATGKDSYIKYLVENRQSFGSDSNYFEFGWDNKVGGVNVLVAKEVFEKNVAAIAPYKDTAEKLMCSFFLETPGAHMSYSPGGLLYKPGSSQLQNTVALSFLLLTYANYLSKSSQQPLQILSTTPLWYLTQRIANIVGFEKVDYILGDNPMKMSYMIGYGNRYPRQIHHRGASSPSITTHPTPVKCSEGWNSFSSPNPDPNVLVGAVIGGPNIDDKFVGGRTNASETEPTTYINAPFVGLLAYFKANPV,Cellulase,3.2.1.4,OED,,50.0,5.0,Q9SVJ4
Q9H227,,,,cellulose,Homo sapiens (Human),,,,,,,,,,,,,MAFPAGFGWAAATAAYQVEGGWDADGKGPCVWDTFTHQGGERVFKNQTGDVACGSYTLWEEDLKCIKQLGLTHYRFSLSWSRLLPDGTTGFINQKGIDYYNKIIDDLLKNGVTPIVTLYHFDLPQTLEDQGGWLSEAIIESFDKYAQFCFSTFGDRVKQWITINEANVLSVMSYDLGMFPPGIPHFGTGGYQAAHNLIKAHARSWHSYDSLFRKKQKGMVSLSLFAVWLEPADPNSVSDQEAAKRAITFHLDLFAKPIFIDGDYPEVVKSQIASMSQKQGYPSSRLPEFTEEEKKMIKGTADFFAVQYYTTRLIKYQENKKGELGILQDAEIEFFPDPSWKNVDWIYVVPWGVCKLLKYIKDTYNNPVIYITENGFPQSDPAPLDDTQRWEYFRQTFQELFKAIQLDKVNLQVYCAWSLLDNFEWNQGYSSRFGLFHVDFEDPARPRVPYTSAKEYAKIIRNNGLEAHL,Beta-glucosidase,3.2.1.21,UniProt_Direct,,50.0,5.0,Q9H227
P37702,,,,cellulose,Arabidopsis thaliana (Mouse-ear cress),,,,,,,,,,,,,MKLLMLAFVFLLALATCKGDEFVCEENEPFTCNQTKLFNSGNFEKGFIFGVASSAYQVEGGRGRGLNVWDSFTHRFPEKGGADLGNGDTTCDSYTLWQKDIDVMDELNSTGYRFSIAWSRLLPKGKRSRGVNPGAIKYYNGLIDGLVAKNMTPFVTLFHWDLPQTLQDEYNGFLNKTIVDDFKDYADLCFELFGDRVKNWITINQLYTVPTRGYALGTDAPGRCSPKIDVRCPGGNSSTEPYIVAHNQLLAHAAAVDVYRTKYKDDQKGMIGPVMITRWFLPFDHSQESKDATERAKIFFHGWFMGPLTEGKYPDIMREYVGDRLPEFSETEAALVKGSYDFLGLNYYVTQYAQNNQTIVPSDVHTALMDSRTTLTSKNATGHAPGPPFNAASYYYPKGIYYVMDYFKTTYGDPLIYVTENGFSTPGDEDFEKATADYKRIDYLCSHLCFLSKVIKEKNVNVKGYFAWSLGDNYEFCNGFTVRFGLSYVDFANITGDRDLKASGKWFQKFINVTDEDSTNQDLLRSSVSSKNRDRKSLADA,Beta-glucosidase,3.2.1.21,UniProt_Direct,,50.0,5.0,P37702
Q9SR37,,,,cellulose,Arabidopsis thaliana (Mouse-ear cress),,,,,,,,,,,,,MVLQKLPLIGLLLLLTIVASPANADGPVCPPSNKLSRASFPEGFLFGTATAAYQVEGAINETCRGPALWDIYCRRYPERCNNDNGDVAVDFFHRYKEDIQLMKNLNTDAFRMSIAWPRIFPHGRKEKGVSQAGVQFYHDLIDELIKNGITPFVTVFHWDTPQDLEDEYGGFLSERIVKDFREYADFVFQEYGGKVKHWITFNEPWVFSHAGYDVGKKAPGRCSSYVNAKCQDGRSGYEAYLVTHNLLISHAEAVEAYRKCEKCKGGKIGIAHSPAWFEAHDLADSQDGASIDRALDFILGWHLDTTTFGDYPQIMKDIVGHRLPKFTTEQKAKLKASTDFVGLNYYTSVFSNHLEKPDPSKPRWMQDSLITWESKNAQNYAIGSKPLTAALNVYSRGFRSLLKYIKDKYANPEIMIMENGYGEELGASDSVAVGTADHNRKYYLQRHLLSMQEAVCIDKVNVTGYFVWSLLDNFEWQDGYKNRFGLYYVDFKNNLTRYEKESGKYYKDFLSQGVRPSALKKDEL,Beta-glucosidase,3.2.1.21,UniProt_Direct,,50.0,5.0,Q9SR37
O64879,,,,cellulose,Arabidopsis thaliana (Mouse-ear cress),,,,,,,,,,,,,MRGNYLSLLVVLIVLASNDVLANNNSSTPKLRRSDFPEDFIFGSATSAYQVEGGAHEDGRGPSIWDTFSEKYPEKIKDGSNGSVADNSYHLYKEDVALLHQIGFNAYRFSISWSRILPRGNLKGGINQAGIDYYNNLINELLSKGIKPFATMFHWDTPQALEDAYGGFRGAEIVNDFRDYADICFKNFGDRVKHWMTLNEPLTVVQQGYVAGVMAPGRCSKFTNPNCTDGNGATEPYIVGHNLILSHGAAVQVYREKYKASQQGQVGIALNAGWNLPYTESPKDRLAAARAMAFTFDYFMEPLVTGKYPVDMVNNVKGRLPIFTAQQSKMLKGSYDFIGINYYSSTYAKDVPCSTKDVTMFSDPCASVTGERDGVPIGPKAASDWLLIYPKGIRDLVLYAKYKFKDPVMYITENGRDEFSTNKIFLKDGDRIDYYARHLEMVQDAISVGANVKGFFAWSLLDNFEWAMGYTVRFGLVYVDFKDGCKRYPKKSAEWFRKLLNEKKND,Beta-glucosidase,3.2.1.21,UniProt_Direct,,50.0,5.0,O64879
Q8GRX1,,,,cellulose,Arabidopsis thaliana (Mouse-ear cress),,,,,,,,,,,,,MAIPKAHYSLAVLVLLFVVVSSSQKVCNPECKAKEPFHCDNTHAFNRTGFPRNFTFGAATSAYQIEGAAHRALNGWDYFTHRYPEKVPDRSSGDLACDSYDLYKDDVKLLKRMNVQAYRLSIAWSRVLPKGRLTGGVDENGITYYNNLINELKANGIEPYVTIFHWDVPQTLEDEYGGFLSTRIVEDYTNYAELLFQRFGDRVKFWITLNQPFSLATKGYGDGSYPPGRCTGCELGGDSGVEPYTVAHNQLLAHAKTVSLYRKRYQKFQGGKIGTTLIGRWFAPLNEFSELDKAAAKRAFDFFVGWFLDPLVYGKYPTIMREMVGDRLPEFTPEQSALVKGSLDFLGLNYYVTQYATDAPPPTQLNAITDARVTLGFYRNGVPIGVVAPSFVYYPPGFRQILNYIKDNYKNPLTYITENGVADLDLGNVTLATALADNGRIQNHCSHLSCLKCAMKDGCNVAGYFAWSLMDNYEFGNGYTLRFGMNWVNFTNPADRKEKASGKWFSKFLAK,Beta-glucosidase,3.2.1.21,UniProt_Direct,,50.0,5.0,Q8GRX1
O64883,,,,cellulose,Arabidopsis thaliana (Mouse-ear cress),,,,,,,,,,,,,MAHLQRTFPTEMSKGRASFPKGFLFGTASSSYQYEGAVNEGARGQSVWDHFSNRFPHRISDSSDGNVAVDFYHRYKEDIKRMKDINMDSFRLSIAWPRVLPYGKRDRGVSEEGIKFYNDVIDELLANEITPLVTIFHWDIPQDLEDEYGGFLSEQIIDDFRDYASLCFERFGDRVSLWCTMNEPWVYSVAGYDTGRKAPGRCSKYVNGASVAGMSGYEAYIVSHNMLLAHAEAVEVFRKCDHIKNGQIGIAHNPLWYEPYDPSDPDDVEGCNRAMDFMLGWHQHPTACGDYPETMKKSVGDRLPSFTPEQSKKLIGSCDYVGINYYSSLFVKSIKHVDPTQPTWRTDQGVDWMKTNIDGKQIAKQGGSEWSFTYPTGLRNILKYVKKTYGNPPILITENGYGEVAEQSQSLYMYNPSIDTERLEYIEGHIHAIHQAIHEDGVRVEGYYVWSLLDNFEWNSGYGVRYGLYYIDYKDGLRRYPKMSALWLKEFLRFDQEDDSSTSKKEEKKESYGKQLLHSVQDSQFVHSIKDSGALPAVLGSLFVVSATVGTSLFFKGANN,Beta-glucosidase,3.2.1.21,UniProt_Direct,,50.0,5.0,O64883
Q3ECS3,,,,cellulose,Arabidopsis thaliana (Mouse-ear cress),,,,,,,,,,,,,MAIPKAHYSLAVLVLLFVVVSSSQKVCNPECKAKEPFHCDNTHAFNRSGFPKNFTFGAATSAYQIEGAAHRALNGWDYFTHRYPEKVPDRSSADLACDSYDLYKDDVKLLKRMNVQAYRLSIAWSRVLPKGRLTGGVDENGITYYNNLINELKANGIEPYVTIFHWDVPQTLEDEYGGFLSTRIVEDYTNYAELLFQRFGDRVKFWITLNQPLSLALKGYGNGSYPPGRCTGCELGGDSGVEPYTVAHNQLLAHAKTVSLYRKRYQKFQGGKIGTTLIGRWFVPLNEFSELDKAAAKRAFDFFVGWFLDPLVYGKYPTIMREMVGDRLPEFTPEESALVKGSLDFLGLNYYVSQYATDAPPPTQPNAITDARVTLGFYRNGSPIGVVASSFVYYPPGFRQILNYIKDNYKNPLTYITENGVADLDLGNVTLATALADNGRIQNHCSHLSCLKCAMKDGCNVAGYFAWSLMDNYEFGNGYTLRFGMNWVNFTNPADRKEKASGKWFSKFLAK,Beta-glucosidase,3.2.1.21,UniProt_Direct,,50.0,5.0,Q3ECS3
Q75I94,,,,cellulose,Oryza sativa subsp. japonica (Rice),,,,,,,,,,,,,MGCAPAAHYLPGGGWRRLLVVVVALVVLDRAGARVRAADDDTGGLSRAAFPKGFVFGTATSAFQVEGMAASGGRGPSIWDPFVHTPGNIAGNGNADVTTDEYHRYKEDVDLLKSLNFDAYRFSISWSRIFPDGEGKVNTEGVAYYNNLIDYVIKQGLIPYVNLNHYDLPLALQKKYEGWLSPKIVGVFSDYAEFCFKTYGDRVKNWFTFNEPRIVAALGHDTGTDPPNRCTKCAAGGNSATEPYIVAHNIILSHATAVDRYRNKFQASQKGKIGIVLDFNWYEPLTNSTEDQAAAQRARDFHVGWFLDPLINGQYPKNMRDIVKERLPTFTPEQAKLVKGSADYFGINQYTANYMADQPAPQQAATSYSSDWHVSFIFQRNGVPIGQQANSNWLYIVPTGMYGAVNYIKEKYNNPTIIISENGMDQSGNLTREEFLHDTERIEFYKNYLTELKKAIDDGANVVAYFAWSLLDNFEWLSGYTSKFGIVYVDFTTLKRYPKDSANWFKNMLQASGPGSKSGSGTSDSQVGSATSASHPVGSAISSSHRLLLPLLVSLHFLFPSFFMFLSL,Beta-glucosidase,3.2.1.21,UniProt_Direct,,50.0,5.0,Q75I94
Q7XSK0,,,,cellulose,Oryza sativa subsp. japonica (Rice),,,,,,,,,,,,,MAGGSKTRIHASLVSTLLLLLPLASAIHRSDFPASFLFGTATSSYQIEGAYLEGNKSLSNWDVFTHLPGNIKDGSNGDIADDHYHRYEEDVELMNSLGVNAYRFSISWSRILPKGRFGGVNPAGIDFYNKLIDSILLKGIQPFVTLTHYDIPQELEDRYGAWLNAEIQSDFGHFADVCFGAFGDRVKYWTTFNEPNVAVRHGYMLGTYPPSRCSPPFGHCARGGDSHAEPYVAAHNVILSHATAIEIYKRKYQSKQRGMIGMVLYSTWYEPLRDVPEDRLATERALAFETPWFLDPLVYGDYPPEMRQILGGRLPSFSPEDRRKLRYKLDFIGVNHYTTLYARDCMFSDCPQGQETQHALAAVTGESNGLPIGTPTAMPTFYVVPDGIEKMVKYFMRRYNNLPMFITENGYAQGGDSYTDAEDWIDDEDRIEYLEGYLTKLAKVIRDGADVRGYFAWSVVDNFEWLFGYTLRFGLYYIDYRTQERSPKLSALWYKEFLQNLHENQ,Beta-glucosidase,3.2.1.21,UniProt_Direct,,50.0,5.0,Q7XSK0
Q7XSK2,,,,cellulose,Oryza sativa subsp. japonica (Rice),,,,,,,,,,,,,MAVAAATRIAVVVVVLALAVLAPAARGLRRDDFPPGFLFGAATSAYQIEGAYLDDNKGLNNWDVFTHTQAGRISDGRNGDVADDHYHRYTEDVDILHNLGVNSYRFSISWARILPRGRLGGVNSAGIAFYNRLINALLQKGIQPFVTLNHFDIPHELETRYGGWLGAAIREEFEYYSDVCFNAFGDRVRFWTTFNEPNLSTRHQYILGEFPPNHCSPPFGNCSSGDSRREPYAAAHNILLSHAAAVHNYKTNYQAKQGGSIGIVIAVKWYEPLTNSTEDVRAARRALAFEVDWFLDPIFFGDYPREMREILSSNLPKFTPEEKKLLQNNKVDFIGINHYTAIYAKDCIYSPCTLDTYEGNALVYAIGRRNGKIIGKPTALHGYFVVPEAMEKVVMYVNDRYRNTTIYITENGYSQHSDTSMEDLINDVERVNYMHDYLKYLSSAIRKGANVGGYFAWSIVDNFEWVYGYTVKFGLYQVDFDTQERIPRMSAKWYRDFLTSSSLTDGLQVRSRRADS,Beta-glucosidase,3.2.1.21,UniProt_Direct,,50.0,5.0,Q7XSK2
Q7XKV4,,,,cellulose,Oryza sativa subsp. japonica (Rice),,,,,,,,,,,,,MAAAGAMPGGLLLTFLLLAVVASGAYNGAGEPPVSRRSFPKGFIFGTASSSYQYEGGAAEGGRGPSIWDTFTHQHPEKIADRSNGDVASDSYHLYKEDVRLMKDMGMDAYRFSISWTRILPNGSLRGGVNKEGIKYYNNLINELLSKGVQPFITLFHWDSPQALEDKYNGFLSPNIINDFKDYAEICFKEFGDRVKNWITFNEPWTFCSNGYATGLFAPGRCSPWEKGNCSVGDSGREPYTACHHQLLAHAETVRLYKAKYQALQKGKIGITLVSHWFVPFSRSKSNDDAAKRAIDFMFGWFMDPLIRGDYPLSMRGLVGNRLPQFTKEQSKLVKGAFDFIGLNYYTANYADNLPPSNGLNNSYTTDSRANLTGVRNGIPIGPQAASPWLYVYPQGFRDLLLYVKENYGNPTVYITENGVDEFNNKTLPLQEALKDDARIEYYHKHLLSLLSAIRDGANVKGYFAWSLLDNFEWSNGYTVRFGINFVDYNDGRKRYPKNSAHWFKKFLLK,Beta-glucosidase,3.2.1.21,UniProt_Direct,,50.0,5.0,Q7XKV4
Q9C8Y9,,,,cellulose,Arabidopsis thaliana (Mouse-ear cress),,,,,,,,,,,,,MALQKFPLLGLLFLITIVVSSTIAVDDPVCPTTSKLSRASFPNGFVFGTATAAFQVEGAINETCRGPALWDIFCKRNPERCSGHNADVAVDFFHRYKEDIQLMKNLNTDAFRLSIAWSRIFPHGRKEKGVSQAGVKFYHDLIDELLKNGIIPFVTVFHWDTPQDLEDEYGGFLSENIVKDFREYADYVFTEYGGKVKNWITFNEPWVFAHAGYDVGKKAPGRCSRYLKGCEDRDGRSGYEAYLVSHNLLNAHAEAVEVFRQKVKGGKIGIAHSPAWFEPHDLKDSNDVPTVSRVLDFMLGWHLDPTTFGDYPQIMKDLLGHRLPKFTSSQKAKLKDSTDFVGLNYYTSTFSNHNEKPDPSTPSWKQDSLVAWEPKNVDHSAIGSQPLTAALPVYAKGFRSLLKYIKDKYANPEIMIMENGYGDKLKDKDSVEVGTADYNRKYYLQRHLLAMNEAICIDKVRVTGYFVWSLLDNFEWQDGYNNRFGLYYVDFKNNLTRYEKESAKYYKDFLGQGVRPSALKKDEL,Beta-glucosidase,3.2.1.21,UniProt_Direct,,50.0,5.0,Q9C8Y9
Q9FIW4,,,,cellulose,Arabidopsis thaliana (Mouse-ear cress),,,,,,,,,,,,,MAQKLNLLNLAVPPVTHRSNFPSTFTFGVATSAYQIEGGWNEGKKGPSIWDKFTHIEGKILDGSNGDVAVDHYHRYKEDVDLIGQLGFGAYRFSISWSRIFPDGLGTEVNEEGIAFYNDLINTLLEKGIQPYVTLYHWDLPSHLQEAIGGWTNRKIVDYFGLYADACFANFGDRVKHWITLNEPLQTSVNGHCIGIFAPGRNEKPLIEPYLVSHHQVLAHATAVSIYRSKYKESQGGQIGLSVDCEWAEPNSEKPEDKVAADRRIDFQLGWFLDPLFFGDYPASMRQKLGDNLPRFTPEEKEFMLQNSWDFLGLNHYTSRLISHVSNKEAESNFYQAQELERIVELENGDLIGERAASDWLYAVPWGIRKTLNYMSKKYNHPPIFITENGMDDEDDGSASIHDMLDDKRRVDYFKSYLANVSQAIEDGVDIKGYFAWSLLDNFEWAQGYTKRFGLVYVDYKNGLTRHPKSSAYWFMKFLKGDEENKGKKE,Beta-glucosidase,3.2.1.21,UniProt_Direct,,50.0,5.0,Q9FIW4
Q9LV33,,,,cellulose,Arabidopsis thaliana (Mouse-ear cress),,,,,,,,,,,,,MRHLSSPPWPLLLLLLLSSFTSGESSLSAEKNKLHTGGLSRQSFPKGFVFGTATSAYQVEGETHQDGRGPSIWDAFVKIPGKIAKNATAEITVDQYHRYKEDVDLMKKLNFDAYRFSISWSRIFPEGSGKVNWKGVAYYNRLIDYMVQKGITPYANLYHYDLPLALENKYKGLLGRQVVKDFADYAEFCYKTFGDRVKNWMTFNEPRVVAALGYDNGIFAPGRCSKAFGNCTEGNSATEPYIVTHHLILAHAAAVQRYRKYYQAKQKGRVGILLDFVWYEPLTRSKADNLAAQRARDFHIGWFIHPLVYGEYPKTMQNIVKERLPKFTEKEVKMVKGSIDFVGINQYTTYYMSEPHPTTKPKDLGYQQDWNVEFGFAKLGKPIGPRAYSSWLYNVPWGMYKALMYMKERYGNPTMILSENGMDDPGNVTLAQGLHDTTRIKYYKDYLTNLKKARDDGANVVGYFAWSLLDNFEWLSGYTSRFGIVYVDYKTLKRYPKMSAQWFKQLLKRNNK,Beta-glucosidase,3.2.1.21,UniProt_Direct,,50.0,5.0,Q9LV33
A3BMZ5,,,,cellulose,Oryza sativa subsp. japonica (Rice),,,,,,,,,,,,,MRKFIAALRLALAAAAHLLLTLPPAQCYWLNPEIYDAGGLSRRAFPEGFVFGTAASAYQVEGMAKQGGRGPSIWDAFIEKPGTIPNNATADVTVDEYHRYKEDVNIMKNMGFDAYRFSISWSRIFPNGTGMVNQEGVDYYNRLIDYMVKKGIKPYANLYHYDLPLALHEQYLGWLSPNIVEAFADYADFCFQTFGDRVKDWFTFNEPRCVAALGYDNGFHAPGRCSGCDAGGNSTTEPYLAAHHLILSHAAAVKRYREKYQLYQKGRIGILLDFVWYEPFSDSNADRAAAQRARDFHLGWFLDPIIHGRYPYSMLEIVKDRMPTFSDEESRMVKDSIDYVGINHYTSFYMKDPGPWNLTPTSYQDDWHVGFAYERNGVPIGAQANSYWLYIVPWGINKAVTYVKETYGNPTMILSENGMDQPGNVSITQGVHDTVRIRYYRNYITELKKAIDDGAKVIGYFAWSLLDNFEWRLGYTSRFGIVYVDYKTLKRYPKDSAFWFKNMLSSKKRN,Beta-glucosidase,3.2.1.21,UniProt_Direct,,50.0,5.0,A3BMZ5
Q75I93,,,,cellulose,Oryza sativa subsp. japonica (Rice),,,,,,,,,,,,,MAARRANCALVLVLALALLAARDAGAAAVPKPNWLGGLSRAAFPKRFVFGTATSAYQVEGMAASGGRGPSIWDAFAHTPGNVAGNQNGDVATDQYHRYKEDVNLMKSLNFDAYRFSISWSRIFPDGEGRVNQEGVAYYNNLINYLLQKGITPYVNLYHYDLPLALEKKYGGWLNAKMADLFTEYADFCFKTFGNRVKHWFTFNEPRIVALLGYDQGTNPPKRCTKCAAGGNSATEPYIVAHNFLLSHAAAVARYRTKYQAAQQGKVGIVLDFNWYEALSNSTEDQAAAQRARDFHIGWYLDPLINGHYPQIMQDLVKDRLPKFTPEQARLVKGSADYIGINQYTASYMKGQQLMQQTPTSYSADWQVTYVFAKNGKPIGPQANSNWLYIVPWGMYGCVNYIKQKYGNPTVVITENGMDQPANLSRDQYLRDTTRVHFYRSYLTQLKKAIDEGANVAGYFAWSLLDNFEWLSGYTSKFGIVYVDFNTLERHPKASAYWFRDMLKH,Beta-glucosidase,3.2.1.21,UniProt_Direct,,50.0,5.0,Q75I93
Q8L7J2,,,,cellulose,Oryza sativa subsp. japonica (Rice),,,,,,,,,,,,,MGRIKSSSGRCSTARLEAVAVLVVVFGVASSSLRGCIAQQSGGGLTRGSFPEGFVFGTASAAYQYEGAVKEDGRGQTIWDTFAHTFGKITDFSNADVAVDQYHRFEEDIQLMADMGMDAYRFSIAWSRIYPNGVGQVNQAGIDHYNKLIDALLAKGIQPYVTLYHWDLPQALEDKYKGWLDRQIVDDFAAYAETCFREFGDRVKHWITLNEPHTVAIQGYDAGLQAPGRCSVLLHLYCKAGNSGTEPYVVAHHFILAHAAAASIYRTKYKATQNGQLGIAFDVMWFEPMSNTTIDIEAAKRAQEFQLGWFADPFFFGDYPATMRARVGERLPRFTADEAAVVKGALDFVGINHYTTYYTRHNNTNIIGTLLNNTLADTGTVSLPFKNGKPIGDRANSIWLYIVPRGMRSLMNYVKERYNSPPVYITENGMDDSNNPFISIKDALKDSKRIKYHNDYLTNLAASIKEDGCDVRGYFAWSLLDNWEWAAGYSSRFGLYFVDYKDNLKRYPKNSVQWFKALLKT,Beta-glucosidase,3.2.1.21,UniProt_Direct,,50.0,5.0,Q8L7J2
Q9C525,,,,cellulose,Arabidopsis thaliana (Mouse-ear cress),,,,,,,,,,,,,MALQKFPLMGLLLLLTILVSVTTAVDDPVCPATSKLSRASFPNGFLFGTATAAFQVEGAINETCRGPALWDIYCRRNPERCSGDHADVAVDFFHRYKEDIQLMKNLNTDAFRLSIAWSRIFPHGRKEKGVSQAGVQFYHELIDELLKNGIVPFVTVFHWDTPQDLEDEYGGFLSQNIVKDFREYADYVFTEYGGKVKNWITFNEPWVFAHAGYDLGKKAPGRCSRYVPGCEDREGQSGKEAYLVSHNLLNAHAEAVEVFRQKVKGGKIGIAHSPAWFEPHDLKDSNDAPTVSRVLDFMLGWHLEPTTSGDYPQIMKDLLGYRLPQFTAAQKAKLKDSTDFVGLNYYTSTFSNYNEKPDPSKPSWKQDSLVSWEPKNVDHSAIGSMPLTAALPVYAKGFRKLLKYIKDKYANPEIMIMENGYGDKLGTTDSVDVGTADHNRKYYLQRHLLAMNEAICIDKVRVTGYFVWSLLDNFEWQDGYKNRFGLYYVDFKNNLTRYEKESAKYYKDFLAQGVRPSALKRDEL,Beta-glucosidase,3.2.1.21,UniProt_Direct,,50.0,5.0,Q9C525
Q1XH05,,,,cellulose,Triticum aestivum (Wheat),,,,,,,,,,,,,MALLAAATLNPTTHLSLRSRAGRNSENLWLRSTASSQKSKGRFCNLTIRAGTPSKPAEPIGPVFTKLKPWQIPKRDWFDKDFLFGASTSAYQIEGAWNEDGKGPSTWDHFCHTYPERISDMTNGDVAANSYHLYEEDVKALKDMGMKVYRFSISWSRILPDGTGKVNQAGIDYYNKLINSLIDNDIVPYVTIWHWDTPQALEDKYGGFLNRQIVDDYKQFAEVCFKNFGDRVKNWFTFNEPHTYCCFSYGEGIHAPGRCSPGMDCAVPEGDSLREPYTAGHHILLAHAEAVQLFKARYNMHGDSKIGMAFDVMGYEPYQDSFLDDQARERSIDYNMGWFLEPVVRGDYPFSMRSLIGDRLPMFTKEEQEKLASSCDIMGLNYYTSRFSKHVDMSPDFTPTLNTDDAYASSETTGSDGNDIGPITGTYWIYMYPKGLTDLLLIMKEKYGNPPVFITENGIADVEGDESMPDPLDDWKRLDYLQRHISAVKDAIDQGADVRGHFTWGLIDNFEWSLGYSSRFGLVYIDKNDGNKRKLKKSAKWFSKFNSVPKPLLKTTNNNATMTAASVSV,Beta-glucosidase,3.2.1.21,UniProt_Direct,,50.0,5.0,Q1XH05
B9K7M5,,,,cellulose,Thermotoga neapolitana (strain ATCC 49049 / DSM 4359 / NBRC 107923 / NS-E),,,,,,,,,,,,,MKKFPEGFLWGVATASYQIEGSPLADGAGMSIWHTFSHTPGNVKNGDTGDVACDHYNRWKEDIEIIEKIGAKAYRFSISWPRILPEGTGKVNQKGLDFYNRIIDTLLEKNITPFITIYHWDLPFSLQLKGGWANRDIADWFAEYSRVLFENFGDRVKHWITLNEPWVVAIVGHLYGVHAPGMKDIYVAFHTVHNLLRAHAKSVKVFRETVKDGKIGIVFNNGYFEPASEREEDIRAARFMHQFNNYPLFLNPIYRGEYPDLVLEFAREYLPRNYEDDMEEIKQEIDFVGLNYYSGHMVKYDPNSPARVSFVERNLPKTAMGWEIVPEGIYWILKGVKEEYNPQEVYITENGAAFDDVVSEGGKVHDQNRIDYLRAHIEQVWRAIQDGVPLKGYFVWSLLDNFEWAEGYSKRFGIVYVDYNTQKRIIKDSGYWYSNVIKNNGLTD,Beta-glucosidase,3.2.1.21,UniProt_Direct,,50.0,5.0,B9K7M5
E4Q361,,,,cellulose,Caldicellulosiruptor owensensis (strain ATCC 700167 / DSM 13100 / OL),,,,,,,,,,,,,MSFPKGFLWGAATASYQIEGAWNEDGKGESIWDRFTHQKGNILYGHNGDVACDHYHRHEEDVSLMKELGIKAYRFSTAWARIFPDGFGNINQKGLEFYDKLINELVENGIEPVVTLYHWDLPQKLQDIGGWANPEIVNYYFEYAMLIINRYKDKVKKWITFNEPYCIAFLGHWHGIHAPGIKNFKVAMDVVHNIMLSHFKVVKAVKENNIDVEIGITLNLTPVYLQTERLGYKVSEIEREMVNLSSQLDNELFLDPVLKGSYPQKLLDYLVQKDLLDSQKVNNMQQEVKENFIFPDFLGINYYTRSVRLYDENSGWIFPIRWEHPAGEYTEMGWEVFPQGLFDLLIWIKESYPQIPIYITENGAAYNDKVEDGRVHDQKRVEYLKQHFEAARKAIKNGVDLRGYFVWSLIDNFEWAMGYTKRFGIIYVDYETQKRIKKDSFYFYQQYIKENS,Beta-glucosidase,3.2.1.21,UniProt_Direct,,50.0,5.0,E4Q361
P94248,,,,cellulose,Bifidobacterium breve,,,,,,,,,,,,,MTMIFPKGFMFGTATAAYQIEGAVAEGGRTPSIWDTFSHTGHTLNGDTGDVADDFYHRWEDDLKLLRDLGVNAYRFSIGIPRVIPTPDGKPNQEGLDFYSRIVDRLLEYGIAPIVTLYHWDLPQYMASGDGREGGWLERETAYRIADYAGIVAKCLGDRVHTYTTLNEPWCSAHLSYGGTEHAPGLGAGPLAFRAAHHLNLAHGLMCEAVRAEAGAKPGLSVTLNLQICRGDADAVHRVDLIGNRVFLDPMLRGRYPDELFSITKGICDWGFVCDGDLDLIHQPIDVLGLNYYSTNLVKMSDRPQFPQSTEASTAPGASDVDWLPTAGPHTEMGWNIDPDALYETLVRLNDNYPGMPLVVTENGMACPDKVEVGTDGVKMVHDNDRIDYLRRHLEAVYRAIEEGTDVRGYFAWSLMDNFEWAFGYSKRFGLTYVDYESQERVKKDSFDWYRRFIADHSAR,Beta-glucosidase,3.2.1.21,UniProt_Direct,,50.0,5.0,P94248
Q1XH04,,,,cellulose,Triticum aestivum (Wheat),,,,,,,,,,,,,MALLAAATLNPTTHLSIRSRAGHNSENLWLRSAASSQKSKGRFCNLTVRAGTPSKPAEPIGPVFTKLKPWQIPKRDWFDKDFLFGASTSAYQIEGAWNEDGKGPSTWDHFCHTYPERISDRTNGDVAANSYHLYEEDVKALKDMGMKVYRFSISWSRILPNGTGKPNQKGIDYYNNLINSLIHHGIVPYVTIWHWDTPQALEDKYGGFLNRQIVNDYKHFAKVCFESFGDRVKNWFTFNEPHTYCCFSYGEGIHAPGRCSPGMDCAVPEGDSLREPYTAGHHILLAHAEAVELFKAHYNEHGDSKIGMAFDVMGYEPYQDSFLDDQARERSIDYNLGWFLEPVVRGDYPFSMRSLIGDRLPMFTKEEQEKLASSCDIMGLNYYTSRFSKHVDISSDFTPKLNTDDAYASSETKGSDGNDIGPITGTYWIYMYPKGLTDLLLIMKEKYGNPPIFITENGIADVDSDPTMTDPLDDWKRLDYLQRHISAVKDAIDQGADVRGHFTWGLIDNFEWSLGYSSRFGLVYIDKKDGNKRKLKKSAKWFAKFNSVPKALLKTTNTNNKPAVTASVSL,Beta-glucosidase,3.2.1.21,UniProt_Direct,,50.0,5.0,Q1XH04
Q5RF65,,,,cellulose,Pongo abelii (Sumatran orangutan) (Pongo pygmaeus abelii),,,,,,,,,,,,,MAFPVGFGWAAATAAYQVEGGWDADGKGPCVWDTFTHQGGERVFKNQTGDVACGSYTLWEEDLKCIKQLGLTHYRFSLSWSRLLPDGTTGFINQKGIDYYNKIIDDLLKNGVTPIVTLYHFDLPQALEDQGGWLSEAIIESFDKYAQFCFSTFGDRVKKWITINEANVLSVMSYDLGMFPPGIPHFGTGGYQAAHNLIKAHARSWHSYNSLFRKEQKGMVSLSLFAVWLEPADPNSVSDQEAAKRAITFHLDLFAKPIFIDGDYPEIVKSQIASMSQKQGYPSSRLPEFTEEEKKMIKGTADFFAVQYYTTRLIKYQENKKGELGILQDAEIEFFPDPSWKNVDWIYVVPWGVRKLLKYIKDTYNNPVIYITENGFPQSDPAPLDDTQRWEYFRQTFQELFKAIQLDKVNLQVYCAWSLLDNFEWNQGYSSRFGLFHVDFEDPARPRVPYTSAKEYAKVIRNNGLEAHL,Beta-glucosidase,3.2.1.21,UniProt_Direct,,50.0,5.0,Q5RF65
Q9FYS3,,,,cellulose,Secale cereale (Rye),,,,,,,,,,,,,MALLVGGTLNPTTHLSLRSRAGRNSENVWLRSAASSQTSKGRFCNLTVRAGTPSKPSEPIGPVFTKLKPWQIPKRDWFSKDFLFGASTSAYQIEGAWNEDGKGPSTWDHFCHTYPERISDGTNGDVAANSYHMYEEDVKALKDMGMKVYRFSISWSRILPNGTGKPNQKGIDYYNNLINSLIRHGIVPYVTIWHWDTPQALEDKYGGFLDKQIVNDYKYFAELCFQSFGDRVKNWFTFNEPHTYCCFSYGEGIHAPGRCSPGLDCAVPEGDSLREPYTAGHHILLAHAEAVELFKAHYNKHGDSKIGMAFDVMGYEPYQDSFLDDQARERSIDYNMGWFLEPVVRGDYPFSMRSLIGDRLPMFTKEEQEKLGSLCDIMGLNYYTSRFSKHVDISSDYTPTLNTDDAYASSETTGSDGNEIGPITGTYWIYMYPKGLTDLLLIMKEKYGNPPIFITENGIADVEGDPEMPDPLDDWKRLDYLQRHISAVKDAIDQGADVRGHFTWGLIDNFEWGSGYSSRFGLVYIDKEDGNKRKLKKSAKWFAKFNSVPKTLLKTTNNNATVTASVSV,Beta-glucosidase,3.2.1.21,UniProt_Direct,,50.0,5.0,Q9FYS3
D5MTF8,,,,cellulose,Triticum aestivum (Wheat),,,,,,,,,,,,,MALLAAATLNPTTHLSLRSRAGRNSENLWLRSAASSQKSKGRFCNLTVRAGTPSKPAEPIGPVFTKLKPWQIPKRDWFDKDFLFGASTSAYQIEGAWNEDGKGPSTWDHFCHKYPERISDGTNGDVAADSYHLYEEDVKALKDMGMKVYRFSISWSRILPNGTGEVNQAGIDYYNKLINSLISHDIVPYVTIWHWDTPQALEDKYGGFLDPQIVDDYKQFAKLCFESFGDRVKNWFTFNEPHTYCCFSYGEGIHAPGRCSPGMDCAVPEGDSLREPYTAGHHILLAHAEAVEMFRTHYNMHGDSKIGMAFDVMGYEPYQDSFLDDQARERSIDYNLGWFLEPVVRGDYPFSMRSLIGDRLPVFTKEEQEKLASSCDIMGLNYYTSRFSKHVDISPDVTPKLNTDDAYASSETTGSDGNDIGPITGTYWIYMYPKGLTDLLLIMKEKYGNPPIFITENGIADVDGDETMPDPLDDWKRLDYLQRHISAVKDAIDQGADVRGHFTWGLIDNFEWGSGYSSRFGLVYIDKNDGFKRKLKKSAKWFSKFNAVPKHLLGTTKPTGQAPV,Beta-glucosidase,3.2.1.21,UniProt_Direct,,50.0,5.0,D5MTF8
P49235,,,,cellulose,Zea mays (Maize),,,,,,,,,,,,,MAPLLAAAMNHAAAHPGLRSHLVGPNNESFSRHHLPSSSPQSSKRRCNLSFTTRSARVGSQNGVQMLSPSEIPQRDWFPSDFTFGAATSAYQIEGAWNEDGKGESNWDHFCHNHPERILDGSNSDIGANSYHMYKTDVRLLKEMGMDAYRFSISWPRILPKGTKEGGINPDGIKYYRNLINLLLENGIEPYVTIFHWDVPQALEEKYGGFLDKSHKSIVEDYTYFAKVCFDNFGDKVKNWLTFNEPQTFTSFSYGTGVFAPGRCSPGLDCAYPTGNSLVEPYTAGHNILLAHAEAVDLYNKHYKRDDTRIGLAFDVMGRVPYGTSFLDKQAEERSWDINLGWFLEPVVRGDYPFSMRSLARERLPFFKDEQKEKLAGSYNMLGLNYYTSRFSKNIDISPNYSPVLNTDDAYASQEVNGPDGKPIGPPMGNPWIYMYPEGLKDLLMIMKNKYGNPPIYITENGIGDVDTKETPLPMEAALNDYKRLDYIQRHIATLKESIDLGSNVQGYFAWSLLDNFEWFAGFTERYGIVYVDRNNNCTRYMKESAKWLKEFNTAKKPSKKILTPA,Beta-glucosidase,3.2.1.21,UniProt_Direct,,50.0,5.0,P49235
P97265,,,,cellulose,Cavia porcellus (Guinea pig),,,,,,,,,,,,,MAFPADLVGGLPTAAYQVEGGWDADGRGPCVWDTFTHQGGERVFKNQTGDVACGSYTLWEEDLKCIKQLGLTHYRFSISWSRLLPDGTTGFINQKGVDYYNKIIDDLLTNGVTPVVTLYHFDLPQALEDQGGWLSEAIIEVFDKYAQFCFSTFGNRVRQWITINEPNVLCAMGYDLGFFAPGVSQIGTGGYQAAHNMIKAHARAWHSYDSLFREKQKGMVSLSLFCIWPQPENPNSVLDQKAAERAINFQFDFFAKPIFIDGDYPELVKSQIASMSEKQGYPSSRLSKFTEEEKKMIKGTADFFAVQYYTTRFIRHKENKEAELGILQDAEIELFSDPSWKGVGWVRVVPWGIRKLLNYIKDTYNNPVIYITENGFPQDDPPSIDDTQRWECFRQTFEELFKAIHVDKVNLQLYCAWSLLDNFEWNDGYSKRFGLFHVDFEDPAKPRVPYTSAKEYAKIIRNNGLERPQ,Beta-glucosidase,3.2.1.21,UniProt_Direct,,50.0,5.0,P97265
Q1XIR9,,,,cellulose,Triticum aestivum (Wheat),,,,,,,,,,,,,MALLAAATLNPTTHLSLRSRAGRNSENLWLRSAASSQKSKGRFCNLTIRAGTPSKPAEPIGPVFTKLKPWQIPKRDWFDKDFLFGASTSAYQIEGAWNEDGKGPSTWDHFCHTYPERISDRTNGDVAANSYHLYEEDVKALKDMGMKVYRFSIAWSRILPDGTGKVNQAGIDYYNKLINSLIDNDIVPYVTIWHWDTPQALEDKYGGFLNRKIVDDYKQFAEVCFKNFGDRVKNWFTFNEPHTYCCFSYGEGIHAPGRCSPGMDCAVPKGDSLREPYTAGHHILLAHAEAVELFKACYNKHGDSKIGMAFDVMGYEPFQDSFLDDQARERSIDYNLGWFLEPVVRGDYPFSMRSLIGDRLPKFTKEEQEKLASSCDIMGLNYYTSRFSKHIDISSDFTPKLNTDDAYASSETKGSDGNDIGPITGTYWIYMYPKGLTDLLLIMKEKYGNPPIFITENGIADVDSDPTMTDPLDDWKRLDYLQRHISAVKDAIDQGADVRGHFTWGLIDNFEWSLGYSSRFGLVYIDKKDGNKRKLKKSAKWFAKFNSVPKRLLKTTNNNATVTVTSVSV,Beta-glucosidase,3.2.1.21,UniProt_Direct,,50.0,5.0,Q1XIR9
Q25BW5,,,,cellulose,Phanerodontia chrysosporium (White-rot fungus) (Sporotrichum pruinosum),,,,,,,,,,,,,MSAAKLPKSFVWGYATAAYQIEGSPDKDGREPSIWDTFCKAPGKIADGSSGDVATDSYNRWREDVQLLKSYGVKAYRFSLSWSRIIPKGGRSDPVNGAGIKHYRTLIEELVKEGITPFVTLYHWDLPQALDDRYGGWLNKEEAIQDFTNYAKLCFESFGDLVQNWITFNEPWVISVMGYGNGIFAPGHVSNTEPWIVSHHIILAHAHAVKLYRDEFKEKQGGQIGITLDSHWLIPYDDTDASKEATLRAMEFKLGRFANPIYKGEYPPRIKKILGDRLPEFTPEEIELVKGSSDFFGLNTYTTHLVQDGGSDELAGFVKTGHTRADGTQLGTQSDMGWLQTYGPGFRWLLNYLWKAYDKPVYVTENGFPVKGENDLPVEQAVDDTDRQAYYRDYTEALLQAVTEDGADVRGYFGWSLLDNFEWAEGYKVRFGVTHVDYETQKRTPKKSAEFLSRWFKEHIEE,Beta-glucosidase,3.2.1.21,UniProt_Direct,,50.0,5.0,Q25BW5
Q41761,,,,cellulose,Zea mays (Maize),,,,,,,,,,,,,MAPLLAAAMNHAAHPVLRSHLGPNNESFSRHHLSSSPQSSKRRFNLSFTPRSARVGNQNGVQLLSPSEIPRRDWFPSDFIFGAATSAYQIEGAWNEDGKGESNWDHFCHNFPERIMDGSNADIGANSYHMYKTDVRLLKEMGMDAYRFSISWPRILPKGTVEGGINQDGIDYYKRLINLLLENGIEPYVTIFHWDVPQALEEKYGGFLDKTQKRIVNDYKNFAKVCFDNFGDKVKNWLTFNEPQTFTSFSYGTGVFAPGRCSPGLDCAIPTGNSLVEPYIAGHNILLAHAEAVDLYNKYYKGENGRIGLAFDVMGRVPYGTSFLDEQAKERSMDINLGWFLEPVVRGDYPFSMRSLARERLPFFSDKQQEKLVGSYNMLGINYYTSIFSKHIDISPKYSPVLNTDDAYASQETYGPDGKPIGPPMGNPWIYLYPEGLKDILMIMKNKYGNPPIYITENGIGDVDTKEKPLPMEAALNDYKRLDYIQRHISTLKESIDLGANVHGYFAWSLLDNFEWYAGYTERYGIVYVDRKNNYTRYMKESAKWLKEFNTAKKPSKKIITPA,Beta-glucosidase,3.2.1.21,UniProt_Direct,,50.0,5.0,Q41761
O80690,,,,cellulose,Arabidopsis thaliana (Mouse-ear cress),,,,,,,,,,,,,MKTFANFAILFLLQSLLFPLYSSCLHQTSDDSSPFPSDFLFGTASSAFQYEGAFLTDGKGLNNWDVFAHENPGKIVDGSNGDIATDQYHRYMEDIQSMNFLGVNSYRLSISWSRVLPNGRFGVINYKGIKYYNNLIDALIKKGITPFVTLNHFDYPQELENRFKSWLSSEMQKDFGYLADICFKHFGDRVKHWITINEPNQHISLAYRSGLFPPARCSMPYGNCTHGNSETEPFIAAHNMILAHAKAIQIYRTKYQREQKGIIGIVVQTSWFEPISDSIADKNAAERAQSFYSNWILDPVVYGKYPEEMVNLLGSALPKFSSNEMNSLMSYKSDFLGINHYTSYFIQDCLITACNSGDGASKSEGLALKLDRKGNVSIGELTDVNWQHIDPNGFRKMLNYLKNRYHNIPMYITENGFGQLQKPETTVEELLHDTKRIQYLSGYLDALKAAMRDGANVKGYFAWSLLDNFEWLYGYKVRFGLFHVDFTTLKRTPKQSATWYKNFIEQNVNIEDQIDK,Beta-glucosidase,3.2.1.21,UniProt_Direct,,50.0,5.0,O80690
Q23892,,,,cellulose,Dictyostelium discoideum (Social amoeba),,,,,,,,,,,,,MKTIKSLFLLSLLIVNLLISSTYGSSIRVSIVGGEEAEVIEKPRTFGNKRELKLEYSQIYPKKQLNQENINFMSARDTFVDNLMSKMSITEKIGQMTQLDITTLTSPNTITINETTLAYYAKTYYIGSYLNSPVSGGLAGDIHHINSSVWLDMINTIQTIVIEGSPNKIPMIYGLDSVHGANYVHKATLFPHNTGLAATFNIEHATTAAQITSKDTVAVGIPWVFAPVLGIGVQPLWSRIYETFGEDPYVASMMGAAAVRGFQGGNNSFDGPINAPSAVCTAKHYFGYSDPTSGKDRTAAWIPERMLRRYFLPSFAEAITGAGAGTIMINSGEVNGVPMHTSYKYLTEVLRGELQFEGVAVTDWQDIEKLVYFHHTAGSAEEAILQALDAGIDMSMVPLDLSFPIILAEMVAAGTVPESRLDLSVRRILNLKYALGLFSNPYPNPNAAIVDTIGQVQDREAAAATAEESITLLQNKNNILPLNTNTIKNVLLTGPSADSIRNLNGGWSVHWQGAYEDSEFPFGTSILTGLREITNDTADFNIQYTIGHEIGVPTNQTSIDEAVELAQSSDVVVVVIGELPEAETPGDIYDLSMDPNEVLLLQQLVDTGKPVVLILVEARPRILPPDLVYSCAAVLMAYLPGSEGGKPIANILMGNVNPSGRLPLTYPGTTGDIGVPYYHKYSENGVTTPLFQFGDGLSYTTFNYTNLACSNCKPISGQSGNYTGVLGQSYTFTVTVTNNGNVQGKDSVLLYLSDLWAQVTPEVKMLRGFQKVDLMPAKSQQISFTLNAYEFSFIGVDNKITLESGQFIIMVGNQQLGLYLQ,Beta-glucosidase,3.2.1.21,UniProt_Direct,,50.0,5.0,Q23892
P33363,,,,cellulose,Escherichia coli (strain K12),,,,,,,,,,,,,MKWLCSVGIAVSLALQPALADDLFGNHPLTPEARDAFVTELLKKMTVDEKIGQLRLISVGPDNPKEAIREMIKDGQVGAIFNTVTRQDIRAMQDQVMELSRLKIPLFFAYDVLHGQRTVFPISLGLASSFNLDAVKTVGRVSAYEAADDGLNMTWAPMVDVSRDPRWGRASEGFGEDTYLTSTMGKTMVEAMQGKSPADRYSVMTSVKHFAAYGAVEGGKEYNTVDMSPQRLFNDYMPPYKAGLDAGSGAVMVALNSLNGTPATSDSWLLKDVLRDQWGFKGITVSDHGAIKELIKHGTAADPEDAVRVALKSGINMSMSDEYYSKYLPGLIKSGKVTMAELDDAARHVLNVKYDMGLFNDPYSHLGPKESDPVDTNAESRLHRKEAREVARESLVLLKNRLETLPLKKSATIAVVGPLADSKRDVMGSWSAAGVADQSVTVLTGIKNAVGENGKVLYAKGANVTSDKGIIDFLNQYEEAVKVDPRSPQEMIDEAVQTAKQSDVVVAVVGEAQGMAHEASSRTDITIPQSQRDLIAALKATGKPLVLVLMNGRPLALVKEDQQADAILETWFAGTEGGNAIADVLFGDYNPSGKLPMSFPRSVGQIPVYYSHLNTGRPYNADKPNKYTSRYFDEANGALYPFGYGLSYTTFTVSDVKLSAPTMKRDGKVTASVQVTNTGKREGATVVQMYLQDVTASMSRPVKQLKGFEKITLKPGETQTVSFPIDIEALKFWNQQMKYDAEPGKFNVFIGTDSARVKKGEFELL,Beta-glucosidase,3.2.1.21,UniProt_Direct,,50.0,5.0,P33363
O80689,,,,cellulose,Arabidopsis thaliana (Mouse-ear cress),,,,,,,,,,,,,MKNLTSFVIVILLQSLLFHVYGRHQSSSKNILVDSSPFPSDFLFGTASSAYQYEGAFLTDGKSLNNWDVFTHKNPGKILDKNNADRAVDQYNRFLEDIQLMSFLGVNSYRFSISWCRILPRGRFGEINYLGIKYYNIFIDALISRGIKPFVTLNHVDYPQELEDRFQSWLNPEMQKEFGYLADICFKHFGNRVKYWTTLNEPNQQLILGYLTGKFPPSRCSSPYGNCSQGNSETEPFIAAHNMILAHAKAVNIYKTKYQKEQKGSIGIVVQTSWFEPISDSNADKEAAERAQSFYSNWILDPVIYGKYPKEMVDILGPALPQFSSNEVKNLEKSRADFVGINHYTSYFIQDCLTSACNTGHGAFKAEGYALKLDRKGNVTIGELTDVNWQHIDPTGFHKMLNYLKDRYPNMPMFITENGFGDLQKPETTDKELLNDTKRIQYMSGYLEALQAAMRDGANVKGYFVWSLLDNFEWLFGYKVRFGLFHVDLTTLKRSPKQSASWYKNYIEEHVNRRDIVDNY,Beta-glucosidase,3.2.1.21,UniProt_Direct,,50.0,5.0,O80689
A7LXU3,,,,cellulose,Bacteroides ovatus (strain ATCC 8483 / DSM 1896 / JCM 5824 / BCRC 10623 / CCUG 4943 / NCTC 11153),,,,,,,,,,,,,MKNIKKMVLVSAFAGTCLTPHAQTASPVIPTDPAIETHIREWLQKMTLEQKIGQMCEITIDVVSDLETSRKKGFCLSEAMLDTVIGKYKVGSLLNVPLGVAQKKEKWAEAIKQIQEKSMKEIGIPCIYGVDQIHGTTYTLDGTMFPQGINMGATFNRELTRRGAKISAYETKAGCIPWTFAPVVDLGRDPRWARMWENYGEDCYVNAEMGVSAVKGFQGEDPNRIGEYNVAACMKHYMGYGVPVSGKDRTPSSISRSDMREKHFAPFLAAVRQGALSVMVNSGVDNGLPFHANRELLTEWLKEDLNWDGLIVTDWADINNLCTRDHIAATKKEAVKIVINAGIDMSMVPYEVSFCDYLKELVEEGEVSMERIDDAVARVLRLKYRLGLFDHPYWDIKKYDKFGSKEFAAVALQAAEESEVLLKNDGNILPIAKGKKILLTGPNANSMRCLNGGWSYSWQGHVADEYAQAYHTIYEALCEKYGKENIIYEPGVTYASYKNDNWWEENKPETEKPVAAAAQADIIITCIGENSYCETPGNLTDLTLSENQRNLVKALAATGKPIVLVLNQGRPRIINDIVPLAKAVVNIMLPSNYGGDALANLLAGDANFSGKMPFTYPRLINALATYDYKPCENMGQMGGNYNYDSVMDIQWPFGFGLSYTNYKYSNLKVNKPTFNADDELIFTVDVTNTGKVAGKESVLLFSKDLVASSTPDNIRLRNFEKVSLEPGETKTVTLKLKGSDLAFVGYDGKWRLEKGDFKIKCGDQWMDIVCDQTKVWNTPNKNTLHK,Beta-glucosidase,3.2.1.21,UniProt_Direct,,50.0,5.0,A7LXU3
Q5AUW5,,,,cellulose,Emericella nidulans (strain FGSC A4 / ATCC 38163 / CBS 112.46 / NRRL 194 / M139) (Aspergillus nidulans),,,,,,,,,,,,,MRVPSLSVLSFLLGTALAAASNFEAGLLSSGKVSLGDWKSAHEKASQFVAKLNTTEKIKLITGSSVTTTNGETFTALDILDGDMGAQAYYYVSAFSLSSALAMTWDKEAMYEQGRAIAAEFYGKGIQMVAGPTSQPLGRTPWGGRLVESFGPDPYLNGIATGLETRAYADVGVIAGAKHFILNEQETNRTGGMGGGGGAPGGGGMGRGAEFSSSVPGGMSPTSSAGAIPSSTSTPGGSGMGGGMAGSSAFSSSSSSGAPYSSNADDKTLHETYLWSFYDAVHSGLGGVMCAMTKVNGTLSCQSSSLLLDILKTELGFPGMVWPDTNGQQDALASAANGLDYGSSSLWSESTIEGYLESNNITEARLNDMAIRNLMGYYYVNLDNGTQPSTAAQDDYVDVRANHAKLIRSHGSKSMVLLKNKNNTLPLYKPHKMAIFGSHARAAVAGPNMQFSVEGSGPTYDGHIATDSGSGQASLPYLITPENALNIKASQDGTMLRWIANDTYSSSTGSALVMQGSSSTSVTPSVSAYSENMDVCLVFINALAGEGADRTELRNTDQDNLINEVADNCDNTVVVINTVGARILDSWIEHENVTAVLYGSLLGQESGNSIVDVLYGDVNPSGRLTYTIAKTESDYNVDICYTAQCNFTEGNYIDYRYFDAYNVTPRYEFGYGLSYTDFAYSNLHIQGPSALSTYPTGQLAVGGYEDLWDTVAKVTVTIRNAGSLDGAEVPQLYISYPDVAKQPVRQLRGFHNVYIKKGQSTKVTFELRRRDISYWDVQHQKWAVAPGTYEAWVGASSRDLRTHGSFVVKTKA,Beta-glucosidase,3.2.1.21,UniProt_Direct,,50.0,5.0,Q5AUW5
Q5BFG8,,,,cellulose,Emericella nidulans (strain FGSC A4 / ATCC 38163 / CBS 112.46 / NRRL 194 / M139) (Aspergillus nidulans),,,,,,,,,,,,,MSFQKVDPAQIESVLSKLTLEEKISLLAGKNFWETQDYPEKGVPPVKTSDGPNGARGATFKGGVTAACFPASSLLAATWDLDAAKHIGEALADETRSKGARVLLAPTVCIHRHPLGGRNFESFSEDPFLAGKLAAQYIKGLQGNGVAATIKHYAANEQETCRFTVNEHITERALREIYLKPFEIAIKESNPLAVMTAYNIVNGTHADSNNFLLRDVLRGEWGWKGLVMSDWGGTNSTADALNAGLDLEMPGPTRWRKVDEVLAVVKSGAVLEETIDERARNVLELLAKLNCFENPTIPEEKAINRPEHQKLIRSVGSQGLVLLKNEGDVLPLRKEILTNKKVALLGFAREALIHGGGSASVNAHYRVTPEEGLRAALGDTVEFEYAKGAHTFRQLPLMSDNVVNLEGQPGWTLDFFADEEPNGEPGSSISSEQPSYIPLFVKESWGSVRASAHFTPTQSGKHYFGMSGLGRSKLLIDGEVIYEQKLNCPDSMGFLLGGVEEPEIQYSFEAGKTYAVEVVSVKPTSKGGLALLDGFIGFRLGFMTEEEHNRDLLSEAVDVAKRSDIAIVFTGHTPDWETEGQDQISFHLPSNGSQDRLVAAVGAANPNTVVVNCTGVAVAMPWLDKVKAVVQAWFPGQEAGNAIADVLTGAVNPSGRLPVSFPRAIEDAPAHGNFPGDYTDGKDNRRHLEVTYKEGVFVGYRHYDLSEANRAKVLFPFGYGLSYTTFTHANHKASATSRNTVEVAVDVTNVGTCAGADVVQVYAGAKLAVPENPVKELVGFAKVHLKPGETKTANITFEVRQLTHFTERSGKWELESGDYEISIGQSVRDITGKVEIGLEAQNYKP,Beta-glucosidase,3.2.1.21,UniProt_Direct,,50.0,5.0,Q5BFG8
A7LXS8,,,,cellulose,Bacteroides ovatus (strain ATCC 8483 / DSM 1896 / JCM 5824 / BCRC 10623 / CCUG 4943 / NCTC 11153),,,,,,,,,,,,,MIIGIMKTFLLTICFLSVQTGMVAIAQDKEQTPVYLDDTQPIEVRVQDALNRMTVEEKTRLSYAQGKFSSPGCPRLGIPELWMSDGPHGVRAEINWNDWGYAGWTNDSCTAFPALTCLAASWNPLLAAKYGYAIGEEARYREKDVLLGPGVNIYRTPLNGRNFEYMGEDPYLASELCVPYIQGVQKNGVAACVKHYALNNQELWRGHIDVQLSDRALYEIYLPAFKAAVERGKAWSIMGAYNKVRGTHATHHKLLNNDILKGEWNFDGCVITDWGAAHDTYEAAMYGLDIEMGSYTNGLTSESEFGYDDYYLGKSYLKMVREGKIPMEVVNDKAARVLRLIFRTAMNRRKPFGALTSEEHYRTAYEIATEGIVLLKNGTGKKQPALLPVPQGKYKRILVVGDNATRNLMLGGGSSELKVQKVISSLDGIKAKFGDGVVYAQGYTSGRPMYGRADVIPQVTVDSLRNDAVEKAMNSDLVIFVGGLNKNHFQDCEGGDRLSYELPFAQNELIEALLKVNKNLVAVIVSGNAVEMPWVKEIPSIVQSWYLGSVGGEALADVLSGEVTPSGKLPFSYPVKLEDCPAHFFGEISYPGDSIRQEYKEDILVGYRWYDTKKVQPLFPFGYGMSYTTFEYSKPVISAQTMNTDGSIDVSVKVKNTGKVAGKEIIQLYIGDEECSVLRPVKELKDFRKVQLLPNEEKEVKFTIKPEALQFFDDKQRTWVAEPGKFKAYIAASSSDIRGTVTFEYIQ,Beta-glucosidase,3.2.1.21,UniProt_Direct,,50.0,5.0,A7LXS8
G4NI45,,,,cellulose,Pyricularia oryzae (strain 70-15 / ATCC MYA-4617 / FGSC 8958) (Rice blast fungus) (Magnaporthe oryzae),,,,,,,,,,,,,MASRLVAGLQVLALAGTATAVLTWDEAYAKANTALARITQQDKVSLVSGIGWDKGPCVGNTAPVSAINYPQLCLQDGPTGVRFGTGVTAFTPGIQAASTWDVELMRQRGQFQAEEQKGCGVHVMLTPVAGALGKIPEGGRNWEGFGVDPYLAGIAMEVTIEGQQSVGVQATAKHYLLNEQELNRNTMSSNVDDRTLHELYLWPFADAVRANVASVMCSYNKINGSWACENEHAMQKLLKDELGFKGYVMSDWNAQHTTTGSANAGMDMTMPGSDFNGGNVLWGPQLNTAVNNNQVARTRLDDMARRVLAAWYLTEQDKGYPPINIRANVQGNHKENVRAVARDGIVLLKNDAGALPFKAPRRLAIVGSASVANPRGINSCVDRGCNEGALGMGWGSGTTNYPYFSAPADAIRARAQQDGATVTLSASDSTADVANTVRDADAAIVFLTSNSGEGYLLVDGSYGDRLNLDPLHNGNQLVQAVAQANKNTIVVVHSVGPLVLESILSTPGVTAVVWAGLPGQESGNALVDVLYGSVSPSGKLPYTIARATADYGTAIVPGDDNFPEGLFVDYRHFDRANIQPRFEFGYGLSYTNFTYSNIKVASTVRSGPATGPVVSGGRADLWETVATVTATVTNSGGVAGAEVAQLYVSYPKGGSVPETPPRQLRGFNKLKLAPGASGTATFNIRRRDLSYWHVGQQNWVVPAGAFGLEVGASSRDLRLKESITVV,Beta-glucosidase,3.2.1.21,UniProt_Direct,,50.0,5.0,G4NI45
Q5BCC6,,,,cellulose,Emericella nidulans (strain FGSC A4 / ATCC 38163 / CBS 112.46 / NRRL 194 / M139) (Aspergillus nidulans),,,,,,,,,,,,,MRVDSTVLALVALATDCLGLAIKSNEPELLRRDALPIYKNASYCVDERVRDLLSRMTLEEKAGQLFHKQLSEGPLDDDSSGNSTETMIGKKHMTHFNLASDITNATQTAEFINLIQKRALQTRLGIPITISTDPRHSFTENVGTGFQAGVFSQWPESLGLAALRDPQLVREFAEVAREEYLAVGIRAALHPQVDLSTEPRWARISGTWGENSTLTSELIVEYIKGFQGEGKLGPKSVKTVTKHFPGGGPMENGEDSHFYYGKNQTYPGNNIDEHLIPFKAALAAGATEIMPYYSRPIGTNWEAVGFSFNKEIVTDLLRGELGFDGIVLTDWGLITDTYIGNQYMPARAWGVEYLSELQRAARILDAGCDQFGGEERPELIVQLVREGTISEDRIDVSVARLLKEKFLLGLFDNPFVNASAANNIVGNEHFVNLGRDAQRRSYTLLTNNQTILPLAKPGEGTRFYIEGFDSAFMSARNYTVVNTTEEADFALLRYNAPYEPRNGTFEANFHAGSLAFNATEKARQAKIYSSLPTIVDIILDRPAVIPEVVEQAQAVLASYGSDSEAFLDVVFGVSKPEGKLPFDLPRSMDAVEAQAEDLPFDTENPVFRYGHGLEYEDN,Beta-glucosidase,3.2.1.21,UniProt_Direct,,50.0,5.0,Q5BCC6
G4N7Z0,,,,cellulose,Pyricularia oryzae (strain 70-15 / ATCC MYA-4617 / FGSC 8958) (Rice blast fungus) (Magnaporthe oryzae),,,,,,,,,,,,,MRWSSPTSSSLSLVALLLVAHVDAAERATSPPVHPSPPMKGAGVWSAAYASAKELVSQMTLEEMVNITGGFATTENVCAGNTGTVPRLGWPGLCLHDAGNGVRATDLVSAYPSGLHVGASWDKNLTYERGLYMGKEFKAKGVNVLLGPNAGALGRVPVAGRNWEGFTIDPYLSGILNAESIVGHQEAGVIATTKHFIGNEQELYRRPYFGVEAVSSNIDDKTVHELYMWPFMDSVKAGAASAMCSYQRVNNTYACMNSKLMNGLLKGELEFEGFIMLDWNAVHTVDSAEAGLDMVMPRGNWGTNLTAAINNGTTSKERLVDMATRIVAAWYFVGQDGDKFPKPGVGMYNLTQPHTPVEARVSESKPIIMEGAVAGHVLLKNEKNALPLKKPKMLSVYGYDATVPRTKNTDVLFTLGYYSSAEMAQAVLGTEQHFDQAAKGGTIISGGRAGANGPPYISDPLSAIQHRAADDDTWVNWDLDSGNPDVNSGSDACLVFINAIATEGWDRDGLHDDFSDGLVLNVASKCENTIVVIHNAGVRLVDQWVDHPNVTALVMAHLPGQDSGAALVKLLYGEEYFSGKLPYTIPHNESDYGHVYRSCAHDRAQDDKDPQCDFTEGVYIDYRDFDARNVTPRFEFGFGLGYTTFEFSELSIETSENLTAGVGSGSIWDHVAIVHATIKNNGSADGAEVAQLYLGIPNSPPKQLRGFEKVALSPGVSAPVRFELTRRDFSIWDVVAQKWVVQEGSYSVHVGASSRDIRLSDDIKI,Beta-glucosidase,3.2.1.21,UniProt_Direct,,50.0,5.0,G4N7Z0
P26205,,,,cellulose,Trifolium repens (Creeping white clover),,,,,,,,,,,,,LLSITTTHIHAFKPLPISFDDFSDLNRSCFAPGFVFGTASSAFQYEGAAFEDGKGPSIWDTFTHKYPEKIKDRTNGDVAIDEYHRYKEDIGIMKDMNLDAYRFSISWPRVLPKGKLSGGVNREGINYYNNLINEVLANGMQPYVTLFHWDVPQALEDEYRGFLGRNIVDDFRDYAELCFKEFGDRVKHWITLNEPWGVSMNAYAYGTFAPGRCSDWLKLNCTGGDSGREPYLAAHYQLLAHAAAARLYKTKYQASQNGIIGITLVSHWFEPASKEKADVDAAKRGLDFMLGWFMHPLTKGRYPESMRYLVRKRLPKFSTEESKELTGSFDFLGLNYYSSYYAAKAPRIPNARPAIQTDSLINATFEHNGKPLGPMAASSWLCIYPQGIRKLLLYVKNHYNNPVIYITENGRNSSTINTVTSRIPF,Beta-glucosidase,3.2.1.21,UniProt_Direct,,50.0,5.0,P26205
Q5AWI5,,,,cellulose,Emericella nidulans (strain FGSC A4 / ATCC 38163 / CBS 112.46 / NRRL 194 / M139) (Aspergillus nidulans),,,,,,,,,,,,,MAGTLLSWTPLALALMARALSQLPLTDCPGYRVINVEERPRGLTADLTLAGTPCNVYGVDIENLRLETDYDTNQRLHVKIYDADENVYQVPDSVFPRPVVNDQACADENTPELRFSYAEDPFSFAVSRASNDETLFNTTGHNLIFQSQYVNLRTSLPQNPNLYGLGEHSDPLRLNTINYTRTLWNRDAYTIPAGTNLYGAHPMYIDHRGEAGTHGVFLLNSNGMDIKIDKNSDNIQFLEYNILGGVLDFYFFAGPSPKDVSVQYAEVAGLPAMVPYWGLGFHQCRYGYRDIFEVAAVVHNYSEARIPLETMWTDIDYMDHRKVFTLDRERFPLDTVRALVQYLHQRDQHYIVMVDPAVAHSENGAFTRGLEKDVFMRKQDGTLYQGAVWPGATVFPDWFHPNTSDYWINEFALFFNAESGVDIDALWIDMNEAANFCDWPCTDPVAYAEENNLPPEPPAVRPNPSSLPGFPAEFQPVNSNNNNSSRKRETQVVIAARQGFVKVGNDNGNGRRLGLQGRELIDPPYKIANAAGSLSNKTMNTDIFHANGLAEYDTHNLYGTMMSSLSRDAMLYRRPEKRPLVITRSTFAGAGSYVGHWLGDNASTWTKYRISIAQMLAFASIFQIPMVGSDACGFTGNTTEELCSRWATLAAFNPFFRNHNEYGMVSQEFYRWNSVAEAARKAISIRYSLLDYLYTEFHEQTVTGEPFLLPLFFVYPNDPNVVGIDSQFFYGDAILVSPVIEEGKTEVHAYFPGDLFYDWYTGLPLRGNGEVITLTDIGYTDIPLHVRGGKIVPVRTGSAGMNTTTEVRKSGFRLVIAPGLDGRAAGRLYIDDGESLEQTAMVDVVFTYEDGRVSVDGVFTLQTDLRVEAVTVFGDNVVERTIDLPLSGPGGVEL,Beta-glucosidase,3.2.1.21,UniProt_Direct,,50.0,5.0,Q5AWI5
Q25BW4,,,,cellulose,Phanerodontia chrysosporium (White-rot fungus) (Sporotrichum pruinosum),,,,,,,,,,,,,MSASAAPPNKLPADFLWGFATASFQIEGATDVDGRGKSIWDDFSKIPGKTLDGKNGDVATDSYNRWREDVDLLVQYGVKSYRFSISWSRIIPLGGRNDPVNEAGIKFYSDLIDALLERGIVPFVTLYHWDLPQALHDRYLGWLNKDEIVQDYVRYAGVCFERFGDRVKHWLTMNEPWCISILGYGRGVFAPGRSSDRMRSPEGDSSTEPWIVGHSVILAHAYAVKLYREQFKANRGGQIGITLNGDWAMPYDDSPQNIEAAQHALDVAIGWFADPIYLGQYPAYMKEMLGDRLPEFTPEELAVVKGSSDFYGMNTYTTNLCKAGGEDEFQGNVEYTFTRPDGTQLGTAAHCSWLQDYAPGFRDLLNYLYKRYRKPIYVTENGFAVKDENSKPLEEALKDDDRVHYYQGVTDSLLAAVKEDGVDVRGYFGWSLLDNFEWADGYITRFGVTYVDYDTQKRYPKDSGKFLSQWFPAHIAESPKPAAETKKAATPSPLKPHGAISNGVSKKSSATKEPKSASRKKGRKAPFARFTAYISAFLGL,Beta-glucosidase,3.2.1.21,UniProt_Direct,,50.0,5.0,Q25BW4
A3C053,,,,cellulose,Oryza sativa subsp. japonica (Rice),,,,,,,,,,,,,MAWLGIGMGRQIVPVLVFVAVLCSGVDASFNRYSFPKDFIFGTGSAAYQYEGAAKEGGKILNGDTGDVADDFYHRYKEDVNLLKDMNMDAFRFSISWSRILPNGTLSGGVNKEGVAFYNNLINEIIAKGMKPFVTIFHWDTPQALESKYGGFLSENIIKDYVDFAEVCFREFGDRVKFWATFNEPWTYCSQGYGTGIHALGRCSPYVSTSCAGGDSSREPYLAAHHVILAHATAVHLYRTKYQPTQHGQIGITAVSHWFVPYNDTAADRRVVQRSLDFMYGWFLDPIVHGDYPGTMRGWLGARLPAFTAEQAAAVRGSYDFIGVNYYTTYYAKSVPLPSSNRLSYDTDIRANTTGFRNGKPIGPQEFTPIFFNYPPGLRELLLYTKRRYNNPIIYVTENGIAEGNNKSLPITEALKDGHRIEFHSKHLQFVNHAIKNGVNVKGYFTWTFMDCFEWGDGYLDRFGLIYIDRLNNLKRYHKQSSYWIANFLKRKKY,Beta-glucosidase,3.2.1.21,UniProt_Direct,,50.0,5.0,A3C053
B7ECS8,,,,cellulose,Oryza sativa subsp. japonica (Rice),,,,,,,,,,,,,MAVAGAVAMSGGILLLLLLLLLLLAAACVEAGELPPISRRSFPKGFIFGTSSASYQCEGGAAEGGRGPSIWDTFTYQHPDKIADKSNGDVADNTYHLYKEDVHMMKEMGMDAYRFSISWSRILPNGSLNGGVNIEGINYYNNLINELLLKGVQSFVTLFHYDTPQALEDKYNGFLSPNIINDYKDYAEICFKEFGDRVKHWITFNEPWIFCSKAYASGTYAPGRCSPWEMGKCSVGDSGREPYTACHHQLLAHAETVRLYREKYQFTEEVVRQSQFIHDNDLHRRSAKLSFIIQNYLLLGIHFQPGPGGRVCQYRH,Beta-glucosidase,3.2.1.21,UniProt_Direct,,50.0,5.0,B7ECS8
Q0J0G2,,,,cellulose,Oryza sativa subsp. japonica (Rice),,,,,,,,,,,,,MAAGARALVPSPFIVVVFLLLAAAARDASALTRHDFPEGFVFGAGTSAFQVEGAAAEDGRKPSIWDTFTHQGYSPGGAIADVSADQYHHYKEDVKLMYDMGLDAYRFSIAWPRLIPDGRGEINPKGLEYYNNLIDELIMHGIQPHVTIYHFDLPQALQDEYGGILSPRFIEDYTAYAEVCFKNFGDRVKHWVTVNEPNIEPIGGYDAGVQPPRRCSYPFGTNCTGGDSSTEPYIVAHHLLLAHASAVSIYRQKYQAIQGGQIGITLLGWWYEPYTDAVADAAAAIRMNEFHIGWFMNPLVHGDYPPVMRSRVGARLPSITASDSEKIRGSFDFIGINHYFVIFVQSSDANHDQKLRDYYVDAGVQENGGGGFDKEHYQLHPWALGKMLHHLKLKYGNPPVMIHENGDADSPETPGKIDYDDDFRSDFLQSYLEVLHLSIRNGSNTRGYFVWSLLDGFEFLSGYGNRFGLCCVDFTAPARTRYVRSSARWYSDFLNGGELRPVKPFVAL,Beta-glucosidase,3.2.1.21,UniProt_Direct,,50.0,5.0,Q0J0G2
Q5N863,,,,cellulose,Oryza sativa subsp. japonica (Rice),,,,,,,,,,,,,MGSTGRDAEVTRGDFPDGFVFGVATSAYQIEGARREGGKGDNIWDVFTENKERILDGSSGEVAVDHYHRYKEDIELMASLGFRAYRFSISWPRIFPDGLGKNVNEQGVAFYNDLINFMIEKGIEPYATLYHWDLPHNLQQTVGGWLSDKIVEYFALYAEACFANFGDRVKHWITINEPLQTAVNGYGIGHFAPGGCEGETARCYLAAHYQILAHAAAVDVYRRKFKAVQGGEVGLVVDCEWAEPFSEKTEDQVAAERRLDFQLGWYLDPIYFGDYPESMRQRLGDDLPTFSEKDKEFIRNKIDFVGINHYTSRFIAHHQDPEDIYFYRVQQVERIEKWNTGEKIGERAASEWLFIVPWGLRKLLNYAAKRYGNPVIYVTENGMDEEDDQSATLDQVLNDTTRVGYFKGYLASVAQAIKDGADVRGYFAWSFLDNFEWAMGYTKRFGIVYVDYKNGLSRHPKASARWFSRFLKGDDAENKADMN,Beta-glucosidase,3.2.1.21,UniProt_Direct,,50.0,5.0,Q5N863
Q60DX8,,,,cellulose,Oryza sativa subsp. japonica (Rice),,,,,,,,,,,,,MAVSSSTSTCSSFSLLLLLLLLAAAPWRSGEAAAAAARALNFTRQDFPGEFVFGAGTSAYQYEGATDEDGRSPSIWDTFTHAGKMPDKSTGDMGAGGYHKYKEDVKLMSDTSLEAYRFSISWSRLIPRGRGPVNPKGLEYYNSLIDELVERGIEIHVTLYHLDFPQILEDEYHGWLSPRVIDDFTAYADVCFREFGDRVRHWTTMDEPNVLSIAAYDSGAFPPCRCSPPFGANCTAGNSTVEPYVVAHNSILAHASVTRLYRDKYQATQEGFVGMNIYSFWNYPFSSSSADIAATQRALDFMVGWILDPLVYGDYPEIMKKKAGSRIPSFTEEQSELIRGSADFIGINHYTSVYISDASNGETVGPRDYSADMAATFRISRNDTPSGQFVPTRLPRDPKGLQCMLEYLRDTYQGIPVYIQENGFGHFGKDDDSLNDTDRVDYLSSYMGSTLAALRNGANVKGYFVWSFLDVFELLAGYHSPFGLHYVDFEDPNLPRQPKLSAHWYSKFLRGEIGINIESTISPDEHEHEHADQ,Beta-glucosidase,3.2.1.21,UniProt_Direct,,50.0,5.0,Q60DX8
A0A024RXP8,,,,cellulose,Hypocrea jecorina (strain ATCC 56765 / BCRC 32924 / NRRL 11460 / Rut C-30) (Trichoderma reesei),,,,,,,,,,,,,MYRKLAVISAFLATARAQSACTLQSETHPPLTWQKCSSGGTCTQQTGSVVIDANWRWTHATNSSTNCYDGNTWSSTLCPDNETCAKNCCLDGAAYASTYGVTTSGNSLSIGFVTQSAQKNVGARLYLMASDTTYQEFTLLGNEFSFDVDVSQLPCGLNGALYFVSMDADGGVSKYPTNTAGAKYGTGYCDSQCPRDLKFINGQANVEGWEPSSNNANTGIGGHGSCCSEMDIWEANSISEALTPHPCTTVGQEICEGDGCGGTYSDNRYGGTCDPDGCDWNPYRLGNTSFYGPGSSFTLDTTKKLTVVTQFETSGAINRYYVQNGVTFQQPNAELGSYSGNELNDDYCTAEEAEFGGSSFSDKGGLTQFKKATSGGMVLVMSLWDDYYANMLWLDSTYPTNETSSTPGAVRGSCSTSSGVPAQVESQSPNAKVTFSNIKFGPIGSTGNPSGGNPPGGNPPGTTTTRRPATTTGSSPGPTQSHYGQCGGIGYSGPTVCASGTTCQVLNPYYSQCL,Cellobiohydrolase,3.2.1.91,UniProt_Direct,,50.0,5.0,A0A024RXP8
A0A024SH76,,,,cellulose,Hypocrea jecorina (strain ATCC 56765 / BCRC 32924 / NRRL 11460 / Rut C-30) (Trichoderma reesei),,,,,,,,,,,,,MIVGILTTLATLATLAASVPLEERQACSSVWGQCGGQNWSGPTCCASGSTCVYSNDYYSQCLPGAASSSSSTRAASTTSRVSPTTSRSSSATPPPGSTTTRVPPVGSGTATYSGNPFVGVTPWANAYYASEVSSLAIPSLTGAMATAAAAVAKVPSFMWLDTLDKTPLMEQTLADIRTANKNGGNYAGQFVVYDLPDRDCAALASNGEYSIADGGVAKYKNYIDTIRQIVVEYSDIRTLLVIEPDSLANLVTNLGTPKCANAQSAYLECINYAVTQLNLPNVAMYLDAGHAGWLGWPANQDPAAQLFANVYKNASSPRALRGLATNVANYNGWNITSPPSYTQGNAVYNEKLYIHAIGPLLANHGWSNAFFITDQGRSGKQPTGQQQWGDWCNVIGTGFGIRPSANTGDSLLDSFVWVKPGGECDGTSDSSAPRFDSHCALPDALQPAPQAGAWFQAYFVQLLTNANPSFL,Cellobiohydrolase,3.2.1.91,UniProt_Direct,,50.0,5.0,A0A024SH76
P62694,,,,cellulose,Hypocrea jecorina (Trichoderma reesei),,,,,,,,,,,,,MYRKLAVISAFLATARAQSACTLQSETHPPLTWQKCSSGGTCTQQTGSVVIDANWRWTHATNSSTNCYDGNTWSSTLCPDNETCAKNCCLDGAAYASTYGVTTSGNSLSIGFVTQSAQKNVGARLYLMASDTTYQEFTLLGNEFSFDVDVSQLPCGLNGALYFVSMDADGGVSKYPTNTAGAKYGTGYCDSQCPRDLKFINGQANVEGWEPSSNNANTGIGGHGSCCSEMDIWEANSISEALTPHPCTTVGQEICEGDGCGGTYSDNRYGGTCDPDGCDWNPYRLGNTSFYGPGSSFTLDTTKKLTVVTQFETSGAINRYYVQNGVTFQQPNAELGSYSGNELNDDYCTAEEAEFGGSSFSDKGGLTQFKKATSGGMVLVMSLWDDYYANMLWLDSTYPTNETSSTPGAVRGSCSTSSGVPAQVESQSPNAKVTFSNIKFGPIGSTGNPSGGNPPGGNRGTTTTRRPATTTGSSPGPTQSHYGQCGGIGYSGPTVCASGTTCQVLNPYYSQCL,Cellobiohydrolase,3.2.1.91,UniProt_Direct,,50.0,5.0,P62694
Q9C1S9,,,,cellulose,Humicola insolens (Soft-rot fungus),,,,,,,,,,,,,MAKFFLTAAFAAAALAAPVVEERQNCAPTWGQCGGIGFNGPTCCQSGSTCVKQNDWYSQCLPGSQVTTTSTTSTSSSSTTSRATSTTRTGGVTSITTAPTRTVTIPGGATTTASYNGNPFEGVQLWANNYYRSEVHTLAIPQITDPALRAAASAVAEVPSFQWLDRNVTVDTLLVETLSEIRAANQAGANPPYAAQIVVYDLPDRDCAAAASNGEWAIANNGANNYKGYINRIREILISFSDVRTILVIEPDSLANMVTNMNVAKCSGAASTYRELTIYALKQLDLPHVAMYMDAGHAGWLGWPANIQPAAELFAKIYEDAGKPRAVRGLATNVANYNAWSISSPPPYTSPNPNYDEKHYIEAFRPLLEARGFPAQFIVDQGRSGKQPTGQKEWGHWCNAIGTGFGMRPTANTGHQYVDAFVWVKPGGECDGTSDTTAARYDYHCGLEDALKPAPEAGQWFQAYFEQLLRNANPPF,Cellobiohydrolase,3.2.1.91,UniProt_Direct,,50.0,5.0,Q9C1S9
Q9P8P3,,,,cellulose,Trichoderma harzianum (Hypocrea lixii),,,,,,,,,,,,,MYRKLAVISAFLAAARAQQVCTQQAETHPPLTWQKCTASGCTPQQGSVVLDANWRWTHDTKSTTNCYDGNTWSSTLCPDDATCAKNCCLDGANYSGTYGVTTSGDALTLQFVTASNVGSRLYLMANDSTYQEFTLSGNEFSFDVDVSQLPCGLNGALYFVSMDADGGQSKYPGNAAGAKYGTGYCDSQCPRDLKFINGQANVEGWEPSSNNANTGVGGHGSCCSEMDIWEANSISEALTPHPCETVGQTMCSGDSCGGTYSNDRYGGTCDPDGCDWNPYRLGNTSFYGPGSSFALDTTKKLTVVTQFATDGSISRYYVQNGVKFQQPNAQVGSYSGNTINTDYCAAEQTAFGGTSFTDKGGLAQINKAFQGGMVLVMSLWDDYAVNMLWLDSTYPTNATASTPGAKRGSCSTSSGVPAQVEAQSPNSKVIYSNIRFGPIGSTGGNTGSNPPGTSTTRAPPSSTGSSPTATQTHYGQCGGTGWTGPTRCASGYTCQVLNPFYSQCL,Cellobiohydrolase,3.2.1.91,UniProt_Direct,,50.0,5.0,Q9P8P3
P07987,,,,cellulose,Hypocrea jecorina (Trichoderma reesei),,,,,,,,,,,,,MIVGILTTLATLATLAASVPLEERQACSSVWGQCGGQNWSGPTCCASGSTCVYSNDYYSQCLPGAASSSSSTRAASTTSRVSPTTSRSSSATPPPGSTTTRVPPVGSGTATYSGNPFVGVTPWANAYYASEVSSLAIPSLTGAMATAAAAVAKVPSFMWLDTLDKTPLMEQTLADIRTANKNGGNYAGQFVVYDLPDRDCAALASNGEYSIADGGVAKYKNYIDTIRQIVVEYSDIRTLLVIEPDSLANLVTNLGTPKCANAQSAYLECINYAVTQLNLPNVAMYLDAGHAGWLGWPANQDPAAQLFANVYKNASSPRALRGLATNVANYNGWNITSPPSYTQGNAVYNEKLYIHAIGPLLANHGWSNAFFITDQGRSGKQPTGQQQWGDWCNVIGTGFGIRPSANTGDSLLDSFVWVKPGGECDGTSDSSAPRFDSHCALPDALQPAPQAGAWFQAYFVQLLTNANPSFL,Cellobiohydrolase,3.2.1.91,UniProt_Direct,,50.0,5.0,P07987
D4HRL0,,,,cellulose,Limnoria quadripunctata (Gribble),,,,,,,,,,,,,MSLAVVFLLGFLAVSHGQQAGTETEEYHLPLTWERDGSSVSASVVIDSNWRWTHSTEDTTNCYDGNEWDSTLCPDADTCTENCAIDGVDQGTWGDTYGITASGSKLTLSFVTEGEYSTDIGSRVFLMADDDNYEIFNLLDKEFSFDVDASNLPCGLNGALYFVSMDEDGGTSKYSTNTAGAKYGTGYCDAQCPHDMKFIAGKANSDGWTPSDNDQNAGTGEMGACCHEMDIWEANSQAQSYTAHVCSVDGYTPCTGTDCGDNGDDRYKGVCDKDGCDYAAYRLGQHDFYGEGGTVDSGSTLTVITQFITGGGGLNEIRRIYQQGGQTIQNAAVNFPGDVDPYDSITEDFCVDIKRYFGDTNDFDAKGGMSGMSNALKKGMVLVMSLWDDHYANMLWLDATYPVDSTEPGALRGPCSTDSGDPADVEANFPGSTVTFSNIKIGPIQSYD,Cellobiohydrolase,3.2.1.91,UniProt_Direct,,50.0,5.0,D4HRL0
E4Q361,,,,cellulose,Caldicellulosiruptor owensensis (strain ATCC 700167 / DSM 13100 / OL),,,,,,,,,,,,,MSFPKGFLWGAATASYQIEGAWNEDGKGESIWDRFTHQKGNILYGHNGDVACDHYHRHEEDVSLMKELGIKAYRFSTAWARIFPDGFGNINQKGLEFYDKLINELVENGIEPVVTLYHWDLPQKLQDIGGWANPEIVNYYFEYAMLIINRYKDKVKKWITFNEPYCIAFLGHWHGIHAPGIKNFKVAMDVVHNIMLSHFKVVKAVKENNIDVEIGITLNLTPVYLQTERLGYKVSEIEREMVNLSSQLDNELFLDPVLKGSYPQKLLDYLVQKDLLDSQKVNNMQQEVKENFIFPDFLGINYYTRSVRLYDENSGWIFPIRWEHPAGEYTEMGWEVFPQGLFDLLIWIKESYPQIPIYITENGAAYNDKVEDGRVHDQKRVEYLKQHFEAARKAIKNGVDLRGYFVWSLIDNFEWAMGYTKRFGIIYVDYETQKRIKKDSFYFYQQYIKENS,Cellobiohydrolase,3.2.1.91,UniProt_Direct,,50.0,5.0,E4Q361
Q8WZJ4,,,,cellulose,Talaromyces funiculosus (Fruitlet core rot fungus) (Penicillium funiculosum),,,,,,,,,,,,,MSALNSFNMYKSALILGSLLATAGAQQIGTYTAETHPSLSWSTCKSGGSCTTNSGAITLDANWRWVHGVNTSTNCYTGNTWNTAICDTDASCAQDCALDGADYSGTYGITTSGNSLRLNFVTGSNVGSRTYLMADNTHYQIFDLLNQEFTFTVDVSNLPCGLNGALYFVTMDADGGVSKYPNNKAGAQYGVGYCDSQCPRDLKFIAGQANVEGWTPSTNNSNTGIGNHGSCCAELDIWEANSISEALTPHPCDTPGLTVCTADDCGGTYSSNRYAGTCDPDGCDFNPYRLGVTDFYGSGKTVDTTKPFTVVTQFVTDDGTSSGSLSEIRRYYVQNGVVIPQPSSKISGISGNVINSDFCAAELSAFGETASFTNHGGLKNMGSALEAGMVLVMSLWDDYSVNMLWLDSTYPANETGTPGAARGSCPTTSGNPKTVESQSGSSYVVFSDIKVGPFNSTFSGGTSTGGSTTTTASGTTSTKASTTSTSSTSTGTGVAAHWGQCGGQGWTGPTTCASGTTCTVVNPYYSQCL,Cellobiohydrolase,3.2.1.91,UniProt_Direct,,50.0,5.0,Q8WZJ4
P07986,,,,cellulose,Cellulomonas fimi,,,,,,,,,,,,,MPRTTPAPGHPARGARTALRTTRRRAATLVVGATVVLPAQAATTLKEAADGAGRDFGFALDPNRLSEAQYKAIADSEFNLVVAENAMKWDATEPSQNSFSFGAGDRVASYAADTGKELYGHTLVWHSQLPDWAKNLNGSAFESAMVNHVTKVADHFEGKVASWDVVNEAFADGDGPPQDSAFQQKLGNGYIETAFRAARAADPTAKLCINDYNVEGINAKSNSLYDLVKDFKARGVPLDCVGFQSHLIVGQVPGDFRQNLQRFADLGVDVRITELDIRMRTPSDATKLATQAADYKKVVQACMQVTRCQGVTVWGITDKYSWVPDVFPGEGAALVWDASYAKKPAYAAVMEAFGASPTPTPTTPTPTPTTPTPTPTSGPAGCQVLWGVNQWNTGFTANVTVKNTSSAPVDGWTLTFSFPSGQQVTQAWSSTVTQSGSAVTVRNAPWNGSIPAGGTAQFGFNGSHTGTNAAPTAFSLNGTPCTVG,Cellobiohydrolase,3.2.1.91,UniProt_Direct,,50.0,5.0,P07986
B2ABX7,,,,cellulose,Podospora anserina (strain S / ATCC MYA-4624 / DSM 980 / FGSC 10383) (Pleurage anserina),,,,,,,,,,,,,MAKRLLLTAALAATTLAAPVIEERQNCGSVWSQCGGQGWTGATCCASGSTCVAQNQWYSQCLPGSQVTTTAQAPSSTRTTTSSSSRPTSSSISTSAVNVPTTTTSAGASVTVPPGGGASSTASYSGNPFLGVQQWANSYYSSEVHTLAIPSLTGPMATKAAAVAKVPSFQWMDRNVTVDTLFSGTLADIRAANRAGANPPYAGIFVVYDLPDRDCAAAASNGEWAIADGGAAKYKAYIDRIRHHLVQYSDIRTILVIEPDSLANMVTNMNVPKCQGAANTYKELTVYALKQLNLPNVAMYLDAGHAGWLGWPANIGPAAELFAGIYKDAGRPTSLRGLATNVANYNGWSLSSAPSYTTPNPNFDEKRFVQAFSPLLTAAGFPAHFITDTGRSGKQPTGQLEWGHWCNAIGTGFGPRPTTDTGLDIEDAFVWIKPGGECDGTSDTTAARYDHHCGFADALKPAPEAGQWFQAYFEQLLTNANPPF,Cellobiohydrolase,3.2.1.91,UniProt_Direct,,50.0,5.0,B2ABX7
Q5B2E8,,,,cellulose,Emericella nidulans (strain FGSC A4 / ATCC 38163 / CBS 112.46 / NRRL 194 / M139) (Aspergillus nidulans),,,,,,,,,,,,,MHYSASGLALAFLLPAIQAQQTLYGQCGGSGWTGATSCVAGAACSTLNQWYAQCLPAATTTSTTLTTTTSSVTTTSNPGSTTTTSSVTVTATASGNPFSGYQLYVNPYYSSEVQSIAIPSLTGTLSSLAPAATAAAKVPSFVWLDVAAKVPTMATYLADIRSQNAAGANPPIAGQFVVYDLPDRDCAALASNGEFAISDGGVQHYKDYIDSIREILVEYSDVHVILVIEPDSLANLVTNLNVAKCANAQSAYLECTNYAVTQLNLPNVAMYLDAGHAGWLGWPANLQPAANLYAGVYSDAGSPAALRGLATNVANYNAWAIDTCPSYTQGNSVCDEKDYINALAPLLRAQGFDAHFITDTGRNGKQPTGQQAWGDWCNVIGTGFGARPSTNTGDSLLDAFVWVKPGGESDGTSDTSAARYDAHCGYSDALQPAPEAGTWFQAYFVQLLQNANPSF,Cellobiohydrolase,3.2.1.91,UniProt_Direct,,50.0,5.0,Q5B2E8
Q9UVS8,,,,cellulose,Aspergillus niger,,,,,,,,,,,,,MSSFQIYRAALLLSILATANAQQVGTYTTETHPSLTWQTCTSDGSCTTNDGEVVIDANWRWVHSTSSATNCYTGNEWDTSICTDDVTCAANCALDGATYEATYGVTTSGSELRLNFVTQGSSKNIGSRLYLMSDDSNYELFKLLGQEFTFDVDVSNLPCGLNGALYFVAMDADGGTSEYSGNKAGAKYGTGYCDSQCPRDLKFINGEANCDGWEPSSNNVNTGVGDHGSCCAEMDVWEANSISNAFTAHPCDSVSQTMCDGDSCGGTYSASGDRYSGTCDPDGCDYNPYRLGNTDFYGPGLTVDTNSPFTVVTQFITDDGTSSGTLTEIKRLYVQNGEVIANGASTYSSVNGSSITSAFCESEKTLFGDENVFDKHGGLEGMGEAMAKGMVLVLSLWDDYAADMLWLDSDYPVNSSASTPGVARGTCSTDSGVPATVEAESPNAYVTYSNIKFGPIGSTYSSGSSSGSGSSSSSSSTTTKATSTTLKTTSTTSSGSSSTSAAQAYGQCGGQGWTGPTTCVSGYTCTYENAYYSQCL,Cellobiohydrolase,3.2.1.91,UniProt_Direct,,50.0,5.0,Q9UVS8
B0Y8K2,,,,cellulose,Aspergillus fumigatus (strain CBS 144.89 / FGSC A1163 / CEA10) (Neosartorya fumigata),,,,,,,,,,,,,MLASTFSYRMYKTALILAALLGSGQAQQVGTSQAEVHPSMTWQSCTAGGSCTTNNGKVVIDANWRWVHKVGDYTNCYTGNTWDTTICPDDATCASNCALEGANYESTYGVTASGNSLRLNFVTTSQQKNIGSRLYMMKDDSTYEMFKLLNQEFTFDVDVSNLPCGLNGALYFVAMDADGGMSKYPTNKAGAKYGTGYCDSQCPRDLKFINGQANVEGWQPSSNDANAGTGNHGSCCAEMDIWEANSISTAFTPHPCDTPGQVMCTGDACGGTYSSDRYGGTCDPDGCDFNSFRQGNKTFYGPGMTVDTKSKFTVVTQFITDDGTSSGTLKEIKRFYVQNGKVIPNSESTWTGVSGNSITTEYCTAQKSLFQDQNVFEKHGGLEGMGAALAQGMVLVMSLWDDHSANMLWLDSNYPTTASSTTPGVARGTCDISSGVPADVEANHPDAYVVYSNIKVGPIGSTFNSGGSNPGGGTTTTTTTQPTTTTTTAGNPGGTGVAQHYGQCGGIGWTGPTTCASPYTCQKLNDYYSQCL,Cellobiohydrolase,3.2.1.91,UniProt_Direct,,50.0,5.0,B0Y8K2
B2AE04,,,,cellulose,Podospora anserina (strain S / ATCC MYA-4624 / DSM 980 / FGSC 10383) (Pleurage anserina),,,,,,,,,,,,,MKITSSAAALALVASAVAAPSPTTQDKPTKRQAGCASAVSLNAQTNVFKQYTLHANNFYRKEIEELAIPNLSDPSLEAAARKVADTGSFVWLDTIANVDRLEPALAEVPCNEILGVVVYDLPGRDCAAKASNGELKVGELNRYKTEFIDRIASILKAHPNTAVALVIEPDSLPNLVTNSDVQACRNSAAGYRDGVAYALKTLNLPNVVQYIDAGHGGWLGWDANLKPGAEELAKAYKAAGSPKQFRGIATNVAGWNAWDLSPGEFSSASDAKYNSCQNERTYVNTFGQRLKAAGMPNHAIVDTGRNGVQGLREEWGNWCNVDGAGFGRPPSADTGLELADAFVWVKPGGESDGTSDSSAVRYDSFCGKPDAFQPSPEAGAWHQEYFEMLLRNSNPSLL,Cellobiohydrolase,3.2.1.91,UniProt_Direct,,50.0,5.0,B2AE04
G4MM92,,,,cellulose,Pyricularia oryzae (strain 70-15 / ATCC MYA-4617 / FGSC 8958) (Rice blast fungus) (Magnaporthe oryzae),,,,,,,,,,,,,MASKLFLAAALLQGALSSPLAVEERQACAAQWGQCGGQDYTGPTCCQSGSTCVVSNQWYSQCLPGSSNPTTTSRTSTSSSSSTSRTSSSTSRPPSSVPTTPTSVPPTITTTPTTTPTGGSGPGTTASFTGNPFAGVNLFPNKFYSSEVHTLAIPSLTGSLVAKASAVAQVPSFQWLDIAAKVETLMPGALADVRAANAAGGNYAAQLVVYDLPDRDCAAAASNGEFSIADGGVVKYKAYIDAIRKQLLAYSDVRTILVIEPDSLANMVTNMGVPKCAGAKDAYLECTIYAVKQLNLPHVAMYLDGGHAGWLGWPANLQPAADLFGKLYADAGKPSQLRGMATNVANYNAWDLTTAPSYTTPNPNFDEKKYISAFAPLLAAKGWSAHFIIDQGRSGKQPTGQKEWGHWCNQQGVGFGRRPSANTGSELADAFVWIKPGGECDGVSDPTAPRFDHFCGTDYGAMSDAPQAGQWFQKYFEMLLTNANPPL,Cellobiohydrolase,3.2.1.91,UniProt_Direct,,50.0,5.0,G4MM92
O59843,,,,cellulose,Aspergillus aculeatus,,,,,,,,,,,,,MVDSFSIYKTALLLSMLATSNAQQVGTYTAETHPSLTWQTCSGSGSCTTTSGSVVIDANWRWVHEVGGYTNCYSGNTWDSSICSTDTTCASECALEGATYESTYGVTTSGSSLRLNFVTTASQKNIGSRLYLLADDSTYETFKLFNREFTFDVDVSNLPCGLNGALYFVSMDADGGVSRFPTNKAGAKYGTGYCDSQCPRDLKFIDGQANIEGWEPSSTDVNAGTGNHGSCCPEMDIWEANSISSAFTAHPCDSVQQTMCTGDTCGGTYSDTTDRYSGTCDPDGCDFNPYRFGNTNFYGPGKTVDNSKPFTVVTQFITHDGTDTGTLTEIRRLYVQNGVVIGNGPSTYTAASGNSITESFCKAEKTLFGDTNVFETHGGLSAMGDALGDGMVLVLSLWDDHAADMLWLDSDYPTTSCASSPGVARGTCPTTTGNATYVEANYPNSYVTYSNIKFGTLNSTYSGTSSGGSSSSSTTLTTKASTSTTSSKTTTTTSKTSTTSSSSTNVAQLYGQCGGQGWTGPTTCASGTCTKQNDYYSQCL,Cellobiohydrolase,3.2.1.91,UniProt_Direct,,50.0,5.0,O59843
P50899,,,,cellulose,Cellulomonas fimi (strain ATCC 484 / DSM 20113 / JCM 1341 / CCUG 24087 / LMG 16345 / NBRC 15513 / NCIMB 8980 / NCTC 7547 / NRS-133),,,,,,,,,,,,,MSSTTRRRSAWVAAATVGVSSFLAVAGITPAIAAAGAGQPATVTVPAASPVRAAVDGEYAQRFLAQYDKIKDPANGYFSAQGIPYHAVETLMVEAPDYGHETTSEAYSYWLWLEALYGQVTQDWAPLNHAWDTMEKYMIPQSVDQPTNSFYNPNSPATYAPEFNHPSSYPSQLNSGISGGTDPIGAELKATYGNADVYQMHWLADVDNIYGFGATPGAGCTLGPTATGTSFINTFQRGPQESVWETVPQPSCEEFKYGGKNGYLDLFTKDASYAKQWKYTSASDADARAVEAVYWANQWATEQGKAADVAATVAKAAKMGDYLRYTLFDKYFKKIGCTSPTCAAGQGREAAHYLLSWYMAWGGATDTSSGWAWRIGSSHAHFGYQNPLAAWALSTDPKLTPKSPTAKADWAASMQRQLEFYTWLQASNGGIAGGATNSWDGAYAQPPAGTPTFYGMGYTEAPVYVDPPSNRWFGMQAWGVQRVAELYYASGNAQAKKILDKWVPWVVANISTDGASWKVPSELKWTGKPDTWNAAAPTGNPGLTVEVTSYGQDVGVAADTARALLFYAAKSGDTASRDKAKALLDAIWANNQDPLGVSAVETRGDYKRFDDTYVANGDGIYIPSGWTGTMPNGDVIKPGVSFLDIRSFYKKDPNWSKVQTFLDGGAEPQFRYHRFWAQTAVAGALADYARLFDDGTTTPDTTAPTVPTGLQAGVVTSTEATISWTASTDDTRVTGYDVYRGATKVGTATTTSFTDTGLTASTAYAYTVRAFDAAGNVSAPSAALTVTTKATPSDTTAPSVPAITSSSSTANSVTIGWSASTDNAGGSGLAGYDVYRGATRVAQTTALTFTDTGLTASTAYEYTVRARDVAGNVSAPSTAVSVTTKSDTTPDTTAPSVPAGLAAMTVTETSVALTWNASTDTGGSGLKGYDVYRGATRVGSTTTASYTDTGLTAATAYQYTVRATDNAGNVSAASAALSVTTKTPQTGGSCSVAYNASSWNSGFTASVRITNTGTTTINGWSLGFDLTAGQKVQQGWSATWTQSGSTVTATNAPWNGTLAPGQTVDVGFNGSHTGQNPNPASFTLNGASCT,Cellobiohydrolase,3.2.1.91,UniProt_Direct,,50.0,5.0,P50899
B2AC20,,,,cellulose,Podospora anserina (strain S / ATCC MYA-4624 / DSM 980 / FGSC 10383) (Pleurage anserina),,,,,,,,,,,,,MGESFLLLQPASPALSPTPSSLLLGPTITMRADVLIAALATGALVAAVPTSPKKPTPPKGDVSNPFVGKTQFVNPEWSNKLTQTYKSFLKKGDVKNAFRTLQAQKVSTFVWVSRLSELSRIDEAIATARRVQKTTGKKQIVGLVLYNLPDRDCSAGESAGELLSGENGFERYKEEFVKPYAQKVAAAKDLEFAIVLEPDSLGNLVTNLNIPLCAGAVDTYRDGIAHAITQLQQDHVHLYIDAAHGGWLGWNDNLPLAADEFAEVLKRADEASGKKNKIRGFATNVSNYNPLHAVVRENYTEWSNSWDESHYASSLAPHLEERGLPAHFIVDQGRVANPGARKEWGEWCNVAPSGFGPAPSTNTNNTVVDAIVWIKPGGESDGECGYFNAPRAGHWHDEFAQQLVQNAHPSVYENWWKFW,Cellobiohydrolase,3.2.1.91,UniProt_Direct,,50.0,5.0,B2AC20
P50401,,,,cellulose,Cellulomonas fimi (strain ATCC 484 / DSM 20113 / JCM 1341 / CCUG 24087 / LMG 16345 / NBRC 15513 / NCIMB 8980 / NCTC 7547 / NRS-133),,,,,,,,,,,,,MSTLGKRAGVRRRVRAVATAATATALVAVPLTTLATSASAAPVHVDNPYAGAVQYVNPTWAASVNAAAGRQSADPALAAKMRTVAGQPTAVWMDRISAITGNADGNGLKFHLDNAVAQQKAAGVPLVFNLVIYDLPGRDCFALASNGELPATDAGLARYKSEYIDPIADLLDNPEYESIRIAATIEPDSLPNLTTNISEPACQQAAPYYRQGVKYALDKLHAIPNVYNYIDIGHSGWLGWDSNAGPSATLFAEVAKSTTAGFASIDGFVSDVANTTPLEEPLLSDSSLTINNTPIRSSKFYEWNFDFDEIDYTAHMHRLLVAAGFPSSIGMLVDTSRNGWGGPNRPTSITASTDVNAYVDANRVDRRVHRGAWCNPLGAGIGRFPEATPSGYAASHLDAFVWIKPPGESDGASTDIPNDQGKRFDRMCDPTFVSPKLNNQLTGATPNAPLAGQWFEEQFVTLVKNAYPVIGGTTPVEDLVAPTVPTGLTAGTTTATSVPLSWTASTDNVAVTGYDVYRGTTLVGTTAATSYTVTGLTPATAYSFTVRAKDAAGNVSAASAAAAATTQSGTVTDTTAPSVPAGLTAGTTTTTTVPLSWTASTDNAGGSGVAGYEVLRGTTVVGTTTATSYTVTGLTAGTTYSFSVRAKDVAGNTSAASAAVSATTQTGTVVDTTAPSVPTGLTAGTTTTSSVPLTWTASTDNAGGSGVAGYEVFNGTTRVATVTSTSYTVTGLAADTAYSFTVKAKDVAGNVSAASAAVSARTQAATSGGCTVKYSASSWNTGFTGTVEVKNNGTAALNGWTLGFSFADGQKVSQGWSAEWSQSGTAVTAKNAPWNGTLAAGSSVSIGFNGTHNGTNTAPTAFTLNGVACTLG,Cellobiohydrolase,3.2.1.91,UniProt_Direct,,50.0,5.0,P50401
Q5B2Q4,,,,cellulose,Emericella nidulans (strain FGSC A4 / ATCC 38163 / CBS 112.46 / NRRL 194 / M139) (Aspergillus nidulans),,,,,,,,,,,,,MYQRALLFSALLSVSRAQQAGTAQEEVHPSLTWQRCEASGSCTEVAGSVVLDSNWRWTHSVDGYTNCYTGNEWDATLCPDNESCAQNCAVDGADYEATYGITSNGDSLTLKFVTGSNVGSRVYLMEDDETYQMFDLLNNEFTFDVDVSNLPCGLNGALYFTSMDADGGLSKYEGNTAGAKYGTGYCDSQCPRDIKFINGLGNVEGWEPSDSDANAGVGGMGTCCPEMDIWEANSISTAYTPHPCDSVEQTMCEGDSCGGTYSDDRYGGTCDPDGCDFNSYRMGNTSFYGPGAIIDTSSKFTVVTQFIADGGSLSEIKRFYVQNGEVIPNSESNISGVEGNSITSEFCTAQKTAFGDEDIFAQHGGLSAMGDAASAMVLILSIWDDHHSSMMWLDSSYPTDADPSQPGVARGTCEQGAGDPDVVESEHADASVTFSNIKFGPIGSTF,Cellobiohydrolase,3.2.1.91,UniProt_Direct,,50.0,5.0,Q5B2Q4
Q8NK02,,,,cellulose,Emericella nidulans (strain FGSC A4 / ATCC 38163 / CBS 112.46 / NRRL 194 / M139) (Aspergillus nidulans),,,,,,,,,,,,,MASSFQLYKALLFFSSLLSAVQAQKVGTQQAEVHPGLTWQTCTSSGSCTTVNGEVTIDANWRWLHTVNGYTNCYTGNEWDTSICTSNEVCAEQCAVDGANYASTYGITTSGSSLRLNFVTQSQQKNIGSRVYLMDDEDTYTMFYLLNKEFTFDVDVSELPCGLNGAVYFVSMDADGGKSRYATNEAGAKYGTGYCDSQCPRDLKFINGVANVEGWESSDTNPNGGVGNHGSCCAEMDIWEANSISTAFTPHPCDTPGQTLCTGDSCGGTYSNDRYGGTCDPDGCDFNSYRQGNKTFYGPGLTVDTNSPVTVVTQFLTDDNTDTGTLSEIKRFYVQNGVVIPNSESTYPANPGNSITTEFCESQKELFGDVDVFSAHGGMAGMGAALEQGMVLVLSLWDDNYSNMLWLDSNYPTDADPTQPGIARGTCPTDSGVPSEVEAQYPNAYVVYSNIKFGPIGSTFGNGGGSGPTTTVTTSTATSTTSSATSTATGQAQHWEQCGGNGWTGPTVCASPWACTVVNSWYSQCL,Cellobiohydrolase,3.2.1.91,UniProt_Direct,,50.0,5.0,Q8NK02
A1CU44,,,,cellulose,Aspergillus clavatus (strain ATCC 1007 / CBS 513.65 / DSM 816 / NCTC 3887 / NRRL 1 / QM 1276 / 107),,,,,,,,,,,,,MLPSTISYRIYKNALFFAALFGAVQAQKVGTSKAEVHPSMAWQTCAADGTCTTKNGKVVIDANWRWVHDVKGYTNCYTGNTWNAELCPDNESCAENCALEGADYAATYGATTSGNALSLKFVTQSQQKNIGSRLYMMKDDNTYETFKLLNQEFTFDVDVSNLPCGLNGALYFVSMDADGGLSRYTGNEAGAKYGTGYCDSQCPRDLKFINGLANVEGWTPSSSDANAGNGGHGSCCAEMDIWEANSISTAYTPHPCDTPGQAMCNGDSCGGTYSSDRYGGTCDPDGCDFNSYRQGNKSFYGPGMTVDTKKKMTVVTQFLTNDGTATGTLSEIKRFYVQDGKVIANSESTWPNLGGNSLTNDFCKAQKTVFGDMDTFSKHGGMEGMGAALAEGMVLVMSLWDDHNSNMLWLDSNSPTTGTSTTPGVARGSCDISSGDPKDLEANHPDASVVYSNIKVGPIGSTFNSGGSNPGGSTTTTKPATSTTTTKATTTATTNTTGPTGTGVAQPWAQCGGIGYSGPTQCAAPYTCTKQNDYYSQCL,Cellobiohydrolase,3.2.1.91,UniProt_Direct,,50.0,5.0,A1CU44
A1DNL0,,,,cellulose,Neosartorya fischeri (strain ATCC 1020 / DSM 3700 / CBS 544.65 / FGSC A1164 / JCM 1740 / NRRL 181 / WB 181) (Aspergillus fischerianus),,,,,,,,,,,,,MLASTFSYRMYKTALILAALLGSGQAQQVGTSQAEVHPSMTWQSCTAGGSCTTNNGKVVIDANWRWVHKVGDYTNCYTGNTWDKTLCPDDATCASNCALEGANYQSTYGATTSGDSLRLNFVTTSQQKNIGSRLYMMKDDTTYEMFKLLNQEFTFDVDVSNLPCGLNGALYFVAMDADGGMSKYPTNKAGAKYGTGYCDSQCPRDLKFINGQANVEGWQPSSNDANAGTGNHGSCCAEMDIWEANSISTAFTPHPCDTPGQVMCTGDACGGTYSSDRYGGTCDPDGCDFNSFRQGNKTFYGPGMTVDTKSKFTVVTQFITDDGTASGTLKEIKRFYVQNGKVIPNSESTWSGVGGNSITNDYCTAQKSLFKDQNVFAKHGGMEGMGAALAQGMVLVMSLWDDHAANMLWLDSNYPTTASSSTPGVARGTCDISSGVPADVEANHPDASVVYSNIKVGPIGSTFNSGGSNPGGGTTTTAKPTTTTTTAGSPGGTGVAQHYGQCGGNGWQGPTTCASPYTCQKLNDFYSQCL,Cellobiohydrolase,3.2.1.91,UniProt_Direct,,50.0,5.0,A1DNL0
P15828,,,,cellulose,Humicola insolens (Soft-rot fungus),,,,,,,,,,,,,MRTAKFATLAALVASAAAQQACSLTTERHPSLSWNKCTAGGQCQTVQASITLDSNWRWTHQVSGSTNCYTGNKWDTSICTDAKSCAQNCCVDGADYTSTYGITTNGDSLSLKFVTKGQHSTNVGSRTYLMDGEDKYQTFELLGNEFTFDVDVSNIGCGLNGALYFVSMDADGGLSRYPGNKAGAKYGTGYCDAQCPRDIKFINGEANIEGWTGSTNDPNAGAGRYGTCCSEMDIWEANNMATAFTPHPCTIIGQSRCEGDSCGGTYSNERYAGVCDPDGCDFNSYRQGNKTFYGKGMTVDTTKKITVVTQFLKDANGDLGEIKRFYVQDGKIIPNSESTIPGVEGNSITQDWCDRQKVAFGDIDDFNRKGGMKQMGKALAGPMVLVMSIWDDHASNMLWLDSTFPVDAAGKPGAERGACPTTSGVPAEVEAEAPNSNVVFSNIRFGPIGSTVAGLPGAGNGGNNGGNPPPPTTTTSSAPATTTTASAGPKAGRWQQCGGIGFTGPTQCEEPYICTKLNDWYSQCL,Cellobiohydrolase,3.2.1.91,UniProt_Direct,,50.0,5.0,P15828
P19355,,,,cellulose,Hypocrea rufa (Trichoderma viride),,,,,,,,,,,,,MYQKLALISAFLATARAQSACTLQAETHPPLTWQKCSSGGTCTQQTGSVVIDANWRWTHATNSSTNCYDGNTWSSTLCPDNETCAKNCCLDGAAYASTYGVTTSADSLSIGFVTQSAQKNVGARLYLMASDTTYQEFTLLGNEFSFDVDVSQLPCGLNGALYFVSMDADGGVSKYPTNTAGAKYGTGYCDSQCPRDLKFINGQANVEGWEPSSNNANTGIGGHGSCCSEMDIWEANSISEALTPHPCTTVGQEICDGDSCGGTYSGDRYGGTCDPDGCDWNPYRLGNTSFYGPGSSFTLDTTKKLTVVTQFETSGAINRYYVQNGVTFQQPNAELGDYSGNSLDDDYCAAEEAEFGGSSFSDKGGLTQFKKATSGGMVLVMSLWDDYYANMLWLDSTYPTNETSSTPGAVRGSCSTSSGVPAQLESNSPNAKVVYSNIKFGPIGSTGNSSGGNPPGGNPPGTTTTRRPATSTGSSPGPTQTHYGQCGGIGYSGPTVCASGSTCQVLNPYYSQCL,Cellobiohydrolase,3.2.1.91,UniProt_Direct,,50.0,5.0,P19355
P49075,,,,cellulose,Agaricus bisporus (White button mushroom),,,,,,,,,,,,,MFKFAALLALASLVPGFVQAQSPVWGQCGGNGWTGPTTCASGSTCVKQNDFYSQCLPNNQAPPSTTTQPGTTPPATTTSGGTGPTSGAGNPYTGKTVWLSPFYADEVAQAAADISNPSLATKAASVAKIPTFVWFDTVAKVPDLGGYLADARSKNQLVQIVVYDLPDRDCAALASNGEFSLANDGLNKYKNYVDQIAAQIKQFPDVSVVAVIEPDSLANLVTNLNVQKCANAQSAYKEGVIYAVQKLNAVGVTMYIDAGHAGWLGWPANLSPAAQLFAQIYRDAGSPRNLRGIATNVANFNALRASSPDPITQGNSNYDEIHYIEALAPMLSNAGFPAHFIVDQGRSGVQNIRDQWGDWCNVKGAGFGQRPTTNTGSSLIDAIVWVKPGGECDGTSDNSSPRFDSHCSLSDAHQPAPEAGTWFQAYFETLVANANPAL,Cellobiohydrolase,3.2.1.91,UniProt_Direct,,50.0,5.0,P49075
P62695,,,,cellulose,Trichoderma koningii (Hypocrea koningii),,,,,,,,,,,,,MYRKLAVISAFLATARAQSACTLQSETHPPLTWQKCSSGGTCTQQTGSVVIDANWRWTHATNSSTNCYDGNTWSSTLCPDNETCAKNCCLDGAAYASTYGVTTSGNSLSIGFVTQSAQKNVGARLYLMASDTTYQEFTLLGNEFSFDVDVSQLPCGLNGALYFVSMDADGGVSKYPTNTAGAKYGTGYCDSQCPRDLKFINGQANVEGWEPSSNNANTGIGGHGSCCSEMDIWEANSISEALTPHPCTTVGQEICEGDGCGGTYSDNRYGGTCDPDGCDWNPYRLGNTSFYGPGSSFTLDTTKKLTVVTQFETSGAINRYYVQNGVTFQQPNAELGSYSGNELNDDYCTAEEAEFGGSSFSDKGGLTQFKKATSGGMVLVMSLWDDYYANMLWLDSTYPTNETSSTPGAVRGSCSTSSGVPAQVESQSPNAKVTFSNIKFGPIGSTGNPSGGNPPGGNRGTTTTRRPATTTGSSPGPTQSHYGQCGGIGYSGPTVCASGTTCQVLNPYYSQCL,Cellobiohydrolase,3.2.1.91,UniProt_Direct,,50.0,5.0,P62695
Q4WM08,,,,cellulose,Aspergillus fumigatus (strain ATCC MYA-4609 / CBS 101355 / FGSC A1100 / Af293) (Neosartorya fumigata),,,,,,,,,,,,,MLASTFSYRMYKTALILAALLGSGQAQQVGTSQAEVHPSMTWQSCTAGGSCTTNNGKVVIDANWRWVHKVGDYTNCYTGNTWDTTICPDDATCASNCALEGANYESTYGVTASGNSLRLNFVTTSQQKNIGSRLYMMKDDSTYEMFKLLNQEFTFDVDVSNLPCGLNGALYFVAMDADGGMSKYPTNKAGAKYGTGYCDSQCPRDLKFINGQANVEGWQPSSNDANAGTGNHGSCCAEMDIWEANSISTAFTPHPCDTPGQVMCTGDACGGTYSSDRYGGTCDPDGCDFNSFRQGNKTFYGPGMTVDTKSKFTVVTQFITDDGTSSGTLKEIKRFYVQNGKVIPNSESTWTGVSGNSITTEYCTAQKSLFQDQNVFEKHGGLEGMGAALAQGMVLVMSLWDDHSANMLWLDSNYPTTASSTTPGVARGTCDISSGVPADVEANHPDAYVVYSNIKVGPIGSTFNSGGSNPGGGTTTTTTTQPTTTTTTAGNPGGTGVAQHYGQCGGIGWTGPTTCASPYTCQKLNDYYSQCL,Cellobiohydrolase,3.2.1.91,UniProt_Direct,,50.0,5.0,Q4WM08
P0C2S1,,,,cellulose,Acetivibrio thermocellus (Hungateiclostridium thermocellum) (Clostridium thermocellum),,,,,,,,,,,,,MNFRRMLCAAIVLTIVLSIMLPSTVFALEDKSSKLPDYKNDLLYERTFDEGLCFPWHTCEDSGGKCDFAVVDVPGEPGNKAFRLTVIDKGQNKWSVQMRHRGITLEQGHTYTVRFTIWSDKSCRVYAKIGQMGEPYTEYWNNNWNPFNLTPGQKLTVEQNFTMNYPTDDTCEFTFHLGGELAAGTPYYVYLDDVSLYDPRFVKPVEYVLPQPDVRVNQVGYLPFAKKYATVVSSSTSPLKWQLLNSANQVVLEGNTIPKGLDKDSQDYVHWIDFSNFKTEGKGYYFKLPTVNSDTNYSHPFDISADIYSKMKFDALAFFYHKRSGIPIEMPYAGGEQWTRPAGHIGIEPNKGDTNVPTWPQDDEYAGRPQKYYTKDVTGGWYDAGDHGKYVVNGGIAVWTLMNMYERAKIRGIANQGAYKDGGMNIPERNNGYPDILDEARWEIEFFKKMQVTEKEDPSIAGMVHHKIHDFRWTALGMLPHEDPQPRYLRPVSTAATLNFAATLAQSARLWKDYDPTFAADCLEKAEIAWQAALKHPDIYAEYTPGSGGPGGGPYNDDYVGDEFYWAACELYVTTGKDEYKNYLMNSPHYLEMPAKMGENGGANGEDNGLWGCFTWGTTQGLGTITLALVENGLPATDIQKARNNIAKAADRWLENIEEQGYRLPIKQAEDERGGYPWGSNSFILNQMIVMGYAYDFTGNSKYLDGMQDGMSYLLGRNGLDQSYVTGYGERPLQNPHDRFWTPQTSKKFPAPPPGIIAGGPNSRFEDPTITAAVKKDTPPQKCYIDHTDSWSTNEITVNWNAPFAWVTAYLDEIDLITPPGGVDPEEPEVIYGDCNGDGKVNSTDAVALKRYILRSGISINTDNADVNADGRVNSTDLAILKRYILKEIDVLPHK,Cellobiohydrolase,3.2.1.91,UniProt_Direct,,50.0,5.0,P0C2S1
P0C2S5,,,,cellulose,Acetivibrio thermocellus (Hungateiclostridium thermocellum) (Clostridium thermocellum),,,,,,,,,,,,,MVKSRKISILLAVAMLVSIMIPTTAFAGPTKAPTKDGTSYKDLFLELYGKIKDPKNGYFSPDEGIPYHSIETLIVEAPDYGHVTTSEAFSYYVWLEAMYGNLTGNWSGVETAWKVMEDWIIPDSTEQPGMSSYNPNSPATYADEYEDPSYYPSELKFDTVRVGSDPVHNDLVSAYGPNMYLMHWLMDVDNWYGFGTGTRATFINTFQRGEQESTWETIPHPSIEEFKYGGPNGFLDLFTKDRSYAKQWRYTNAPDAEGRAIQAVYWANKWAKEQGKGSAVASVVSKAAKMGDFLRNDMFDKYFMKIGAQDKTPATGYDSAHYLMAWYTAWGGGIGASWAWKIGCSHAHFGYQNPFQGWVSATQSDFAPKSSNGKRDWTTSYKRQLEFYQWLQSAEGGIAGGATNSWNGRYEKYPAGTSTFYGMAYVPHPVYADPGSNQWFGFQAWSMQRVMEYYLETGDSSVKNLIKKWVDWVMSEIKLYDDGTFAIPSDLEWSGQPDTWTGTYTGNPNLHVRVTSYGTDLGVAGSLANALATYAAATERWEGKLDTKARDMAAELVNRAWYNFYCSEGKGVVTEEARADYKRFFEQEVYVPAGWSGTMPNGDKIQPGIKFIDIRTKYRQDPYYDIVYQAYLRGEAPVLNYHRFWHEVDLAVAMGVLATYFPDMTYKVPGTPSTKLYGDVNDDGKVNSTDAVALKRYVLRSGISINTDNADLNEDGRVNSTDLGILKRYILKEIDTLPYKN,Cellobiohydrolase,3.2.1.176,UniProt_Direct,,50.0,5.0,P0C2S5
A3DH67,,,,cellulose,Acetivibrio thermocellus (strain ATCC 27405 / DSM 1237 / JCM 9322 / NBRC 103400 / NCIMB 10682 / NRRL B-4536 / VPI 7372) (Clostridium thermocellum),,,,,,,,,,,,,MVKSRKISILLAVAMLVSIMIPTTAFAGPTKAPTKDGTSYKDLFLELYGKIKDPKNGYFSPDEGIPYHSIETLIVEAPDYGHVTTSEAFSYYVWLEAMYGNLTGNWSGVETAWKVMEDWIIPDSTEQPGMSSYNPNSPATYADEYEDPSYYPSELKFDTVRVGSDPVHNDLVSAYGPNMYLMHWLMDVDNWYGFGTGTRATFINTFQRGEQESTWETIPHPSIEEFKYGGPNGFLDLFTKDRSYAKQWRYTNAPDAEGRAIQAVYWANKWAKEQGKGSAVASVVSKAAKMGDFLRNDMFDKYFMKIGAQDKTPATGYDSAHYLMAWYTAWGGGIGASWAWKIGCSHAHFGYQNPFQGWVSATQSDFAPKSSNGKRDWTTSYKRQLEFYQWLQSAEGGIAGGATNSWNGRYEKYPAGTSTFYGMAYVPHPVYADPGSNQWFGFQAWSMQRVMEYYLETGDSSVKNLIKKWVDWVMSEIKLYDDGTFAIPSDLEWSGQPDTWTGTYTGNPNLHVRVTSYGTDLGVAGSLANALATYAAATERWEGKLDTKARDMAAELVNRAWYNFYCSEGKGVVTEEARADYKRFFEQEVYVPAGWSGTMPNGDKIQPGIKFIDIRTKYRQDPYYDIVYQAYLRGEAPVLNYHRFWHEVDLAVAMGVLATYFPDMTYKVPGTPSTKLYGDVNDDGKVNSTDAVALKRYVLRSGISINTDNADLNEDGRVNSTDLGILKRYILKEIDTLPYKN,Cellobiohydrolase,3.2.1.176,UniProt_Direct,,50.0,5.0,A3DH67
